text,amount,category,payment_method,location,notes
"pizza delivery pe 13580 ka bill tha, cash se pay kia",13580,food,cash,,
online clothing store bill se 30444 ka saman lia upi se pay kia,30444,shopping,upi,,
"pizza delivery pe 15700 ka bill tha, upi se pay kya",15700,food,upi,,
Hotel booking INR 12291,12291,travel,cash,,
null,NULL,shopping_err,bitcoin,,
Ola cab INR 11918,11918,travel,cash,,
Concert ticket INR 14975,14975,entertainment,card,,
train ticket irctc ka kiraya 33695 rupay diye upi se,33695,travel,upi,,
NaN,99999999,misc,paypal,,
Car loan EMI INR 38908,38908,emi,cash,,
College fees payment INR 40804,40804,education,card,,
5257 rs. ka home loan emi installment upi se diy,5257,emi,upi,,
netflix subscription dekha 32583 rupaiye lagaa upi se diyee,32583,entertainment,upi,,
Car loan EMI INR 38420,38420,emi,upi,,
Doctor consultation INR 23984,23984,healthcare,cash,,
22046 rupaiye ka order diy electronics shopping pe card se,22046,shopping,card,,
online clothing store bill se 35591 ka saman lia cash se pay kiya,35591,shopping,cash,,
College fees payment INR 22947,22947,education,cash,,
Uber ride INR 6702,6702,travel,cash,,
46084 rupaiye ka personal loan installment installment upi se diy,46084,emi,upi,,
netflix subscription ka subscription 5487 rupye cash se renew kiyaa,5487,entertainment,cash,,
mobile recharge ka bill 31776 rupay upi se bharaa,31776,utilities,upi,,
train ticket irctc ki ticket 13296 rupye me book kya upi se,13296,travel,upi,,
water bill recharge kiyaa 30372 rupay upi se,30372,utilities,upi,,
PPF contribution INR 24954,24954,investment,cash,,
uber ride ki ticket 10666 rs. me book kiya upi se,10666,travel,upi,,
Netflix subscription INR 27752,27752,entertainment,cash,,
Mutual fund SIP INR 32642,32642,investment,upi,,
1586 rupay ka order diy online shopping payment pe upi se,1586,shopping,upi,,
pharmacy medicine purchase me 12468 rs kharchaa hua cash se diyee,12468,healthcare,cash,,
aaj electricity bill payment ka 19204 rs. ka bill card se bharaa,19204,utilities,card,,
Water bill INR 46401,46401,utilities,upi,,
Personal loan installment INR 35959,35959,emi,cash,,
doctor ke yahan 17888 rupye lagaa cash se diye,17888,healthcare,cash,,
"lunch at hotel pe 784 ka bill tha, cash se pay kiya",784,food,cash,,
Flight ticket booking INR 46574,46574,travel,upi,,
1590 rupaiye lagaa ola cab me upi se diye,1590,travel,upi,,
Stock purchase INR 35192,35192,investment,cash,,
Netflix subscription INR 46218,46218,entertainment,card,,
aaj cafe coffee se khana order kya 19481 rupay cash se diy,19481,food,cash,,
restaurant bill ka khana 36124 rupay me aaya card se diyee,36124,food,card,,
Mobile recharge INR 35323,35323,utilities,cash,,
concert ticket ka ticket 11018 rs. me liyaa cash se,11018,entertainment,cash,,
10247 rupaiye ka mobile recharge bill pay kia upi se,10247,utilities,upi,,
concert ticket dekha 7643 rupaiye lagaa upi se diy,7643,entertainment,upi,,
6097 rupaye lagaa ola cab me upi se die,6097,travel,upi,,
mobile recharge recharge kia 36285 rs cash se,36285,utilities,cash,,
stock purchase me 9736 rupaiye invest kya upi se,9736,investment,upi,,
31995 rs. ka hospital bill bill aaya upi se pay kia,31995,healthcare,upi,,
Online shopping payment INR 34527,34527,shopping,upi,,
ppf contribution ka SIP 32195 rupye cash se bharaa,32195,investment,cash,,
38744 rupye ka credit card emi installment cash se diyee,38744,emi,cash,,
Personal loan installment INR 48892,48892,emi,card,,
Zomato dinner INR 9587,9587,food,card,,
stock purchase ka SIP 20642 rupay upi se bhra,20642,investment,upi,,
Stock purchase INR 49841,49841,investment,upi,,
3558 rupaiye ka home loan emi installment upi se diye,3558,emi,upi,,
507 rupaye crypto investment me daale card se,507,investment,card,,
49627 rs. ka mobile recharge bill pay kiyaa upi se,49627,utilities,upi,,
Flight ticket booking INR 39555,39555,travel,card,,
Bike loan EMI INR 44302,44302,emi,cash,,
Stock purchase INR 1506,1506,investment,upi,,
aaj uber ride lya 10465 rupye card se pay kiya,10465,travel,card,,
Home loan EMI INR 41371,41371,emi,cash,,
mutual fund sip ka SIP 19084 rs card se bharaa,19084,investment,card,,
just random text 123,"1,000",unknown,unknown,NULL,EDA test row
Food court payment INR 3878,3878,food,card,,
stock purchase ka SIP 38240 rupaiye upi se bharra,38240,investment,upi,,
Personal loan installment INR 47268,47268,emi,cash,,
water bill ka bill 37144 rupye cash se bhara,37144,utilities,cash,,
Library fee INR 21166,21166,education,cash,,
Clothing store bill INR 36505,36505,shopping,upi,,
Online course subscription INR 46137,46137,education,card,,
Medical test charges INR 20572,20572,healthcare,upi,,
Concert ticket INR 3974,3974,entertainment,cash,,
8532 rupaiye lagaa hotel booking me card se diy,8532,travel,card,,
train ticket irctc ki ticket 9510 rupye me book kya cash se,9510,travel,cash,,
Pharmacy medicine purchase INR 43632,43632,healthcare,card,,
electronics shopping pe shopping kiya 17441 rupye kharchaa card se,17441,shopping,card,,
Concert ticket INR 27551,27551,entertainment,cash,,
Credit card EMI INR 39175,39175,emi,upi,,
Car loan EMI INR 35906,35906,emi,card,,
22328 rupaiye ka personal loan installment installment upi se diye,22328,emi,upi,,
Pizza delivery INR 35963,35963,food,upi,,
Online course subscription INR 39601,39601,education,card,,
fixed deposit investment ka SIP 43713 rs. upi se bharaa,43713,investment,upi,,
College fees payment INR 21209,21209,education,card,,
flight ticket booking ki ticket 11610 rupaiye me book kya cash se,11610,travel,cash,,
Doctor consultation INR 17962,17962,healthcare,cash,,
uber ride ka kiraya 2094 rupay diy upi se,2094,travel,upi,,
33976 rupaiye fixed deposit investment me daale cash se,33976,investment,cash,,
Uber ride INR 49540,49540,travel,card,,
internet recharge recharge kiya 1395 rs upi se,1395,utilities,upi,,
aaj ppf contribution me 39729 rupay lagaye cash se,39729,investment,cash,,
padhai ke liye online course subscription pe 44130 rupye karcha kiyaa cash se,44130,education,cash,,
flight ticket booking ki ticket 49865 rs me book kya upi se,49865,travel,upi,,
Personal loan installment INR 40228,40228,emi,upi,,
Online course subscription INR 8719,8719,education,card,,
hotel booking ka kiraya 32224 rs. diye upi se,32224,travel,upi,,
null,-5000,blabla,123,Mumbai,
loan ka bike loan emi 5913 rupaiye card se pay kiya,5913,emi,card,,
Exam fee INR 7111,7111,education,card,,
Ola cab INR 16749,16749,travel,cash,,
padhai ke liye online course subscription pe 19262 rupay kharch kia card se,19262,education,card,,
aaj ola cab lia 16749 rs. cash se pay kia,16749,travel,cash,,
College fees payment INR 21924,21924,education,cash,,
!@#$%^&*(),NaN,blabla,ccard,,
Hotel booking INR 45855,45855,travel,cash,,
ppf contribution me 18507 rupaiye invest kia upi se,18507,investment,upi,,
41777 rs mutual fund sip me daale upi se,41777,investment,upi,,
"zomato dinner pe 28593 ka bill tha, card se pay kiya",28593,food,card,,
654 rupaiye kharch kiyaa lunch at hotel pe card se,654,food,card,,
Stock purchase INR 21427,21427,investment,card,,
Internet recharge INR 25658,25658,utilities,card,,
credit card emi ki EMI 32447 rupaye card se bhara,32447,emi,card,,
mutual fund sip ka SIP 33113 rupaiye card se bhara,33113,investment,card,,
Water bill INR 10058,10058,utilities,card,,
bike loan emi EMI 21129 rs kat gaye card se,21129,emi,card,,
online course subscription ka course 45528 rupaye me liyaa cash se pay kia,45528,education,cash,,
Hospital bill INR 45616,45616,healthcare,card,,
48731 rupay ka hospital bill bill aaya upi se pay kia,48731,healthcare,upi,,
aaj crypto investment me 41878 rupye lagaye upi se,41878,investment,upi,,
test transaction do not process,-5000,error,bitcoin,Delhi,EDA test row
3411 rupaye die library fee ke liye cash se,3411,education,cash,,
crypto investment me 1610 rupye invest kiya upi se,1610,investment,upi,,
online shopping payment se 45940 rs ka shopping kiya upi se,45940,shopping,upi,,
drop table users;,NaN,misc,csh,,
mutual fund sip ka SIP 49755 rupaye upi se bharaa,49755,investment,upi,,
aaj ola cab lya 18152 rs card se pay kiyaa,18152,travel,card,,
5669 rs. lagaa uber ride me card se die,5669,travel,card,,
pizza delivery ka khana 24464 rs. me aaya upi se diy,24464,food,upi,,
pharmacy medicine purchase pe 29515 rupye khrcha hui davai pe upi se,29515,healthcare,upi,,
Stock purchase INR 1554,1554,investment,card,,
6159 rs. ka order diyee electronics shopping pe cash se,6159,shopping,cash,,
8762 rs. ka order diy amazon purchase pe cash se,8762,shopping,cash,,
PPF contribution INR 43294,43294,investment,upi,,
Car loan EMI INR 6157,6157,emi,card,,
Restaurant bill INR 11308,11308,food,cash,,
46218 rupay karcha kia netflix subscription pe card se,46218,entertainment,card,,
concert ticket dekha 48592 rs lga upi se diyee,48592,entertainment,upi,,
aaj hotel booking lya 8043 rs card se pay kia,8043,travel,card,,
pizza delivery me 12825 rupaiye ka khana khaaya upi se,12825,food,upi,,
41776 rs. ka order diyee clothing store bill pe card se,41776,shopping,card,,
Bus ticket INR 39238,39238,travel,card,,
Exam fee INR 34963,34963,education,upi,,
doctor ke yahan 724 rupaye laga upi se diye,724,healthcare,upi,,
car loan emi ki EMI 35906 rs card se bhara,35906,emi,card,,
Zomato dinner INR 49760,49760,food,card,,
,five hundred,,123,,
Internet recharge INR 16152,16152,utilities,upi,,
game purchase ka subscription 10121 rs upi se renew kia,10121,entertainment,upi,,
Library fee INR 35740,35740,education,cash,,
Bike loan EMI INR 28134,28134,emi,cash,,
aaj mobile recharge ka 24747 rupay ka bill card se bhra,24747,utilities,card,,
mobile recharge recharge kiya 21746 rupaiye card se,21746,utilities,card,,
pharmacy medicine purchase pe 11325 rupaiye kharch hui davai pe card se,11325,healthcare,card,,
stock purchase ka SIP 37299 rupay cash se bhra,37299,investment,cash,,
personal loan installment ki EMI 33184 rupye cash se bhra,33184,emi,cash,,
amazon purchase se 40704 rs. ka shopping kya upi se,40704,shopping,upi,,
mutual fund sip ka SIP 25033 rupay card se bhara,25033,investment,card,,
train ticket irctc ki ticket 49758 rs. me book kia cash se,49758,travel,cash,,
Personal loan installment INR 22156,22156,emi,upi,,
Bike loan EMI INR 9805,9805,emi,cash,,
37279 rs. ka order diy amazon purchase pe cash se,37279,shopping,cash,,
personal loan installment ki EMI 24322 rupaye upi se bharaa,24322,emi,upi,,
personal loan installment EMI 12499 rupaye kat gaye upi se,12499,emi,upi,,
mobile recharge ka bill 27870 rs card se bharaa,27870,utilities,card,,
14382 rupaiye kharchaa kiya food court payment pe upi se,14382,food,upi,,
doctor ke yahan 23103 rupaiye lga cash se diy,23103,healthcare,cash,,
29440 rs karcha kya food court payment pe cash se,29440,food,cash,,
electronics shopping pe shopping kia 13334 rupye karcha upi se,13334,shopping,upi,,
personal loan installment EMI 41367 rupaiye kat gaye upi se,41367,emi,upi,,
library fee ka course 33733 rupay me liya upi se pay kya,33733,education,upi,,
34623 rs ka order diyee amazon purchase pe cash se,34623,shopping,cash,,
aaj cafe coffee se khana order kya 44981 rupaye upi se diy,44981,food,upi,,
aaj pizza delivery se khana order kiya 32250 rupay cash se diy,32250,food,cash,,
flipkart order pe shopping kiyaa 34162 rs. kharch card se,34162,shopping,card,,
cafe coffee me 28393 rupye ka khana khaya upi se,28393,food,upi,,
online flipkart order se 23890 ka saman lya card se pay kiya,23890,shopping,card,,
aaj mobile recharge ka 17970 rupaiye ka bill cash se bharaa,17970,utilities,cash,,
loan ka credit card emi 6411 rs card se pay kia,6411,emi,card,,
library fee ka course 11520 rupaiye me liyaa upi se pay kia,11520,education,upi,,
College fees payment INR 16165,16165,education,card,,
Exam fee INR 8008,8008,education,upi,,
Flipkart order INR 15439,15439,shopping,upi,,
concert ticket ka subscription 36577 rs card se renew kiya,36577,entertainment,card,,
aaj gas bill payment ka 40346 rs. ka bill card se bharra,40346,utilities,card,,
Exam fee INR 8970,8970,education,card,,
movie ticket booking ka ticket 6585 rs. me liya cash se,6585,entertainment,cash,,
Car loan EMI INR 21202,21202,emi,card,,
Online shopping payment INR 1407,1407,shopping,upi,,
credit card emi ki EMI 33964 rs. upi se bhra,33964,emi,upi,,
36387 rs. lagaa bus ticket me cash se diyee,36387,travel,cash,,
Library fee INR 25353,25353,education,cash,,
Fixed deposit investment INR 41591,41591,investment,upi,,
loan ka bike loan emi 38119 rupye cash se pay kya,38119,emi,cash,,
Library fee INR 43194,43194,education,upi,,
Personal loan installment INR 43212,43212,emi,upi,,
Personal loan installment INR 24086,24086,emi,cash,,
train ticket irctc ka kiraya 22609 rupaye diyee upi se,22609,travel,upi,,
Electronics shopping INR 45288,45288,shopping,card,,
Uber ride INR 10465,10465,travel,card,,
internet recharge recharge kiyaa 38381 rupay upi se,38381,utilities,upi,,
Water bill INR 31532,31532,utilities,cash,,
45055 rs lagaa bus ticket me card se diye,45055,travel,card,,
Messy outlier tx unknown,-5000,unknown,ccard,NaN,
pizza delivery ka khana 49494 rs. me aaya cash se diye,49494,food,cash,,
mobile recharge recharge kya 7893 rupye upi se,7893,utilities,upi,,
40005 rupaiye ka bike loan emi installment cash se diy,40005,emi,cash,,
aaj gas bill payment ka 229 rupaiye ka bill card se bharaa,229,utilities,card,,
"food court payment pe 29176 ka bill tha, card se pay kiya",29176,food,card,,
ppf contribution ka SIP 42510 rupaye card se bharra,42510,investment,card,,
Medical test charges INR 14034,14034,healthcare,cash,,
43497 rupaiye diye online course subscription ke liye cash se,43497,education,cash,,
game purchase ka subscription 24221 rs. upi se renew kiyaa,24221,entertainment,upi,,
PPF contribution INR 9988,9988,investment,upi,,
Stock purchase INR 31465,31465,investment,upi,,
13852 rupaye ka pharmacy medicine purchase bill aaya upi se pay kiyaa,13852,healthcare,upi,,
internet recharge ka bill 16963 rupaiye cash se bhra,16963,utilities,cash,,
padhai ke liye library fee pe 35740 rupye khrcha kiyaa cash se,35740,education,cash,,
Mutual fund SIP INR 12211,12211,investment,upi,,
Uber ride INR 2106,2106,travel,cash,,
Exam fee INR 45737,45737,education,cash,,
Exam fee INR 6918,6918,education,cash,,
14784 rupay lga flight ticket booking me cash se diye,14784,travel,cash,,
Lunch at hotel INR 784,784,food,cash,,
2828 rupaye ppf contribution me daale cash se,2828,investment,cash,,
stock purchase ka SIP 30481 rs card se bharra,30481,investment,card,,
Library fee INR 46201,46201,education,card,,
Movie ticket booking INR 26079,26079,entertainment,cash,,
Electricity bill payment INR 19204,19204,utilities,card,,
Stock purchase INR 20642,20642,investment,upi,,
Train ticket IRCTC INR 13296,13296,travel,upi,,
24687 rupaye ka medical test charges bill aaya upi se pay kiya,24687,healthcare,upi,,
Concert ticket INR 11018,11018,entertainment,cash,,
21209 rs. diye college fees payment ke liye card se,21209,education,card,,
Messy outlier tx UPIID123,99999999,error,paypal,,
doctor consultation pe 18823 rupay khrcha hui davai pe cash se,18823,healthcare,cash,,
loan ka credit card emi 37737 rs. cash se pay kya,37737,emi,cash,,
"pizza delivery pe 931 ka bill tha, card se pay kia",931,food,card,,
Car loan EMI INR 47417,47417,emi,cash,,
Mutual fund SIP INR 2934,2934,investment,card,,
concert ticket dekha 49645 rupye lgaa card se diyee,49645,entertainment,card,,
"zomato dinner pe 43277 ka bill tha, cash se pay kiyaa",43277,food,cash,,
Pizza delivery INR 36961,36961,food,card,,
Amazon purchase INR 24728,24728,shopping,upi,,
Fixed deposit investment INR 36205,36205,investment,card,,
online amazon purchase se 32457 ka saman lia upi se pay kiya,32457,shopping,upi,,
Messy outlier tx paypal,0,,UPIID123,,
49163 rs lagaa ola cab me upi se diy,49163,travel,upi,,
netflix subscription ka ticket 46218 rupay me lya card se,46218,entertainment,card,,
Credit card EMI INR 49756,49756,emi,card,,
Restaurant bill INR 42457,42457,food,cash,,
game purchase ka subscription 42388 rs card se renew kiyaa,42388,entertainment,card,,
aaj bus ticket liyaa 5976 rs card se pay kia,5976,travel,card,,
home loan emi ki EMI 30192 rupye card se bharra,30192,emi,card,,
Ola cab INR 49163,49163,travel,upi,,
hospital bill pe 39512 rupaiye karcha hui davai pe upi se,39512,healthcare,upi,,
aaj cafe coffee se khana order kiya 48843 rs card se diye,48843,food,card,,
PPF contribution INR 10474,10474,investment,upi,,
18708 rs kharcha kya concert ticket pe card se,18708,entertainment,card,,
Home loan EMI INR 45753,45753,emi,cash,,
Flipkart order INR 34162,34162,shopping,card,,
Fixed deposit investment INR 15181,15181,investment,cash,,
online online shopping payment se 21769 ka saman liya upi se pay kiya,21769,shopping,upi,,
ppf contribution ka SIP 36799 rupaye card se bhra,36799,investment,card,,
Internet recharge INR 49184,49184,utilities,upi,,
Pharmacy medicine purchase INR 32797,32797,healthcare,cash,,
Library fee INR 49393,49393,education,card,,
college fees payment ki fees 5290 rupye card se bharaa,5290,education,card,,
electricity bill payment ka bill 26745 rs. upi se bharra,26745,utilities,upi,,
online amazon purchase se 24728 ka saman liya upi se pay kya,24728,shopping,upi,,
concert ticket ka ticket 16317 rs me lia card se,16317,entertainment,card,,
6997 rs. karcha kya restaurant bill pe card se,6997,food,card,,
Netflix subscription INR 1557,1557,entertainment,card,,
aaj stock purchase me 21141 rupay lagaye cash se,21141,investment,cash,,
Messy outlier tx UPIID123,-100,unknown,paypal,NY,EDA test row
34701 rs kharch kia game purchase pe card se,34701,entertainment,card,,
Exam fee INR 9321,9321,education,upi,,
concert ticket dekha 27093 rupaiye lagaa cash se diy,27093,entertainment,cash,,
Gas bill payment INR 25017,25017,utilities,cash,,
Electronics shopping INR 43265,43265,shopping,upi,,
car loan emi ki EMI 3218 rupaye card se bhara,3218,emi,card,,
stock purchase ka SIP 9709 rupye cash se bharra,9709,investment,cash,,
online flipkart order se 38929 ka saman liyaa card se pay kiya,38929,shopping,card,,
Swiggy order INR 18737,18737,food,cash,,
Concert ticket INR 7643,7643,entertainment,upi,,
Electricity bill payment INR 47161,47161,utilities,cash,,
Restaurant bill INR 23907,23907,food,cash,,
ppf contribution ka SIP 32284 rupye upi se bhra,32284,investment,upi,,
!@#$%^&*(),"1,000",error,paypal,,EDA test row
pharmacy medicine purchase pe 43632 rupay kharchaa hui davai pe card se,43632,healthcare,card,,
electricity bill payment recharge kiya 11093 rupaye upi se,11093,utilities,upi,,
Bike loan EMI INR 9579,9579,emi,card,,
19845 rupaiye kharcha kya swiggy order pe upi se,19845,food,upi,,
Credit card EMI INR 1351,1351,emi,card,,
23984 rupay ka doctor consultation bill aaya cash se pay kiya,23984,healthcare,cash,,
Credit card EMI INR 8141,8141,emi,cash,,
electronics shopping pe shopping kiyaa 20593 rs kharch upi se,20593,shopping,upi,,
10856 rupay crypto investment me daale card se,10856,investment,card,,
online amazon purchase se 35995 ka saman liyaa card se pay kia,35995,shopping,card,,
aaj internet recharge ka 11450 rs. ka bill cash se bharra,11450,utilities,cash,,
"swiggy order pe 18737 ka bill tha, cash se pay kya",18737,food,cash,,
electronics shopping se 13334 rs. ka shopping kiyaa upi se,13334,shopping,upi,,
Messy outlier tx paypal,99999999,error,ccard,,
43627 rs. die exam fee ke liye card se,43627,education,card,,
41867 rupay khrcha kiyaa lunch at hotel pe card se,41867,food,card,,
Uber ride INR 17271,17271,travel,upi,,
hotel booking ki ticket 35701 rupay me book kia upi se,35701,travel,upi,,
Crypto investment INR 16586,16586,investment,upi,,
Cafe coffee INR 41213,41213,food,cash,,
Messy outlier tx UPIID123,"1,000",blabla,unknown,,
Ola cab INR 37530,37530,travel,card,,
Movie ticket booking INR 42054,42054,entertainment,cash,,
Amazon purchase INR 49922,49922,shopping,card,,
clothing store bill se 15291 rs. ka shopping kiya upi se,15291,shopping,upi,,
aaj mutual fund sip me 25033 rupay lagaye card se,25033,investment,card,,
Food court payment INR 3926,3926,food,cash,,
Hotel booking INR 24121,24121,travel,cash,,
16659 rupaye laga uber ride me card se diy,16659,travel,card,,
aaj bus ticket liya 39238 rupaye card se pay kiyaa,39238,travel,card,,
23688 rupay laga ola cab me cash se die,23688,travel,cash,,
20206 rupaiye ka car loan emi installment cash se die,20206,emi,cash,,
aaj mutual fund sip me 21494 rs. lagaye cash se,21494,investment,cash,,
9579 rupye ka bike loan emi installment card se diy,9579,emi,card,,
college fees payment ka course 21923 rs. me lya card se pay kiya,21923,education,card,,
medical test charges me 49075 rs. kharch hua cash se die,49075,healthcare,cash,,
online amazon purchase se 25052 ka saman liyaa upi se pay kiya,25052,shopping,upi,,
Pharmacy medicine purchase INR 29515,29515,healthcare,upi,,
Crypto investment INR 39986,39986,investment,upi,,
!@#$%^&*(),five hundred,unknown,ccard,NaN,EDA test row
NaN,99999999,blabla,csh,,EDA test row
Mutual fund SIP INR 39358,39358,investment,card,,
electricity bill payment ka bill 22344 rupaye cash se bhra,22344,utilities,cash,,
aaj uber ride liya 21449 rs. upi se pay kia,21449,travel,upi,,
Lunch at hotel INR 7034,7034,food,upi,,
hospital bill me 34847 rupye kharchaa hua cash se diyee,34847,healthcare,cash,,
Electronics shopping INR 27442,27442,shopping,upi,,
Flight ticket booking INR 24562,24562,travel,card,,
23014 rupaiye stock purchase me daale upi se,23014,investment,upi,,
swiggy order ka khana 18737 rs me aaya cash se diy,18737,food,cash,,
Netflix subscription INR 41242,41242,entertainment,cash,,
Car loan EMI INR 48569,48569,emi,upi,,
aaj restaurant bill se khana order kiya 30530 rupaiye upi se diye,30530,food,upi,,
internet recharge ka bill 20639 rs upi se bhara,20639,utilities,upi,,
doctor ke yahan 45663 rupaye lagaa card se die,45663,healthcare,card,,
Car loan EMI INR 48406,48406,emi,cash,,
Stock purchase INR 863,863,investment,upi,,
cafe coffee ka khana 12376 rupaye me aaya card se diye,12376,food,card,,
Electronics shopping INR 4429,4429,shopping,card,,
aaj ppf contribution me 38046 rupay lagaye upi se,38046,investment,upi,,
Restaurant bill INR 30530,30530,food,upi,,
Clothing store bill INR 35591,35591,shopping,cash,,
doctor ke yahan 45967 rs. lga upi se die,45967,healthcare,upi,,
credit card emi ki EMI 7170 rupaye card se bhara,7170,emi,card,,
35771 rs ka water bill bill pay kiyaa upi se,35771,utilities,upi,,
Crypto investment INR 29759,29759,investment,cash,,
Cafe coffee INR 43419,43419,food,upi,,
Food court payment INR 42951,42951,food,upi,,
7621 rupaiye ka gas bill payment bill pay kiyaa card se,7621,utilities,card,,
online course subscription ka course 42264 rs me lia cash se pay kiyaa,42264,education,cash,,
netflix subscription ka ticket 34435 rupaiye me lya upi se,34435,entertainment,upi,,
credit card emi ki EMI 2925 rs. cash se bhara,2925,emi,cash,,
doctor ke yahan 47123 rupay lagaa card se diyee,47123,healthcare,card,,
aaj pizza delivery se khana order kia 36961 rs. card se diyee,36961,food,card,,
Swiggy order INR 7352,7352,food,card,,
Pharmacy medicine purchase INR 11325,11325,healthcare,card,,
loan ka personal loan installment 46084 rupay upi se pay kiya,46084,emi,upi,,
ppf contribution me 197 rs invest kia card se,197,investment,card,,
"cafe coffee pe 31429 ka bill tha, cash se pay kya",31429,food,cash,,
aaj ppf contribution me 17397 rs lagaye card se,17397,investment,card,,
padhai ke liye library fee pe 23664 rupaiye karcha kya upi se,23664,education,upi,,
Personal loan installment INR 46084,46084,emi,upi,,
aaj uber ride liya 10826 rupaye upi se pay kia,10826,travel,upi,,
mobile recharge ka bill 47207 rupye card se bhra,47207,utilities,card,,
5487 rupay khrcha kia netflix subscription pe cash se,5487,entertainment,cash,,
25265 rs. karcha kia restaurant bill pe upi se,25265,food,upi,,
Clothing store bill INR 16543,16543,shopping,upi,,
Cafe coffee INR 11491,11491,food,upi,,
Bus ticket INR 43845,43845,travel,cash,,
aaj mutual fund sip me 12854 rs lagaye cash se,12854,investment,cash,,
concert ticket ka subscription 21214 rupye upi se renew kia,21214,entertainment,upi,,
clothing store bill pe shopping kiyaa 16543 rupye kharcha upi se,16543,shopping,upi,,
14692 rupaiye ka order diyee flipkart order pe cash se,14692,shopping,cash,,
30136 rupaiye ka order diyee online shopping payment pe upi se,30136,shopping,upi,,
Amazon purchase INR 29532,29532,shopping,card,,
42867 rupaye ka order die flipkart order pe cash se,42867,shopping,cash,,
online amazon purchase se 4956 ka saman liyaa card se pay kiyaa,4956,shopping,card,,
Mutual fund SIP INR 46390,46390,investment,card,,
15868 rupaye ka pharmacy medicine purchase bill aaya cash se pay kiya,15868,healthcare,cash,,
doctor consultation me 18296 rupaye khrcha hua card se diyee,18296,healthcare,card,,
doctor ke yahan 34459 rs. lgaa cash se diyee,34459,healthcare,cash,,
mutual fund sip ka SIP 41835 rs cash se bharaa,41835,investment,cash,,
Netflix subscription INR 10098,10098,entertainment,upi,,
!@#$%^&*(),NULL,blabla,csh,,EDA test row
Game purchase INR 2705,2705,entertainment,card,,
Swiggy order INR 19434,19434,food,upi,,
Online shopping payment INR 30136,30136,shopping,upi,,
21596 rupaiye ka hospital bill bill aaya upi se pay kiya,21596,healthcare,upi,,
19941 rupaiye ka doctor consultation bill aaya upi se pay kiya,19941,healthcare,upi,,
27259 rupay ka car loan emi installment cash se diye,27259,emi,cash,,
Concert ticket INR 20244,20244,entertainment,cash,,
Water bill INR 46698,46698,utilities,cash,,
flipkart order se 21860 rupay ka shopping kiya card se,21860,shopping,card,,
2667 rs. ka doctor consultation bill aaya cash se pay kiya,2667,healthcare,cash,,
hospital bill pe 47829 rupye khrcha hui davai pe cash se,47829,healthcare,cash,,
Internet recharge INR 1840,1840,utilities,card,,
loan ka car loan emi 40946 rupye upi se pay kya,40946,emi,upi,,
Movie ticket booking INR 2428,2428,entertainment,upi,,
hotel booking ki ticket 32684 rs. me book kiya upi se,32684,travel,upi,,
online shopping payment pe shopping kya 49061 rupye kharch upi se,49061,shopping,upi,,
zomato dinner ka khana 40955 rs me aaya card se die,40955,food,card,,
Cafe coffee INR 4397,4397,food,cash,,
padhai ke liye library fee pe 32630 rs kharcha kiya cash se,32630,education,cash,,
4992 rupay mutual fund sip me daale upi se,4992,investment,upi,,
Hospital bill INR 21053,21053,healthcare,card,,
Internet recharge INR 16963,16963,utilities,cash,,
mobile recharge recharge kiya 15729 rupye upi se,15729,utilities,upi,,
test transaction do not process,"1,000",,unknown,NULL,
Pizza delivery INR 49494,49494,food,cash,,
Flipkart order INR 48981,48981,shopping,cash,,
Bike loan EMI INR 27133,27133,emi,card,,
aaj restaurant bill se khana order kiyaa 9032 rupaye card se die,9032,food,card,,
clothing store bill pe shopping kiya 33641 rupaiye khrcha cash se,33641,shopping,cash,,
null,NaN,blabla,paypal,,
19455 rs stock purchase me daale cash se,19455,investment,cash,,
College fees payment INR 28920,28920,education,upi,,
movie ticket booking ka ticket 42054 rs me liya cash se,42054,entertainment,cash,,
Library fee INR 16371,16371,education,upi,,
online shopping payment pe shopping kia 43520 rs kharch upi se,43520,shopping,upi,,
Doctor consultation INR 36859,36859,healthcare,upi,,
Cafe coffee INR 26652,26652,food,upi,,
padhai ke liye college fees payment pe 16165 rupaiye khrcha kya card se,16165,education,card,,
21202 rupay ka car loan emi installment card se diy,21202,emi,card,,
Messy outlier tx UPIID123,99999999,blabla,csh,NULL,
20126 rs fixed deposit investment me daale card se,20126,investment,card,,
47809 rs. die library fee ke liye card se,47809,education,card,,
Restaurant bill INR 9032,9032,food,card,,
14459 rupaye kharch kiya concert ticket pe cash se,14459,entertainment,cash,,
drop table users;,99999999,unknown,csh,,
Medical test charges INR 31280,31280,healthcare,card,,
aaj uber ride lya 40312 rs cash se pay kya,40312,travel,cash,,
Flipkart order INR 13532,13532,shopping,upi,,
doctor consultation pe 36859 rs. kharchaa hui davai pe upi se,36859,healthcare,upi,,
Cafe coffee INR 27158,27158,food,upi,,
aaj stock purchase me 3326 rs. lagaye cash se,3326,investment,cash,,
24926 rupaiye ka personal loan installment installment cash se diyee,24926,emi,cash,,
online online shopping payment se 16565 ka saman liya upi se pay kia,16565,shopping,upi,,
movie ticket booking dekha 14999 rupaiye lga upi se diye,14999,entertainment,upi,,
Medical test charges INR 41679,41679,healthcare,upi,,
online course subscription ka course 46594 rupye me liya upi se pay kia,46594,education,upi,,
Library fee INR 21941,21941,education,upi,,
aaj train ticket irctc lia 49758 rupay cash se pay kiyaa,49758,travel,cash,,
aaj bus ticket lia 6052 rupye card se pay kia,6052,travel,card,,
internet recharge recharge kya 26351 rupaiye cash se,26351,utilities,cash,,
uber ride ka kiraya 5430 rs diyee cash se,5430,travel,cash,,
Uber ride INR 10826,10826,travel,upi,,
ola cab ki ticket 6339 rs. me book kia upi se,6339,travel,upi,,
Netflix subscription INR 34990,34990,entertainment,card,,
Netflix subscription INR 10561,10561,entertainment,card,,
41591 rupaye fixed deposit investment me daale upi se,41591,investment,upi,,
Bike loan EMI INR 22161,22161,emi,card,,
loan ka car loan emi 1982 rs. card se pay kiya,1982,emi,card,,
online course subscription ki fees 40270 rupay upi se bhara,40270,education,upi,,
online course subscription ki fees 29654 rupye upi se bharaa,29654,education,upi,,
online clothing store bill se 28217 ka saman liyaa card se pay kya,28217,shopping,card,,
aaj mutual fund sip me 32642 rupye lagaye upi se,32642,investment,upi,,
14353 rs. ka pharmacy medicine purchase bill aaya card se pay kiyaa,14353,healthcare,card,,
online course subscription ki fees 29323 rs card se bharaa,29323,education,card,,
Food court payment INR 7764,7764,food,cash,,
Game purchase INR 13967,13967,entertainment,cash,,
home loan emi ki EMI 45326 rupye cash se bhra,45326,emi,cash,,
Electronics shopping INR 6159,6159,shopping,cash,,
cafe coffee me 16210 rupaye ka khana khya upi se,16210,food,upi,,
clothing store bill se 27285 rupaye ka shopping kiyaa cash se,27285,shopping,cash,,
Stock purchase INR 21141,21141,investment,cash,,
stock purchase ka SIP 3326 rs. cash se bhara,3326,investment,cash,,
library fee ki fees 10086 rupaiye upi se bharra,10086,education,upi,,
37992 rupay crypto investment me daale upi se,37992,investment,upi,,
Library fee INR 47233,47233,education,upi,,
Doctor consultation INR 22665,22665,healthcare,card,,
27426 rs. ka medical test charges bill aaya cash se pay kia,27426,healthcare,cash,,
32661 rs ka pharmacy medicine purchase bill aaya card se pay kiyaa,32661,healthcare,card,,
aaj fixed deposit investment me 24075 rs lagaye card se,24075,investment,card,,
Stock purchase INR 40882,40882,investment,upi,,
16812 rs. ka electricity bill payment bill pay kiya cash se,16812,utilities,cash,,
food court payment ka khana 15072 rupye me aaya cash se die,15072,food,cash,,
hospital bill pe 14208 rupye khrcha hui davai pe cash se,14208,healthcare,cash,,
College fees payment INR 12066,12066,education,upi,,
Flipkart order INR 22831,22831,shopping,card,,
"swiggy order pe 5692 ka bill tha, cash se pay kiya",5692,food,cash,,
Cafe coffee INR 16210,16210,food,upi,,
Hospital bill INR 48731,48731,healthcare,upi,,
online course subscription ka course 2436 rupaye me liyaa upi se pay kia,2436,education,upi,,
6918 rupay die exam fee ke liye cash se,6918,education,cash,,
zomato dinner ka khana 22420 rupay me aaya cash se die,22420,food,cash,,
medical test charges pe 14407 rupaiye karcha hui davai pe cash se,14407,healthcare,cash,,
padhai ke liye exam fee pe 8008 rupay karcha kiya upi se,8008,education,upi,,
medical test charges me 48991 rupay karcha hua card se diyee,48991,healthcare,card,,
Netflix subscription INR 25225,25225,entertainment,upi,,
Hospital bill INR 12672,12672,healthcare,upi,,
Water bill INR 10694,10694,utilities,card,,
Pizza delivery INR 33055,33055,food,card,,
gas bill payment ka bill 22211 rupay card se bhara,22211,utilities,card,,
Medical test charges INR 49075,49075,healthcare,cash,,
Doctor consultation INR 29081,29081,healthcare,upi,,
Hospital bill INR 49357,49357,healthcare,cash,,
Food court payment INR 49572,49572,food,upi,,
Concert ticket INR 38968,38968,entertainment,card,,
Uber ride INR 48006,48006,travel,cash,,
Netflix subscription INR 22830,22830,entertainment,card,,
concert ticket ka ticket 17749 rupye me liyaa card se,17749,entertainment,card,,
padhai ke liye exam fee pe 36422 rupye khrcha kiyaa card se,36422,education,card,,
Mobile recharge INR 44496,44496,utilities,card,,
Car loan EMI INR 14490,14490,emi,upi,,
aaj cafe coffee se khana order kiya 6886 rs cash se diyee,6886,food,cash,,
netflix subscription dekha 33127 rupaye laga card se diye,33127,entertainment,card,,
30612 rs. diy library fee ke liye card se,30612,education,card,,
Water bill INR 17251,17251,utilities,cash,,
Stock purchase INR 19455,19455,investment,cash,,
"cafe coffee pe 26652 ka bill tha, upi se pay kia",26652,food,upi,,
electricity bill payment recharge kiya 20235 rupay upi se,20235,utilities,upi,,
drop table users;,0,error,,,
Flight ticket booking INR 38937,38937,travel,card,,
Mobile recharge INR 27870,27870,utilities,card,,
exam fee ki fees 19939 rupaiye card se bhara,19939,education,card,,
32186 rupaye ka credit card emi installment card se diye,32186,emi,card,,
Pharmacy medicine purchase INR 40800,40800,healthcare,cash,,
pharmacy medicine purchase me 8723 rupaye karcha hua card se diye,8723,healthcare,card,,
Cafe coffee INR 32565,32565,food,upi,,
Hotel booking INR 18691,18691,travel,card,,
pharmacy medicine purchase me 3194 rupay kharch hua card se die,3194,healthcare,card,,
swiggy order me 19434 rs ka khana khayaa upi se,19434,food,upi,,
8400 rupaiye karcha kia concert ticket pe upi se,8400,entertainment,upi,,
aaj cafe coffee se khana order kiyaa 26652 rupye upi se diye,26652,food,upi,,
48576 rs lga hotel booking me card se diye,48576,travel,card,,
drop table users;,,misc,unknown,NaN,
food court payment me 42951 rs ka khana khayaa upi se,42951,food,upi,,
Personal loan installment INR 1161,1161,emi,upi,,
11349 rupaye mutual fund sip me daale upi se,11349,investment,upi,,
<script>alert('xss')</script>,99999999,1234,paypal,NaN,
flight ticket booking ki ticket 40894 rs. me book kya upi se,40894,travel,upi,,
9321 rupye diye exam fee ke liye upi se,9321,education,upi,,
aaj hotel booking lya 32684 rupaye upi se pay kya,32684,travel,upi,,
26526 rs ka doctor consultation bill aaya upi se pay kiyaa,26526,healthcare,upi,,
hospital bill pe 16643 rs. karcha hui davai pe card se,16643,healthcare,card,,
Pharmacy medicine purchase INR 34356,34356,healthcare,card,,
18134 rs. ka order diyee electronics shopping pe cash se,18134,shopping,cash,,
Mutual fund SIP INR 13070,13070,investment,cash,,
Swiggy order INR 42755,42755,food,upi,,
Flight ticket booking INR 48115,48115,travel,card,,
online shopping payment se 21769 rupaiye ka shopping kia upi se,21769,shopping,upi,,
Credit card EMI INR 2925,2925,emi,cash,,
Electricity bill payment INR 35065,35065,utilities,card,,
29140 rupay diyee library fee ke liye cash se,29140,education,cash,,
Mobile recharge INR 47207,47207,utilities,card,,
48592 rs. kharchaa kya concert ticket pe upi se,48592,entertainment,upi,,
37144 rupaiye ka water bill bill pay kia cash se,37144,utilities,cash,,
car loan emi EMI 6265 rs kat gaye cash se,6265,emi,cash,,
Bus ticket INR 606,606,travel,cash,,
internet recharge recharge kiya 16152 rupaye upi se,16152,utilities,upi,,
Mutual fund SIP INR 49755,49755,investment,upi,,
doctor consultation pe 18296 rupye kharcha hui davai pe card se,18296,healthcare,card,,
library fee ka course 27216 rupaye me lya upi se pay kiyaa,27216,education,upi,,
ppf contribution me 36799 rupye invest kiya card se,36799,investment,card,,
netflix subscription ka ticket 16459 rs me liya card se,16459,entertainment,card,,
,five hundred,shopping_err,ccard,,
5785 rs ka mobile recharge bill pay kiya cash se,5785,utilities,cash,,
netflix subscription ka ticket 10561 rs. me lya card se,10561,entertainment,card,,
5495 rupye ka order die clothing store bill pe upi se,5495,shopping,upi,,
test transaction do not process,99999999,error,unknown,,
concert ticket ka subscription 14459 rupye cash se renew kiyaa,14459,entertainment,cash,,
Doctor consultation INR 33391,33391,healthcare,card,,
Amazon purchase INR 40704,40704,shopping,upi,,
,0,,123,,
Food court payment INR 6853,6853,food,card,,
44364 rs kharch kya netflix subscription pe upi se,44364,entertainment,upi,,
crypto investment me 507 rs. invest kia card se,507,investment,card,,
College fees payment INR 18328,18328,education,card,,
ola cab ki ticket 48830 rupaye me book kiyaa card se,48830,travel,card,,
flipkart order se 34314 rs. ka shopping kiya card se,34314,shopping,card,,
Water bill INR 30372,30372,utilities,upi,,
Mutual fund SIP INR 33113,33113,investment,card,,
Exam fee INR 49514,49514,education,upi,,
Mobile recharge INR 23236,23236,utilities,upi,,
Pizza delivery INR 24464,24464,food,upi,,
Train ticket IRCTC INR 26301,26301,travel,cash,,
Mutual fund SIP INR 11349,11349,investment,upi,,
netflix subscription ka ticket 38905 rupay me liya upi se,38905,entertainment,upi,,
Personal loan installment INR 26025,26025,emi,upi,,
25897 rupaye ka pharmacy medicine purchase bill aaya cash se pay kya,25897,healthcare,cash,,
loan ka credit card emi 18302 rs. upi se pay kiyaa,18302,emi,upi,,
aaj zomato dinner se khana order kiyaa 5894 rupaiye cash se diye,5894,food,cash,,
14153 rupaiye ka credit card emi installment cash se die,14153,emi,cash,,
doctor ke yahan 9473 rupye lagaa card se diye,9473,healthcare,card,,
drop table users;,NULL,error,ccard,NULL,
hotel booking ki ticket 4219 rs me book kiya cash se,4219,travel,cash,,
personal loan installment EMI 35959 rs. kat gaye cash se,35959,emi,cash,,
Medical test charges INR 47042,47042,healthcare,card,,
home loan emi ki EMI 40384 rupaye upi se bharra,40384,emi,upi,,
library fee ki fees 12710 rupaye card se bharaa,12710,education,card,,
Messy outlier tx 123,"1,000",1234,paypal,123,
Pharmacy medicine purchase INR 15868,15868,healthcare,cash,,
Mobile recharge INR 31674,31674,utilities,cash,,
10465 rupaye lga uber ride me card se diyee,10465,travel,card,,
NaN,NaN,shopping_err,unknown,NaN,
doctor consultation pe 38968 rupaiye kharcha hui davai pe card se,38968,healthcare,card,,
Restaurant bill INR 10308,10308,food,cash,,
library fee ka course 47809 rupay me lia card se pay kiyaa,47809,education,card,,
aaj pizza delivery se khana order kya 41083 rs card se diyee,41083,food,card,,
online course subscription ka course 26545 rupaye me lya upi se pay kya,26545,education,upi,,
Online course subscription INR 29654,29654,education,upi,,
medical test charges me 14034 rs khrcha hua cash se die,14034,healthcare,cash,,
48781 rs. ka water bill bill pay kiyaa card se,48781,utilities,card,,
Mutual fund SIP INR 44947,44947,investment,upi,,
Cafe coffee INR 37514,37514,food,card,,
39223 rs kharcha kia pizza delivery pe card se,39223,food,card,,
hospital bill me 49357 rupaye kharch hua cash se die,49357,healthcare,cash,,
"swiggy order pe 25051 ka bill tha, cash se pay kiyaa",25051,food,cash,,
Water bill INR 15823,15823,utilities,upi,,
clothing store bill pe shopping kya 27285 rupay khrcha cash se,27285,shopping,cash,,
Flight ticket booking INR 14784,14784,travel,cash,,
PPF contribution INR 197,197,investment,card,,
loan ka credit card emi 31518 rs cash se pay kiya,31518,emi,cash,,
Messy outlier tx 123,"1,000",error,csh,,
library fee ki fees 43194 rs upi se bhara,43194,education,upi,,
padhai ke liye online course subscription pe 8719 rs kharch kiya card se,8719,education,card,,
doctor ke yahan 17462 rs laga cash se diye,17462,healthcare,cash,,
Concert ticket INR 36577,36577,entertainment,card,,
padhai ke liye college fees payment pe 31269 rs. kharchaa kiya card se,31269,education,card,,
Mutual fund SIP INR 40444,40444,investment,cash,,
Zomato dinner INR 22420,22420,food,cash,,
Fixed deposit investment INR 47076,47076,investment,upi,,
hospital bill me 13118 rupye karcha hua card se diye,13118,healthcare,card,,
Mutual fund SIP INR 29848,29848,investment,upi,,
online shopping payment pe shopping kya 28164 rupaye kharcha card se,28164,shopping,card,,
Cafe coffee INR 47177,47177,food,cash,,
Hospital bill INR 21596,21596,healthcare,upi,,
medical test charges me 1654 rs kharcha hua card se diy,1654,healthcare,card,,
Crypto investment INR 1610,1610,investment,upi,,
11279 rupaye ka hospital bill bill aaya cash se pay kia,11279,healthcare,cash,,
library fee ka course 24613 rupay me lya cash se pay kiya,24613,education,cash,,
Crypto investment INR 41878,41878,investment,upi,,
Movie ticket booking INR 9062,9062,entertainment,cash,,
Hospital bill INR 2679,2679,healthcare,cash,,
mobile recharge recharge kya 23236 rupaye upi se,23236,utilities,upi,,
16565 rupye ka order die online shopping payment pe upi se,16565,shopping,upi,,
library fee ka course 37624 rupay me liya card se pay kiyaa,37624,education,card,,
Amazon purchase INR 19936,19936,shopping,upi,,
Bus ticket INR 33914,33914,travel,card,,
concert ticket ka ticket 18708 rupaiye me liya card se,18708,entertainment,card,,
Food court payment INR 29176,29176,food,card,,
4436 rupay diyee exam fee ke liye cash se,4436,education,cash,,
ppf contribution me 43294 rupye invest kia upi se,43294,investment,upi,,
doctor consultation pe 35787 rs kharcha hui davai pe card se,35787,healthcare,card,,
"cafe coffee pe 19701 ka bill tha, upi se pay kiya",19701,food,upi,,
mobile recharge recharge kya 35489 rs cash se,35489,utilities,cash,,
Messy outlier tx 123,,blabla,bitcoin,,
Concert ticket INR 21214,21214,entertainment,upi,,
Electricity bill payment INR 11093,11093,utilities,upi,,
Mobile recharge INR 7893,7893,utilities,upi,,
Home loan EMI INR 4088,4088,emi,cash,,
Credit card EMI INR 46342,46342,emi,card,,
Mobile recharge INR 49627,49627,utilities,upi,,
online electronics shopping se 18715 ka saman lia upi se pay kya,18715,shopping,upi,,
Flipkart order INR 2659,2659,shopping,cash,,
Messy outlier tx 123,NULL,misc,bitcoin,,
Game purchase INR 9502,9502,entertainment,card,,
hospital bill pe 21596 rupaye kharchaa hui davai pe upi se,21596,healthcare,upi,,
7479 rs ka order diye flipkart order pe upi se,7479,shopping,upi,,
bike loan emi EMI 14361 rupye kat gaye card se,14361,emi,card,,
Messy outlier tx ,0,blabla,ccard,,
Electricity bill payment INR 20582,20582,utilities,cash,,
"food court payment pe 874 ka bill tha, upi se pay kya",874,food,upi,,
bike loan emi EMI 37761 rs. kat gaye card se,37761,emi,card,,
Ola cab INR 34453,34453,travel,cash,,
NaN,-5000,,ccard,,
Messy outlier tx ccard,0,shopping_err,csh,,
aaj flight ticket booking liyaa 38937 rupaye card se pay kya,38937,travel,card,,
17962 rs ka doctor consultation bill aaya cash se pay kiyaa,17962,healthcare,cash,,
Credit card EMI INR 40358,40358,emi,cash,,
train ticket irctc ki ticket 27394 rs me book kya card se,27394,travel,card,,
Online course subscription INR 4229,4229,education,card,,
game purchase dekha 19281 rs. laga card se die,19281,entertainment,card,,
34963 rupay diye exam fee ke liye upi se,34963,education,upi,,
Bus ticket INR 19311,19311,travel,card,,
amazon purchase pe shopping kia 32457 rupaye khrcha upi se,32457,shopping,upi,,
aaj food court payment se khana order kiyaa 7764 rupaiye cash se diye,7764,food,cash,,
drop table users;,-100,,unknown,,
Personal loan installment INR 41802,41802,emi,cash,,
netflix subscription dekha 3489 rupay laga upi se diyee,3489,entertainment,upi,,
Pizza delivery INR 32250,32250,food,cash,,
Electricity bill payment INR 18398,18398,utilities,upi,,
ppf contribution me 10474 rupye invest kia upi se,10474,investment,upi,,
Messy outlier tx ,"1,000",unknown,123,,
Messy outlier tx paypal,0,misc,unknown,,
7348 rupye ka electricity bill payment bill pay kiyaa card se,7348,utilities,card,,
Pharmacy medicine purchase INR 49301,49301,healthcare,cash,,
bus ticket ka kiraya 19311 rupay diy card se,19311,travel,card,,
College fees payment INR 21794,21794,education,card,,
Amazon purchase INR 25052,25052,shopping,upi,,
personal loan installment ki EMI 47268 rupay cash se bhara,47268,emi,cash,,
1351 rs. ka credit card emi installment card se diy,1351,emi,card,,
loan ka car loan emi 6157 rupaiye card se pay kiya,6157,emi,card,,
Library fee INR 34386,34386,education,upi,,
Internet recharge INR 742,742,utilities,card,,
gas bill payment recharge kiyaa 1407 rupaiye cash se,1407,utilities,cash,,
Swiggy order INR 10758,10758,food,card,,
online online shopping payment se 46189 ka saman lya upi se pay kya,46189,shopping,upi,,
Library fee INR 47809,47809,education,card,,
23938 rupay ka pharmacy medicine purchase bill aaya cash se pay kiyaa,23938,healthcare,cash,,
23236 rs ka mobile recharge bill pay kiya upi se,23236,utilities,upi,,
padhai ke liye college fees payment pe 29249 rupaiye karcha kia card se,29249,education,card,,
43691 rupay lgaa hotel booking me upi se diye,43691,travel,upi,,
null,-5000,shopping_err,,,
Concert ticket INR 46522,46522,entertainment,cash,,
game purchase dekha 264 rs. lga cash se diyee,264,entertainment,cash,,
18567 rupaiye kharcha kia movie ticket booking pe card se,18567,entertainment,card,,
43625 rs. ka water bill bill pay kiya upi se,43625,utilities,upi,,
46113 rs mutual fund sip me daale card se,46113,investment,card,,
cafe coffee me 11491 rs. ka khana khya upi se,11491,food,upi,,
personal loan installment EMI 13688 rupye kat gaye card se,13688,emi,card,,
Water bill INR 42371,42371,utilities,card,,
27700 rupaye diye college fees payment ke liye card se,27700,education,card,,
online flipkart order se 35043 ka saman liya card se pay kia,35043,shopping,card,,
16963 rupye ka internet recharge bill pay kiyaa cash se,16963,utilities,cash,,
NaN,-5000,1234,123,,
library fee ka course 12710 rs. me lya card se pay kiya,12710,education,card,,
aaj fixed deposit investment me 4831 rupay lagaye upi se,4831,investment,upi,,
45753 rupaye ka home loan emi installment cash se diyee,45753,emi,cash,,
Concert ticket INR 9640,9640,entertainment,cash,,
electricity bill payment recharge kia 12018 rupaye cash se,12018,utilities,cash,,
crypto investment me 41878 rupay invest kia upi se,41878,investment,upi,,
flipkart order se 35043 rupay ka shopping kya card se,35043,shopping,card,,
16172 rupay karcha kiya movie ticket booking pe upi se,16172,entertainment,upi,,
library fee ka course 46201 rupay me liya card se pay kiya,46201,education,card,,
Car loan EMI INR 45480,45480,emi,card,,
water bill recharge kia 46698 rupaye cash se,46698,utilities,cash,,
2852 rupaye karcha kiya movie ticket booking pe cash se,2852,entertainment,cash,,
library fee ki fees 44452 rupye card se bhra,44452,education,card,,
Hospital bill INR 32932,32932,healthcare,card,,
48981 rupay ka order diye flipkart order pe cash se,48981,shopping,cash,,
loan ka car loan emi 47417 rupaye cash se pay kya,47417,emi,cash,,
aaj mobile recharge ka 32382 rupaiye ka bill cash se bharaa,32382,utilities,cash,,
aaj swiggy order se khana order kia 42755 rupaiye upi se diy,42755,food,upi,,
Netflix subscription INR 44364,44364,entertainment,upi,,
home loan emi ki EMI 29470 rs. cash se bhara,29470,emi,cash,,
Hotel booking INR 40570,40570,travel,cash,,
aaj ppf contribution me 18507 rupaiye lagaye upi se,18507,investment,upi,,
concert ticket ka ticket 9640 rupay me lia cash se,9640,entertainment,cash,,
Gas bill payment INR 46672,46672,utilities,upi,,
ola cab ka kiraya 26683 rs. die card se,26683,travel,card,,
Clothing store bill INR 29471,29471,shopping,card,,
Messy outlier tx ,-100,misc,,,
Bus ticket INR 42963,42963,travel,cash,,
31001 rs. kharch kiyaa cafe coffee pe upi se,31001,food,upi,,
43331 rupaye diyee online course subscription ke liye upi se,43331,education,upi,,
bus ticket ki ticket 43845 rupay me book kya cash se,43845,travel,cash,,
Hotel booking INR 10523,10523,travel,card,,
Pizza delivery INR 46891,46891,food,cash,,
credit card emi ki EMI 4236 rs. cash se bharaa,4236,emi,cash,,
Personal loan installment INR 24322,24322,emi,upi,,
Doctor consultation INR 26612,26612,healthcare,card,,
Water bill INR 2800,2800,utilities,card,,
Library fee INR 24613,24613,education,cash,,
game purchase dekha 47916 rs laga cash se diy,47916,entertainment,cash,,
college fees payment ka course 20625 rupay me lya card se pay kiyaa,20625,education,card,,
Online shopping payment INR 43835,43835,shopping,card,,
34382 rupye diyee college fees payment ke liye upi se,34382,education,upi,,
ppf contribution ka SIP 40197 rs. upi se bharra,40197,investment,upi,,
clothing store bill se 25461 rs ka shopping kya upi se,25461,shopping,upi,,
Hotel booking INR 4219,4219,travel,cash,,
Library fee INR 10086,10086,education,upi,,
Home loan EMI INR 13099,13099,emi,upi,,
7034 rs. kharcha kya lunch at hotel pe upi se,7034,food,upi,,
loan ka car loan emi 45480 rupaye card se pay kiyaa,45480,emi,card,,
library fee ki fees 29405 rupye card se bharra,29405,education,card,,
Exam fee INR 39380,39380,education,upi,,
ppf contribution ka SIP 1405 rupye card se bharaa,1405,investment,card,,
pharmacy medicine purchase me 14353 rupaiye karcha hua card se diye,14353,healthcare,card,,
loan ka home loan emi 29470 rupye cash se pay kiyaa,29470,emi,cash,,
Hospital bill INR 14764,14764,healthcare,cash,,
hotel booking ka kiraya 16771 rupay diy cash se,16771,travel,cash,,
amazon purchase se 15088 rupay ka shopping kiyaa card se,15088,shopping,card,,
personal loan installment ki EMI 1161 rupaye upi se bharaa,1161,emi,upi,,
Restaurant bill INR 24997,24997,food,card,,
pizza delivery me 13580 rs ka khana khya cash se,13580,food,cash,,
pharmacy medicine purchase me 29515 rs. kharchaa hua upi se diy,29515,healthcare,upi,,
college fees payment ki fees 21209 rupaiye card se bhara,21209,education,card,,
38439 rupye diye online course subscription ke liye card se,38439,education,card,,
exam fee ki fees 32798 rupye upi se bharra,32798,education,upi,,
movie ticket booking dekha 16148 rupaiye laga upi se diy,16148,entertainment,upi,,
Personal loan installment INR 48231,48231,emi,upi,,
water bill ka bill 48781 rs. card se bhara,48781,utilities,card,,
water bill ka bill 38723 rupay cash se bharra,38723,utilities,cash,,
personal loan installment ki EMI 12499 rupaiye upi se bharaa,12499,emi,upi,,
"zomato dinner pe 5894 ka bill tha, cash se pay kiyaa",5894,food,cash,,
28634 rupaiye ka order diye electronics shopping pe cash se,28634,shopping,cash,,
credit card emi EMI 49756 rs. kat gaye card se,49756,emi,card,,
Car loan EMI INR 1982,1982,emi,card,,
Pizza delivery INR 48825,48825,food,upi,,
online course subscription ki fees 15940 rupay card se bhara,15940,education,card,,
Medical test charges INR 14407,14407,healthcare,cash,,
netflix subscription ka ticket 32583 rupay me liyaa upi se,32583,entertainment,upi,,
clothing store bill pe shopping kya 7113 rs khrcha cash se,7113,shopping,cash,,
Medical test charges INR 1654,1654,healthcare,card,,
Amazon purchase INR 39775,39775,shopping,card,,
padhai ke liye online course subscription pe 20705 rupaiye khrcha kiya cash se,20705,education,cash,,
concert ticket ka ticket 494 rupye me liyaa card se,494,entertainment,card,,
aaj mobile recharge ka 49627 rupye ka bill upi se bhra,49627,utilities,upi,,
25794 rupay ka order die flipkart order pe card se,25794,shopping,card,,
restaurant bill ka khana 25265 rupay me aaya upi se diy,25265,food,upi,,
Car loan EMI INR 49475,49475,emi,cash,,
bus ticket ka kiraya 42963 rs. diy cash se,42963,travel,cash,,
43137 rs. ka order diye flipkart order pe card se,43137,shopping,card,,
"cafe coffee pe 38072 ka bill tha, card se pay kiya",38072,food,card,,
Credit card EMI INR 32186,32186,emi,card,,
home loan emi EMI 268 rupye kat gaye card se,268,emi,card,,
amazon purchase pe shopping kiyaa 35995 rupay karcha card se,35995,shopping,card,,
33113 rupye mutual fund sip me daale card se,33113,investment,card,,
27378 rupay die exam fee ke liye upi se,27378,education,upi,,
Stock purchase INR 27435,27435,investment,upi,,
Doctor consultation INR 40227,40227,healthcare,upi,,
PPF contribution INR 47974,47974,investment,card,,
car loan emi ki EMI 44877 rs. upi se bharaa,44877,emi,upi,,
15729 rupay ka mobile recharge bill pay kia upi se,15729,utilities,upi,,
Game purchase INR 19281,19281,entertainment,card,,
medical test charges me 45570 rupye karcha hua card se die,45570,healthcare,card,,
Train ticket IRCTC INR 21048,21048,travel,cash,,
PPF contribution INR 41050,41050,investment,cash,,
padhai ke liye exam fee pe 39733 rs karcha kya cash se,39733,education,cash,,
library fee ka course 35740 rupaye me liyaa cash se pay kiya,35740,education,cash,,
college fees payment ki fees 20625 rs card se bhara,20625,education,card,,
Movie ticket booking INR 20566,20566,entertainment,card,,
personal loan installment EMI 22156 rupye kat gaye upi se,22156,emi,upi,,
40228 rs ka personal loan installment installment upi se diyee,40228,emi,upi,,
doctor ke yahan 38809 rupaiye lga card se diy,38809,healthcare,card,,
10411 rupaiye ka order die electronics shopping pe upi se,10411,shopping,upi,,
Flipkart order INR 34314,34314,shopping,card,,
31302 rupye diy library fee ke liye upi se,31302,education,upi,,
Online course subscription INR 19262,19262,education,card,,
"pizza delivery pe 12825 ka bill tha, upi se pay kiya",12825,food,upi,,
Personal loan installment INR 25049,25049,emi,card,,
stock purchase me 16129 rupye invest kiyaa card se,16129,investment,card,,
Ola cab INR 12106,12106,travel,cash,,
doctor ke yahan 35787 rs. lagaa card se diye,35787,healthcare,card,,
Clothing store bill INR 27285,27285,shopping,cash,,
Personal loan installment INR 22328,22328,emi,upi,,
movie ticket booking dekha 30543 rupaye laga card se die,30543,entertainment,card,,
Bike loan EMI INR 14705,14705,emi,upi,,
Crypto investment INR 32700,32700,investment,card,,
Game purchase INR 10121,10121,entertainment,upi,,
electricity bill payment ka bill 47161 rupay cash se bhara,47161,utilities,cash,,
water bill ka bill 19958 rupye cash se bharaa,19958,utilities,cash,,
Messy outlier tx UPIID123,99999999,misc,123,,
20642 rs. stock purchase me daale upi se,20642,investment,upi,,
mutual fund sip ka SIP 46113 rupaiye card se bharra,46113,investment,card,,
uber ride ki ticket 42573 rupye me book kiyaa cash se,42573,travel,cash,,
9510 rupye lga train ticket irctc me cash se die,9510,travel,cash,,
aaj ola cab lia 11918 rupaye cash se pay kiya,11918,travel,cash,,
Credit card EMI INR 43683,43683,emi,card,,
fixed deposit investment ka SIP 35463 rupaiye card se bharaa,35463,investment,card,,
14034 rs. ka medical test charges bill aaya cash se pay kia,14034,healthcare,cash,,
library fee ka course 31302 rupaye me liyaa upi se pay kiyaa,31302,education,upi,,
restaurant bill ka khana 41436 rs me aaya upi se die,41436,food,upi,,
Messy outlier tx paypal,99999999,1234,123,,EDA test row
game purchase ka subscription 33524 rupaiye cash se renew kya,33524,entertainment,cash,,
aaj gas bill payment ka 1407 rupaye ka bill cash se bharaa,1407,utilities,cash,,
Messy outlier tx UPIID123,"1,000",blabla,paypal,,
Hotel booking INR 8043,8043,travel,card,,
aaj ola cab lia 6168 rs cash se pay kia,6168,travel,cash,,
stock purchase me 38240 rupaye invest kia upi se,38240,investment,upi,,
12291 rupaiye laga hotel booking me cash se diy,12291,travel,cash,,
Internet recharge INR 7712,7712,utilities,card,,
library fee ki fees 34386 rupay upi se bhra,34386,education,upi,,
7029 rupay ka order diye clothing store bill pe card se,7029,shopping,card,,
restaurant bill me 11308 rs ka khana khya cash se,11308,food,cash,,
Messy outlier tx paypal,"1,000",blabla,ccard,NULL,EDA test row
exam fee ka course 49514 rupye me lya upi se pay kya,49514,education,upi,,
hotel booking ka kiraya 35701 rupaye diyee upi se,35701,travel,upi,,
aaj bus ticket liyaa 33914 rupaye card se pay kiyaa,33914,travel,card,,
library fee ki fees 23664 rupay upi se bharaa,23664,education,upi,,
Electricity bill payment INR 11347,11347,utilities,card,,
College fees payment INR 21923,21923,education,card,,
flipkart order pe shopping kiyaa 13771 rs. kharcha card se,13771,shopping,card,,
36946 rupye ka mobile recharge bill pay kia card se,36946,utilities,card,,
aaj mobile recharge ka 29319 rs. ka bill cash se bharra,29319,utilities,cash,,
loan ka credit card emi 13363 rs. upi se pay kiya,13363,emi,upi,,
Doctor consultation INR 26410,26410,healthcare,card,,
Food court payment INR 23342,23342,food,cash,,
aaj flight ticket booking lia 7480 rs cash se pay kya,7480,travel,cash,,
aaj flight ticket booking lia 16186 rs upi se pay kiya,16186,travel,upi,,
28134 rs. ka bike loan emi installment cash se die,28134,emi,cash,,
Water bill INR 20388,20388,utilities,card,,
Car loan EMI INR 29107,29107,emi,card,,
crypto investment me 2409 rupay invest kiyaa cash se,2409,investment,cash,,
flipkart order se 22831 rupaiye ka shopping kya card se,22831,shopping,card,,
aaj swiggy order se khana order kya 4655 rupye cash se diyee,4655,food,cash,,
24997 rupye kharchaa kiyaa restaurant bill pe card se,24997,food,card,,
just random text 123,,shopping_err,UPIID123,,EDA test row
Credit card EMI INR 33532,33532,emi,cash,,
47233 rupay die library fee ke liye upi se,47233,education,upi,,
Water bill INR 20501,20501,utilities,upi,,
42371 rs. ka water bill bill pay kya card se,42371,utilities,card,,
Medical test charges INR 24687,24687,healthcare,upi,,
Fixed deposit investment INR 20126,20126,investment,card,,
game purchase ka ticket 2705 rupaye me liyaa card se,2705,entertainment,card,,
Online shopping payment INR 21769,21769,shopping,upi,,
internet recharge recharge kiya 1840 rupye card se,1840,utilities,card,,
Train ticket IRCTC INR 36320,36320,travel,cash,,
!@#$%^&*(),-5000,1234,,,
exam fee ki fees 10986 rupay upi se bharra,10986,education,upi,,
internet recharge ka bill 49184 rs. upi se bhra,49184,utilities,upi,,
37326 rs. ka electricity bill payment bill pay kiyaa cash se,37326,utilities,cash,,
netflix subscription ka subscription 25858 rs cash se renew kiya,25858,entertainment,cash,,
medical test charges pe 47042 rupaiye karcha hui davai pe card se,47042,healthcare,card,,
14233 rupaye ka order diy amazon purchase pe upi se,14233,shopping,upi,,
Cafe coffee INR 44981,44981,food,upi,,
Flight ticket booking INR 40894,40894,travel,upi,,
college fees payment ki fees 45753 rupay card se bhra,45753,education,card,,
34847 rs ka hospital bill bill aaya cash se pay kya,34847,healthcare,cash,,
Exam fee INR 40798,40798,education,upi,,
Exam fee INR 46161,46161,education,card,,
restaurant bill me 6997 rs ka khana khaya card se,6997,food,card,,
medical test charges pe 1654 rupye karcha hui davai pe card se,1654,healthcare,card,,
Electricity bill payment INR 44822,44822,utilities,cash,,
Netflix subscription INR 5263,5263,entertainment,upi,,
Internet recharge INR 29529,29529,utilities,card,,
concert ticket ka subscription 11018 rupaiye cash se renew kiya,11018,entertainment,cash,,
Electricity bill payment INR 16812,16812,utilities,cash,,
Credit card EMI INR 14153,14153,emi,cash,,
36205 rs fixed deposit investment me daale card se,36205,investment,card,,
gas bill payment recharge kiya 5366 rs card se,5366,utilities,card,,
aaj mutual fund sip me 41777 rs lagaye upi se,41777,investment,upi,,
45967 rupye ka medical test charges bill aaya upi se pay kia,45967,healthcare,upi,,
Home loan EMI INR 29470,29470,emi,cash,,
21166 rupaye diy library fee ke liye cash se,21166,education,cash,,
Movie ticket booking INR 31248,31248,entertainment,upi,,
online course subscription ka course 49632 rs me lia card se pay kiyaa,49632,education,card,,
24121 rupay lgaa hotel booking me cash se die,24121,travel,cash,,
Pizza delivery INR 45435,45435,food,card,,
padhai ke liye online course subscription pe 43331 rupaiye kharcha kiya upi se,43331,education,upi,,
Pharmacy medicine purchase INR 39473,39473,healthcare,cash,,
gas bill payment recharge kia 40346 rupay card se,40346,utilities,card,,
Food court payment INR 2935,2935,food,cash,,
Messy outlier tx 123,"1,000",blabla,unknown,,
flight ticket booking ki ticket 46319 rupay me book kia cash se,46319,travel,cash,,
4088 rupay ka home loan emi installment cash se diy,4088,emi,cash,,
loan ka credit card emi 20773 rupaye cash se pay kiya,20773,emi,cash,,
Messy outlier tx paypal,NULL,misc,ccard,,
Stock purchase INR 9709,9709,investment,cash,,
32642 rs mutual fund sip me daale upi se,32642,investment,upi,,
Clothing store bill INR 5495,5495,shopping,upi,,
internet recharge ka bill 11450 rupaye cash se bharra,11450,utilities,cash,,
gas bill payment ka bill 16348 rs. cash se bhra,16348,utilities,cash,,
netflix subscription ka ticket 1557 rupye me lia card se,1557,entertainment,card,,
Concert ticket INR 16317,16317,entertainment,card,,
Online course subscription INR 42264,42264,education,cash,,
Train ticket IRCTC INR 34000,34000,travel,cash,,
movie ticket booking ka subscription 27072 rs card se renew kya,27072,entertainment,card,,
just random text 123,99999999,,paypal,,
26178 rs khrcha kya netflix subscription pe cash se,26178,entertainment,cash,,
Bus ticket INR 20140,20140,travel,card,,
Internet recharge INR 13072,13072,utilities,cash,,
loan ka personal loan installment 26025 rs. upi se pay kiya,26025,emi,upi,,
library fee ki fees 29029 rs. cash se bharra,29029,education,cash,,
Exam fee INR 19939,19939,education,card,,
Netflix subscription INR 3489,3489,entertainment,upi,,
23876 rs. ka medical test charges bill aaya cash se pay kia,23876,healthcare,cash,,
doctor ke yahan 29081 rs. laga upi se die,29081,healthcare,upi,,
14878 rs. ka bike loan emi installment upi se diy,14878,emi,upi,,
Crypto investment INR 23866,23866,investment,upi,,
aaj stock purchase me 27004 rs. lagaye cash se,27004,investment,cash,,
doctor ke yahan 49075 rupye laga cash se diye,49075,healthcare,cash,,
amazon purchase se 39775 rupay ka shopping kya card se,39775,shopping,card,,
Pizza delivery INR 37644,37644,food,cash,,
Zomato dinner INR 28593,28593,food,card,,
Cafe coffee INR 19481,19481,food,cash,,
Messy outlier tx ccard,-5000,1234,ccard,NY,
Concert ticket INR 43764,43764,entertainment,cash,,
Messy outlier tx csh,99999999,1234,paypal,,
exam fee ki fees 46161 rs card se bharaa,46161,education,card,,
"restaurant bill pe 3891 ka bill tha, cash se pay kiya",3891,food,cash,,
college fees payment ki fees 48826 rupaiye upi se bharaa,48826,education,upi,,
amazon purchase pe shopping kia 8762 rs. kharchaa cash se,8762,shopping,cash,,
19701 rupaye kharch kiyaa cafe coffee pe upi se,19701,food,upi,,
Doctor consultation INR 42391,42391,healthcare,cash,,
29081 rupay ka doctor consultation bill aaya upi se pay kya,29081,healthcare,upi,,
concert ticket ka subscription 20244 rupay cash se renew kia,20244,entertainment,cash,,
hospital bill pe 13118 rupaiye karcha hui davai pe card se,13118,healthcare,card,,
restaurant bill me 17154 rupaye ka khana khaaya card se,17154,food,card,,
9709 rupay stock purchase me daale cash se,9709,investment,cash,,
aaj internet recharge ka 7712 rupaye ka bill card se bharaa,7712,utilities,card,,
Flight ticket booking INR 11610,11610,travel,cash,,
doctor ke yahan 12672 rupaiye laga upi se diye,12672,healthcare,upi,,
home loan emi EMI 186 rupye kat gaye cash se,186,emi,cash,,
Online course subscription INR 29323,29323,education,card,,
clothing store bill pe shopping kya 49483 rupye karcha cash se,49483,shopping,cash,,
Flight ticket booking INR 4564,4564,travel,upi,,
Flight ticket booking INR 49865,49865,travel,upi,,
Credit card EMI INR 24017,24017,emi,cash,,
movie ticket booking ka ticket 18567 rupaye me lya card se,18567,entertainment,card,,
exam fee ka course 36422 rs me liyaa card se pay kiya,36422,education,card,,
movie ticket booking dekha 2428 rupye lga upi se die,2428,entertainment,upi,,
movie ticket booking ka subscription 9062 rupaiye cash se renew kiya,9062,entertainment,cash,,
pizza delivery me 33055 rupye ka khana khya card se,33055,food,card,,
aaj hotel booking lya 17249 rs cash se pay kia,17249,travel,cash,,
26079 rupay kharchaa kiya movie ticket booking pe cash se,26079,entertainment,cash,,
online course subscription ka course 38787 rupye me lia cash se pay kya,38787,education,cash,,
aaj food court payment se khana order kia 49572 rupaye upi se diyee,49572,food,upi,,
medical test charges pe 31280 rs khrcha hui davai pe card se,31280,healthcare,card,,
cafe coffee me 12169 rupye ka khana khayaa upi se,12169,food,upi,,
"cafe coffee pe 16210 ka bill tha, upi se pay kiyaa",16210,food,upi,,
car loan emi ki EMI 29107 rupaye card se bhara,29107,emi,card,,
uber ride ki ticket 10826 rs. me book kya upi se,10826,travel,upi,,
Online course subscription INR 2436,2436,education,upi,,
exam fee ki fees 14719 rupay upi se bharra,14719,education,upi,,
Clothing store bill INR 15291,15291,shopping,upi,,
exam fee ki fees 4436 rupay cash se bharaa,4436,education,cash,,
train ticket irctc ki ticket 39359 rupaiye me book kya card se,39359,travel,card,,
loan ka personal loan installment 48231 rs upi se pay kiya,48231,emi,upi,,
loan ka car loan emi 27259 rs. cash se pay kiya,27259,emi,cash,,
!@#$%^&*(),-100,,bitcoin,,
aaj crypto investment me 43388 rs lagaye cash se,43388,investment,cash,,
ppf contribution ka SIP 2828 rupaye cash se bharaa,2828,investment,cash,,
flight ticket booking ki ticket 36178 rupaiye me book kiyaa cash se,36178,travel,cash,,
Internet recharge INR 20639,20639,utilities,upi,,
hospital bill pe 45060 rupaye karcha hui davai pe card se,45060,healthcare,card,,
PPF contribution INR 32195,32195,investment,cash,,
<script>alert('xss')</script>,-5000,unknown,unknown,,EDA test row
ppf contribution ka SIP 197 rs. card se bhara,197,investment,card,,
concert ticket ka subscription 46522 rs cash se renew kiya,46522,entertainment,cash,,
clothing store bill pe shopping kiya 15291 rupay kharchaa upi se,15291,shopping,upi,,
Exam fee INR 16147,16147,education,card,,
online shopping payment se 37238 rs. ka shopping kiyaa upi se,37238,shopping,upi,,
mobile recharge recharge kiyaa 32382 rupaiye cash se,32382,utilities,cash,,
doctor ke yahan 23876 rs. laga cash se diye,23876,healthcare,cash,,
Library fee INR 37624,37624,education,card,,
electricity bill payment recharge kia 45363 rupaiye card se,45363,utilities,card,,
online flipkart order se 7479 ka saman lia card se pay kiyaa,7479,shopping,card,,
aaj pizza delivery se khana order kiyaa 33055 rs. card se die,33055,food,card,,
Stock purchase INR 30164,30164,investment,card,,
library fee ki fees 16371 rs upi se bharra,16371,education,upi,,
drop table users;,"1,000",,paypal,,
Home loan EMI INR 38465,38465,emi,upi,,
pharmacy medicine purchase pe 12468 rs. kharcha hui davai pe cash se,12468,healthcare,cash,,
25971 rupaiye ka pharmacy medicine purchase bill aaya cash se pay kiyaa,25971,healthcare,cash,,
Exam fee INR 35334,35334,education,card,,
Electricity bill payment INR 7348,7348,utilities,card,,
Internet recharge INR 45866,45866,utilities,upi,,
hospital bill me 5037 rs kharcha hua card se diy,5037,healthcare,card,,
crypto investment me 39704 rupaiye invest kya card se,39704,investment,card,,
9587 rupye khrcha kya zomato dinner pe card se,9587,food,card,,
Pharmacy medicine purchase INR 25971,25971,healthcare,cash,,
zomato dinner me 15780 rupye ka khana khaya card se,15780,food,card,,
aaj mutual fund sip me 12211 rs lagaye upi se,12211,investment,upi,,
Hotel booking INR 8532,8532,travel,card,,
24520 rupay laga ola cab me card se diye,24520,travel,card,,
18928 rupye ka credit card emi installment card se die,18928,emi,card,,
game purchase ka ticket 18259 rupaiye me liyaa upi se,18259,entertainment,upi,,
25353 rupaiye diy library fee ke liye cash se,25353,education,cash,,
Zomato dinner INR 25015,25015,food,upi,,
10986 rupye diyee exam fee ke liye upi se,10986,education,upi,,
Uber ride INR 40312,40312,travel,cash,,
padhai ke liye exam fee pe 23550 rs. kharch kya upi se,23550,education,upi,,
Bus ticket INR 45055,45055,travel,card,,
Hotel booking INR 32684,32684,travel,upi,,
13532 rupaye ka order die flipkart order pe upi se,13532,shopping,upi,,
12308 rupaiye lga ola cab me cash se diy,12308,travel,cash,,
Electricity bill payment INR 37326,37326,utilities,cash,,
Concert ticket INR 27093,27093,entertainment,cash,,
fixed deposit investment me 26392 rupay invest kya upi se,26392,investment,upi,,
17122 rs. lgaa ola cab me upi se diye,17122,travel,upi,,
Mutual fund SIP INR 4992,4992,investment,upi,,
padhai ke liye online course subscription pe 46137 rs. kharch kia card se,46137,education,card,,
online shopping payment pe shopping kya 35868 rupye kharcha upi se,35868,shopping,upi,,
Home loan EMI INR 40384,40384,emi,upi,,
just random text 123,99999999,unknown,UPIID123,,
internet recharge recharge kiya 23519 rupaye card se,23519,utilities,card,,
aaj hotel booking liyaa 11927 rupaiye upi se pay kiyaa,11927,travel,upi,,
Netflix subscription INR 5487,5487,entertainment,cash,,
aaj water bill ka 24269 rupaiye ka bill upi se bhra,24269,utilities,upi,,
Electronics shopping INR 12276,12276,shopping,cash,,
mutual fund sip me 21494 rupay invest kia cash se,21494,investment,cash,,
loan ka bike loan emi 22440 rupye card se pay kiyaa,22440,emi,card,,
concert ticket ka ticket 32308 rs me liya cash se,32308,entertainment,cash,,
38119 rs. ka bike loan emi installment cash se diye,38119,emi,cash,,
hospital bill pe 24208 rupaye khrcha hui davai pe card se,24208,healthcare,card,,
Hospital bill INR 11279,11279,healthcare,cash,,
Medical test charges INR 29051,29051,healthcare,card,,
1554 rupaiye stock purchase me daale card se,1554,investment,card,,
hotel booking ki ticket 24121 rupaiye me book kiya cash se,24121,travel,cash,,
PPF contribution INR 39818,39818,investment,card,,
Flipkart order INR 43137,43137,shopping,card,,
aaj mutual fund sip me 13070 rupye lagaye cash se,13070,investment,cash,,
24174 rupye lga hotel booking me upi se die,24174,travel,upi,,
Home loan EMI INR 3558,3558,emi,upi,,
personal loan installment ki EMI 41802 rupay cash se bharaa,41802,emi,cash,,
25225 rupay kharch kiyaa netflix subscription pe upi se,25225,entertainment,upi,,
credit card emi EMI 18302 rupye kat gaye upi se,18302,emi,upi,,
32193 rs ka hospital bill bill aaya card se pay kiya,32193,healthcare,card,,
Fixed deposit investment INR 26392,26392,investment,upi,,
padhai ke liye library fee pe 27684 rupaiye kharchaa kya card se,27684,education,card,,
Train ticket IRCTC INR 33695,33695,travel,upi,,
Clothing store bill INR 7029,7029,shopping,card,,
Doctor consultation INR 35787,35787,healthcare,card,,
concert ticket ka ticket 27093 rupaye me lia cash se,27093,entertainment,cash,,
aaj bus ticket liyaa 606 rs cash se pay kiyaa,606,travel,cash,,
online shopping payment pe shopping kya 43835 rupaiye khrcha card se,43835,shopping,card,,
flipkart order pe shopping kiya 22995 rupaiye kharchaa cash se,22995,shopping,cash,,
36250 rupaiye ka gas bill payment bill pay kiyaa upi se,36250,utilities,upi,,
netflix subscription ka ticket 25225 rupaye me liyaa upi se,25225,entertainment,upi,,
Online course subscription INR 43331,43331,education,upi,,
Clothing store bill INR 41776,41776,shopping,card,,
food court payment ka khana 42951 rupaiye me aaya upi se diyee,42951,food,upi,,
Home loan EMI INR 33306,33306,emi,cash,,
swiggy order me 5692 rupye ka khana khaya cash se,5692,food,cash,,
5263 rupaiye kharch kiya netflix subscription pe upi se,5263,entertainment,upi,,
doctor consultation pe 33391 rupye kharcha hui davai pe card se,33391,healthcare,card,,
Internet recharge INR 26351,26351,utilities,cash,,
Ola cab INR 6339,6339,travel,upi,,
Ola cab INR 48830,48830,travel,card,,
loan ka credit card emi 14153 rupaye cash se pay kiyaa,14153,emi,cash,,
Messy outlier tx csh,99999999,misc,UPIID123,,
Ola cab INR 39480,39480,travel,cash,,
Netflix subscription INR 27484,27484,entertainment,cash,,
"pizza delivery pe 46891 ka bill tha, cash se pay kya",46891,food,cash,,
Hotel booking INR 10845,10845,travel,card,,
swiggy order ka khana 46783 rs. me aaya cash se diye,46783,food,cash,,
Exam fee INR 23550,23550,education,upi,,
Swiggy order INR 25051,25051,food,cash,,
41083 rupaiye ka bike loan emi installment upi se diyee,41083,emi,upi,,
just random text 123,0,error,ccard,,EDA test row
aaj train ticket irctc liyaa 36320 rupay cash se pay kya,36320,travel,cash,,
Library fee INR 11520,11520,education,upi,,
padhai ke liye exam fee pe 8970 rupaiye kharch kiyaa card se,8970,education,card,,
24221 rupaiye kharch kiyaa game purchase pe upi se,24221,entertainment,upi,,
Bike loan EMI INR 14878,14878,emi,upi,,
Online shopping payment INR 28164,28164,shopping,card,,
electricity bill payment recharge kiya 35065 rs card se,35065,utilities,card,,
mobile recharge recharge kia 24747 rupaye card se,24747,utilities,card,,
Hospital bill INR 724,724,healthcare,upi,,
Ola cab INR 6097,6097,travel,upi,,
!@#$%^&*(),-100,1234,unknown,,
Doctor consultation INR 47452,47452,healthcare,upi,,
Stock purchase INR 14496,14496,investment,card,,
38908 rupaye ka car loan emi installment cash se diy,38908,emi,cash,,
Hospital bill INR 24420,24420,healthcare,upi,,
Medical test charges INR 34459,34459,healthcare,cash,,
Messy outlier tx paypal,NaN,,paypal,Mumbai,
Crypto investment INR 37992,37992,investment,upi,,
electronics shopping se 9846 rupaiye ka shopping kia card se,9846,shopping,card,,
Cafe coffee INR 19701,19701,food,upi,,
Doctor consultation INR 17396,17396,healthcare,card,,
online electronics shopping se 44640 ka saman lia cash se pay kya,44640,shopping,cash,,
Medical test charges INR 15222,15222,healthcare,card,,
flipkart order pe shopping kya 15439 rs. kharcha upi se,15439,shopping,upi,,
Hospital bill INR 35522,35522,healthcare,cash,,
flipkart order se 7479 rupye ka shopping kia upi se,7479,shopping,upi,,
loan ka home loan emi 30349 rupye cash se pay kiyaa,30349,emi,cash,,
Library fee INR 31424,31424,education,card,,
Cafe coffee INR 48843,48843,food,card,,
hotel booking ki ticket 42168 rs. me book kia card se,42168,travel,card,,
Messy outlier tx UPIID123,NULL,error,bitcoin,,
pizza delivery ka khana 35963 rupaye me aaya upi se diyee,35963,food,upi,,
Home loan EMI INR 45506,45506,emi,upi,,
game purchase ka subscription 2809 rupaiye card se renew kia,2809,entertainment,card,,
Fixed deposit investment INR 41097,41097,investment,card,,
Personal loan installment INR 10558,10558,emi,cash,,
just random text 123,,misc,bitcoin,,
12969 rs lagaa bus ticket me card se diye,12969,travel,card,,
aaj uber ride liyaa 16659 rs card se pay kiyaa,16659,travel,card,,
drop table users;,NULL,unknown,bitcoin,Delhi,
doctor ke yahan 2701 rupaiye lgaa upi se diye,2701,healthcare,upi,,
bike loan emi EMI 40005 rupaiye kat gaye cash se,40005,emi,cash,,
10809 rs ka home loan emi installment card se diyee,10809,emi,card,,
Personal loan installment INR 48547,48547,emi,upi,,
netflix subscription dekha 44364 rs. laga upi se diye,44364,entertainment,upi,,
credit card emi ki EMI 32186 rs card se bhara,32186,emi,card,,
college fees payment ki fees 34118 rupye card se bhra,34118,education,card,,
35065 rupaye ka electricity bill payment bill pay kya card se,35065,utilities,card,,
1411 rupay ka order die flipkart order pe card se,1411,shopping,card,,
online electronics shopping se 8213 ka saman liya upi se pay kiya,8213,shopping,upi,,
Flipkart order INR 33697,33697,shopping,upi,,
Medical test charges INR 45967,45967,healthcare,upi,,
bus ticket ka kiraya 16317 rs. diye card se,16317,travel,card,,
hotel booking ka kiraya 43691 rupaiye die upi se,43691,travel,upi,,
Pizza delivery INR 18590,18590,food,cash,,
Messy outlier tx unknown,NULL,1234,UPIID123,,
aaj stock purchase me 49841 rupaye lagaye upi se,49841,investment,upi,,
padhai ke liye library fee pe 5912 rupaye khrcha kia upi se,5912,education,upi,,
Ola cab INR 12220,12220,travel,cash,,
PPF contribution INR 18507,18507,investment,upi,,
Swiggy order INR 4655,4655,food,cash,,
17271 rs lgaa uber ride me upi se die,17271,travel,upi,,
19748 rupay ka mobile recharge bill pay kia upi se,19748,utilities,upi,,
Exam fee INR 22135,22135,education,cash,,
ppf contribution me 43053 rs invest kiya card se,43053,investment,card,,
pharmacy medicine purchase pe 6863 rupaye kharcha hui davai pe cash se,6863,healthcare,cash,,
electricity bill payment ka bill 44822 rs. cash se bharaa,44822,utilities,cash,,
Stock purchase INR 37299,37299,investment,cash,,
Bike loan EMI INR 40005,40005,emi,cash,,
Messy outlier tx unknown,five hundred,,ccard,,
Pharmacy medicine purchase INR 13852,13852,healthcare,upi,,
mutual fund sip ka SIP 44947 rupaye upi se bharaa,44947,investment,upi,,
<script>alert('xss')</script>,-5000,unknown,ccard,Delhi,
clothing store bill se 7113 rupaiye ka shopping kya cash se,7113,shopping,cash,,
cafe coffee ka khana 28642 rupye me aaya cash se die,28642,food,cash,,
aaj internet recharge ka 45125 rs ka bill upi se bhara,45125,utilities,upi,,
water bill recharge kiya 2800 rs card se,2800,utilities,card,,
college fees payment ki fees 47985 rupye cash se bhra,47985,education,cash,,
Medical test charges INR 17888,17888,healthcare,cash,,
library fee ka course 38387 rupay me liya cash se pay kiya,38387,education,cash,,
44652 rs. stock purchase me daale card se,44652,investment,card,,
Water bill INR 43625,43625,utilities,upi,,
Car loan EMI INR 17303,17303,emi,upi,,
Messy outlier tx ccard,NULL,blabla,unknown,NaN,EDA test row
46672 rupye ka gas bill payment bill pay kiya upi se,46672,utilities,upi,,
Lunch at hotel INR 33931,33931,food,upi,,
ppf contribution ka SIP 37359 rupaiye upi se bhara,37359,investment,upi,,
41134 rupaiye ka order diyee amazon purchase pe cash se,41134,shopping,cash,,
Gas bill payment INR 1407,1407,utilities,cash,,
Game purchase INR 49655,49655,entertainment,card,,
Hotel booking INR 43691,43691,travel,upi,,
loan ka credit card emi 8141 rupaye cash se pay kia,8141,emi,cash,,
game purchase ka subscription 49655 rupay card se renew kia,49655,entertainment,card,,
Electricity bill payment INR 22313,22313,utilities,upi,,
20388 rupye ka water bill bill pay kya card se,20388,utilities,card,,
loan ka credit card emi 18928 rs card se pay kya,18928,emi,card,,
Hospital bill INR 27508,27508,healthcare,cash,,
724 rupaiye ka hospital bill bill aaya upi se pay kiya,724,healthcare,upi,,
doctor ke yahan 15222 rupaye lga card se diy,15222,healthcare,card,,
40798 rs die exam fee ke liye upi se,40798,education,upi,,
uber ride ki ticket 26497 rs me book kiyaa card se,26497,travel,card,,
gas bill payment recharge kia 7621 rs. card se,7621,utilities,card,,
Movie ticket booking INR 2852,2852,entertainment,cash,,
aaj stock purchase me 27435 rs. lagaye upi se,27435,investment,upi,,
online electronics shopping se 4429 ka saman lia card se pay kya,4429,shopping,card,,
23150 rupye die college fees payment ke liye upi se,23150,education,upi,,
Swiggy order INR 12488,12488,food,upi,,
19481 rs karcha kia cafe coffee pe cash se,19481,food,cash,,
doctor consultation me 33024 rs. kharch hua upi se diyee,33024,healthcare,upi,,
hotel booking ka kiraya 4219 rs. diyee cash se,4219,travel,cash,,
45506 rupye ka home loan emi installment upi se diyee,45506,emi,upi,,
Home loan EMI INR 45326,45326,emi,cash,,
Library fee INR 32630,32630,education,cash,,
21048 rs lagaa train ticket irctc me cash se die,21048,travel,cash,,
ppf contribution me 13598 rupay invest kia upi se,13598,investment,upi,,
Doctor consultation INR 38968,38968,healthcare,card,,
online electronics shopping se 3182 ka saman lya cash se pay kiyaa,3182,shopping,cash,,
hotel booking ka kiraya 6270 rupye die upi se,6270,travel,upi,,
aaj bus ticket liyaa 20140 rupaye card se pay kiya,20140,travel,card,,
Cafe coffee INR 31001,31001,food,upi,,
Concert ticket INR 41654,41654,entertainment,cash,,
aaj lunch at hotel se khana order kya 36960 rupaye card se diyee,36960,food,card,,
padhai ke liye exam fee pe 6918 rupaye kharchaa kia cash se,6918,education,cash,,
Movie ticket booking INR 43796,43796,entertainment,cash,,
crypto investment me 43862 rs invest kiyaa upi se,43862,investment,upi,,
Online course subscription INR 2192,2192,education,cash,,
2602 rs. ka electricity bill payment bill pay kiya card se,2602,utilities,card,,
online shopping payment se 1586 rupaiye ka shopping kiya upi se,1586,shopping,upi,,
Exam fee INR 9760,9760,education,card,,
Concert ticket INR 17749,17749,entertainment,card,,
Messy outlier tx UPIID123,-5000,unknown,123,,
Car loan EMI INR 3218,3218,emi,card,,
hospital bill me 44223 rupaye kharch hua upi se diy,44223,healthcare,upi,,
Mutual fund SIP INR 29688,29688,investment,card,,
Internet recharge INR 11450,11450,utilities,cash,,
44223 rupaiye ka hospital bill bill aaya upi se pay kiyaa,44223,healthcare,upi,,
aaj bus ticket liya 22422 rupay cash se pay kia,22422,travel,cash,,
Concert ticket INR 22404,22404,entertainment,card,,
Library fee INR 33733,33733,education,upi,,
drop table users;,"1,000",,csh,,
car loan emi ki EMI 16355 rupaiye upi se bhra,16355,emi,upi,,
Hotel booking INR 11927,11927,travel,upi,,
hospital bill me 45616 rupay kharchaa hua card se diyee,45616,healthcare,card,,
Messy outlier tx paypal,NULL,shopping_err,,Unknown,
online shopping payment se 28164 rupaye ka shopping kya card se,28164,shopping,card,,
Ola cab INR 6168,6168,travel,cash,,
home loan emi EMI 41371 rupaiye kat gaye cash se,41371,emi,cash,,
Library fee INR 36137,36137,education,card,,
doctor ke yahan 37180 rs laga upi se diyee,37180,healthcare,upi,,
Pharmacy medicine purchase INR 43344,43344,healthcare,upi,,
zomato dinner me 20350 rs. ka khana khaaya upi se,20350,food,upi,,
padhai ke liye library fee pe 28565 rs kharchaa kiyaa card se,28565,education,card,,
Movie ticket booking INR 18567,18567,entertainment,card,,
Hotel booking INR 42168,42168,travel,card,,
loan ka personal loan installment 33184 rs cash se pay kiya,33184,emi,cash,,
aaj restaurant bill se khana order kya 36124 rs card se die,36124,food,card,,
Uber ride INR 2094,2094,travel,upi,,
stock purchase ka SIP 34012 rupaiye cash se bhra,34012,investment,cash,,
494 rupye khrcha kiya concert ticket pe card se,494,entertainment,card,,
Train ticket IRCTC INR 12220,12220,travel,card,,
Concert ticket INR 32630,32630,entertainment,card,,
college fees payment ka course 40804 rupay me liya card se pay kya,40804,education,card,,
internet recharge ka bill 18016 rupaiye card se bharaa,18016,utilities,card,,
Hotel booking INR 10757,10757,travel,upi,,
Food court payment INR 874,874,food,upi,,
!@#$%^&*(),-5000,blabla,,,
home loan emi EMI 4088 rs. kat gaye cash se,4088,emi,cash,,
PPF contribution INR 36799,36799,investment,card,,
online shopping payment se 34527 rupaiye ka shopping kia upi se,34527,shopping,upi,,
Online course subscription INR 40270,40270,education,upi,,
padhai ke liye college fees payment pe 18694 rs. karcha kiyaa card se,18694,education,card,,
gas bill payment ka bill 36250 rupye upi se bharra,36250,utilities,upi,,
just random text 123,-5000,1234,ccard,,
stock purchase me 49841 rs. invest kia upi se,49841,investment,upi,,
college fees payment ka course 42660 rs me liyaa cash se pay kiyaa,42660,education,cash,,
Concert ticket INR 36543,36543,entertainment,upi,,
credit card emi EMI 33964 rupye kat gaye upi se,33964,emi,upi,,
Hospital bill INR 9625,9625,healthcare,card,,
Uber ride INR 5430,5430,travel,cash,,
online course subscription ki fees 44130 rupay cash se bharaa,44130,education,cash,,
just random text 123,99999999,shopping_err,UPIID123,,
,-5000,misc,csh,,
Medical test charges INR 5169,5169,healthcare,card,,
food court payment ka khana 49572 rupaye me aaya upi se diye,49572,food,upi,,
train ticket irctc ka kiraya 43827 rupaye die cash se,43827,travel,cash,,
2436 rupaye die online course subscription ke liye upi se,2436,education,upi,,
personal loan installment ki EMI 6446 rupaiye cash se bhara,6446,emi,cash,,
car loan emi EMI 48569 rupaye kat gaye upi se,48569,emi,upi,,
Water bill INR 25603,25603,utilities,cash,,
Gas bill payment INR 25781,25781,utilities,cash,,
Electricity bill payment INR 32705,32705,utilities,cash,,
Library fee INR 39805,39805,education,cash,,
Bike loan EMI INR 37761,37761,emi,card,,
food court payment ka khana 29440 rs. me aaya cash se diyee,29440,food,cash,,
Bike loan EMI INR 34820,34820,emi,cash,,
Hospital bill INR 34847,34847,healthcare,cash,,
Movie ticket booking INR 31421,31421,entertainment,cash,,
Train ticket IRCTC INR 22609,22609,travel,upi,,
Personal loan installment INR 41367,41367,emi,upi,,
credit card emi EMI 2925 rs. kat gaye cash se,2925,emi,cash,,
Concert ticket INR 14459,14459,entertainment,cash,,
hospital bill pe 14764 rupye kharcha hui davai pe cash se,14764,healthcare,cash,,
Medical test charges INR 45570,45570,healthcare,card,,
clothing store bill pe shopping kiya 12880 rs karcha card se,12880,shopping,card,,
aaj pizza delivery se khana order kya 49494 rupaiye cash se diyee,49494,food,cash,,
10845 rupaiye lagaa hotel booking me card se diyee,10845,travel,card,,
food court payment me 29176 rupye ka khana khya card se,29176,food,card,,
14764 rs ka hospital bill bill aaya cash se pay kiyaa,14764,healthcare,cash,,
43212 rs. ka personal loan installment installment upi se diye,43212,emi,upi,,
Electricity bill payment INR 45479,45479,utilities,upi,,
padhai ke liye library fee pe 29405 rupay kharcha kiya card se,29405,education,card,,
Bus ticket INR 12969,12969,travel,card,,
Cafe coffee INR 28642,28642,food,cash,,
personal loan installment EMI 25049 rupay kat gaye card se,25049,emi,card,,
online amazon purchase se 29532 ka saman lia card se pay kia,29532,shopping,card,,
aaj crypto investment me 39704 rs. lagaye card se,39704,investment,card,,
Fixed deposit investment INR 35463,35463,investment,card,,
Doctor consultation INR 25297,25297,healthcare,card,,
home loan emi EMI 18872 rupaye kat gaye cash se,18872,emi,cash,,
Flipkart order INR 35043,35043,shopping,card,,
Fixed deposit investment INR 28570,28570,investment,upi,,
30192 rupay ka home loan emi installment card se die,30192,emi,card,,
Library fee INR 23664,23664,education,upi,,
Movie ticket booking INR 24591,24591,entertainment,upi,,
concert ticket dekha 41437 rs lgaa cash se die,41437,entertainment,cash,,
Personal loan installment INR 19923,19923,emi,card,,
College fees payment INR 23150,23150,education,upi,,
Crypto investment INR 507,507,investment,card,,
Medical test charges INR 47123,47123,healthcare,card,,
Exam fee INR 4436,4436,education,cash,,
College fees payment INR 42660,42660,education,cash,,
36137 rupaiye die library fee ke liye card se,36137,education,card,,
257 rupye ka order diyee amazon purchase pe card se,257,shopping,card,,
Library fee INR 29405,29405,education,card,,
Game purchase INR 42388,42388,entertainment,card,,
aaj flight ticket booking lia 4564 rupaye upi se pay kia,4564,travel,upi,,
ola cab ki ticket 23688 rs. me book kiyaa cash se,23688,travel,cash,,
Car loan EMI INR 39304,39304,emi,upi,,
online amazon purchase se 37279 ka saman lia cash se pay kiyaa,37279,shopping,cash,,
just random text 123,-5000,error,123,NULL,
Doctor consultation INR 19941,19941,healthcare,upi,,
Messy outlier tx ccard,,,ccard,,
16771 rupaiye lga hotel booking me cash se die,16771,travel,cash,,
doctor consultation pe 14903 rupaye kharch hui davai pe upi se,14903,healthcare,upi,,
online flipkart order se 38485 ka saman liya card se pay kia,38485,shopping,card,,
Movie ticket booking INR 26131,26131,entertainment,upi,,
Home loan EMI INR 20444,20444,emi,cash,,
pharmacy medicine purchase me 40800 rs kharch hua cash se diy,40800,healthcare,cash,,
24322 rupay ka personal loan installment installment upi se diye,24322,emi,upi,,
online clothing store bill se 18986 ka saman lia cash se pay kiya,18986,shopping,cash,,
39473 rupaye ka pharmacy medicine purchase bill aaya cash se pay kia,39473,healthcare,cash,,
Mutual fund SIP INR 49507,49507,investment,card,,
Gas bill payment INR 40346,40346,utilities,card,,
pharmacy medicine purchase me 9602 rupay karcha hua cash se die,9602,healthcare,cash,,
padhai ke liye library fee pe 29683 rs karcha kiyaa upi se,29683,education,upi,,
11347 rs ka electricity bill payment bill pay kya card se,11347,utilities,card,,
flight ticket booking ka kiraya 4564 rs diyee upi se,4564,travel,upi,,
aaj internet recharge ka 20639 rupye ka bill upi se bhra,20639,utilities,upi,,
Lunch at hotel INR 41867,41867,food,card,,
Zomato dinner INR 29492,29492,food,cash,,
online course subscription ki fees 39601 rupaye card se bharaa,39601,education,card,,
loan ka home loan emi 38465 rupaiye upi se pay kiya,38465,emi,upi,,
gas bill payment recharge kiya 46672 rupye upi se,46672,utilities,upi,,
netflix subscription ka subscription 34435 rupye upi se renew kia,34435,entertainment,upi,,
Amazon purchase INR 15088,15088,shopping,card,,
aaj lunch at hotel se khana order kia 12649 rs. upi se diy,12649,food,upi,,
43294 rupaiye ppf contribution me daale upi se,43294,investment,upi,,
ola cab ki ticket 9983 rupye me book kiya card se,9983,travel,card,,
Medical test charges INR 27426,27426,healthcare,cash,,
padhai ke liye exam fee pe 35334 rupaye kharchaa kiya card se,35334,education,card,,
Internet recharge INR 45125,45125,utilities,upi,,
Pharmacy medicine purchase INR 25897,25897,healthcare,cash,,
doctor ke yahan 5037 rs. laga card se die,5037,healthcare,card,,
crypto investment me 24114 rupaiye invest kia cash se,24114,investment,cash,,
13072 rupaye ka internet recharge bill pay kiyaa cash se,13072,utilities,cash,,
,NULL,shopping_err,paypal,,EDA test row
14496 rupaiye stock purchase me daale card se,14496,investment,card,,
aaj flight ticket booking liya 48115 rupaiye card se pay kiya,48115,travel,card,,
loan ka personal loan installment 10558 rupay cash se pay kia,10558,emi,cash,,
Hotel booking INR 35701,35701,travel,upi,,
College fees payment INR 5290,5290,education,card,,
bus ticket ki ticket 20930 rs me book kiyaa cash se,20930,travel,cash,,
Pharmacy medicine purchase INR 32661,32661,healthcare,card,,
hospital bill pe 12672 rupaye karcha hui davai pe upi se,12672,healthcare,upi,,
16152 rs ka internet recharge bill pay kiyaa upi se,16152,utilities,upi,,
flipkart order se 15439 rupay ka shopping kiya upi se,15439,shopping,upi,,
Crypto investment INR 32439,32439,investment,upi,,
Messy outlier tx ,"1,000",,bitcoin,,EDA test row
6852 rupye kharchaa kya zomato dinner pe card se,6852,food,card,,
Library fee INR 44452,44452,education,card,,
ppf contribution ka SIP 10474 rs upi se bhra,10474,investment,upi,,
Online shopping payment INR 3536,3536,shopping,upi,,
Flipkart order INR 7479,7479,shopping,card,,
Stock purchase INR 1123,1123,investment,card,,
Hospital bill INR 41264,41264,healthcare,card,,
water bill ka bill 10694 rupaiye card se bhara,10694,utilities,card,,
,"1,000",1234,paypal,,
41679 rs ka medical test charges bill aaya upi se pay kya,41679,healthcare,upi,,
amazon purchase se 29532 rs. ka shopping kiyaa card se,29532,shopping,card,,
Online course subscription INR 45528,45528,education,cash,,
Exam fee INR 43627,43627,education,card,,
aaj electricity bill payment ka 11347 rupaiye ka bill card se bhara,11347,utilities,card,,
hotel booking ki ticket 45855 rupye me book kia cash se,45855,travel,cash,,
doctor consultation me 26526 rupay karcha hua upi se die,26526,healthcare,upi,,
"cafe coffee pe 28642 ka bill tha, cash se pay kya",28642,food,cash,,
Hospital bill INR 44223,44223,healthcare,upi,,
Electronics shopping INR 20593,20593,shopping,upi,,
Flipkart order INR 38485,38485,shopping,card,,
Hotel booking INR 2655,2655,travel,upi,,
doctor consultation pe 27196 rupaiye karcha hui davai pe card se,27196,healthcare,card,,
Online shopping payment INR 46189,46189,shopping,upi,,
library fee ki fees 29683 rupaye upi se bhra,29683,education,upi,,
Water bill INR 15742,15742,utilities,upi,,
Amazon purchase INR 34623,34623,shopping,cash,,
Train ticket IRCTC INR 16575,16575,travel,upi,,
Exam fee INR 10986,10986,education,upi,,
pizza delivery me 39223 rupye ka khana khya card se,39223,food,card,,
10308 rupye khrcha kia restaurant bill pe cash se,10308,food,cash,,
2935 rupay khrcha kiya food court payment pe cash se,2935,food,cash,,
Internet recharge INR 30520,30520,utilities,upi,,
Home loan EMI INR 44640,44640,emi,upi,,
Stock purchase INR 9736,9736,investment,upi,,
42304 rupaye mutual fund sip me daale cash se,42304,investment,cash,,
Zomato dinner INR 40955,40955,food,card,,
Flight ticket booking INR 36178,36178,travel,cash,,
electricity bill payment ka bill 32705 rs. cash se bhra,32705,utilities,cash,,
39175 rupay ka credit card emi installment upi se diy,39175,emi,upi,,
Pharmacy medicine purchase INR 17345,17345,healthcare,card,,
pharmacy medicine purchase me 49301 rs. karcha hua cash se diyee,49301,healthcare,cash,,
Online course subscription INR 43497,43497,education,cash,,
Restaurant bill INR 17154,17154,food,card,,
Movie ticket booking INR 30543,30543,entertainment,card,,
clothing store bill se 12880 rs. ka shopping kia card se,12880,shopping,card,,
Ola cab INR 1590,1590,travel,upi,,
loan ka bike loan emi 14361 rs card se pay kya,14361,emi,card,,
Cafe coffee INR 31429,31429,food,cash,,
Amazon purchase INR 8762,8762,shopping,cash,,
23342 rs khrcha kiyaa food court payment pe cash se,23342,food,cash,,
22871 rupye ka pharmacy medicine purchase bill aaya card se pay kya,22871,healthcare,card,,
46390 rupay mutual fund sip me daale card se,46390,investment,card,,
Hospital bill INR 39512,39512,healthcare,upi,,
College fees payment INR 40818,40818,education,card,,
aaj cafe coffee se khana order kiya 37514 rupaiye card se diy,37514,food,card,,
null,NULL,error,ccard,,
12649 rs. karcha kiyaa lunch at hotel pe upi se,12649,food,upi,,
aaj hotel booking lia 20442 rs card se pay kiyaa,20442,travel,card,,
Messy outlier tx csh,five hundred,unknown,ccard,,
"restaurant bill pe 42457 ka bill tha, cash se pay kiyaa",42457,food,cash,,
Messy outlier tx ,-100,misc,bitcoin,,
exam fee ki fees 49514 rupye upi se bhra,49514,education,upi,,
bus ticket ki ticket 16317 rupay me book kya card se,16317,travel,card,,
uber ride ki ticket 15034 rs. me book kiyaa card se,15034,travel,card,,
Hospital bill INR 47829,47829,healthcare,cash,,
Swiggy order INR 5692,5692,food,cash,,
Crypto investment INR 5216,5216,investment,upi,,
5423 rupaiye mutual fund sip me daale cash se,5423,investment,cash,,
Train ticket IRCTC INR 27394,27394,travel,card,,
Bus ticket INR 16317,16317,travel,card,,
electronics shopping pe shopping kiya 3182 rupaiye khrcha cash se,3182,shopping,cash,,
test transaction do not process,99999999,unknown,unknown,,
loan ka home loan emi 41371 rs. cash se pay kiyaa,41371,emi,cash,,
aaj hotel booking lia 2655 rs. upi se pay kiyaa,2655,travel,upi,,
Mobile recharge INR 20130,20130,utilities,upi,,
Messy outlier tx ,0,blabla,123,,EDA test row
Cafe coffee INR 12169,12169,food,upi,,
ppf contribution me 17397 rupaiye invest kya card se,17397,investment,card,,
online flipkart order se 48118 ka saman liyaa cash se pay kiya,48118,shopping,cash,,
aaj internet recharge ka 38381 rupay ka bill upi se bharaa,38381,utilities,upi,,
Stock purchase INR 34012,34012,investment,cash,,
20501 rs. ka water bill bill pay kiya upi se,20501,utilities,upi,,
Messy outlier tx unknown,0,misc,,NULL,
padhai ke liye exam fee pe 46161 rupye khrcha kiya card se,46161,education,card,,
aaj ppf contribution me 24954 rupaye lagaye cash se,24954,investment,cash,,
36320 rupaye lagaa train ticket irctc me cash se diye,36320,travel,cash,,
Mobile recharge INR 36285,36285,utilities,cash,,
doctor ke yahan 39473 rupay laga cash se diy,39473,healthcare,cash,,
931 rs. kharchaa kya pizza delivery pe card se,931,food,card,,
!@#$%^&*(),-5000,unknown,123,,
13573 rs. ka personal loan installment installment upi se diyee,13573,emi,upi,,
aaj fixed deposit investment me 41591 rupye lagaye upi se,41591,investment,upi,,
aaj mobile recharge ka 44496 rupaye ka bill card se bharaa,44496,utilities,card,,
Exam fee INR 8233,8233,education,card,,
Mobile recharge INR 32382,32382,utilities,cash,,
Netflix subscription INR 16538,16538,entertainment,upi,,
Credit card EMI INR 37737,37737,emi,cash,,
college fees payment ka course 48851 rupaye me liya cash se pay kia,48851,education,cash,,
Messy outlier tx paypal,NaN,shopping_err,csh,,
fixed deposit investment ka SIP 43173 rupaiye cash se bharra,43173,investment,cash,,
aaj internet recharge ka 45866 rs ka bill upi se bharra,45866,utilities,upi,,
loan ka home loan emi 33306 rs. cash se pay kya,33306,emi,cash,,
Flipkart order INR 13771,13771,shopping,card,,
Electronics shopping INR 18134,18134,shopping,cash,,
electronics shopping pe shopping kiya 45288 rs kharcha card se,45288,shopping,card,,
netflix subscription dekha 27484 rs. lga cash se diy,27484,entertainment,cash,,
Concert ticket INR 494,494,entertainment,card,,
Train ticket IRCTC INR 22566,22566,travel,upi,,
Library fee INR 3411,3411,education,cash,,
2106 rs lagaa uber ride me cash se diy,2106,travel,cash,,
zomato dinner me 6852 rupaiye ka khana khya card se,6852,food,card,,
Water bill INR 29403,29403,utilities,cash,,
33697 rs. ka order diyee flipkart order pe upi se,33697,shopping,upi,,
Doctor consultation INR 23103,23103,healthcare,cash,,
Pharmacy medicine purchase INR 14353,14353,healthcare,card,,
12276 rupye ka order diyee electronics shopping pe cash se,12276,shopping,cash,,
movie ticket booking dekha 20566 rupay lgaa card se diyee,20566,entertainment,card,,
Bus ticket INR 36387,36387,travel,cash,,
lunch at hotel me 7034 rupay ka khana khaya upi se,7034,food,upi,,
loan ka car loan emi 4320 rupye cash se pay kya,4320,emi,cash,,
38968 rupye kharchaa kia concert ticket pe card se,38968,entertainment,card,,
Hospital bill INR 19544,19544,healthcare,cash,,
clothing store bill se 29471 rupaiye ka shopping kiya card se,29471,shopping,card,,
netflix subscription ka ticket 3489 rupay me lya upi se,3489,entertainment,upi,,
Concert ticket INR 18708,18708,entertainment,card,,
Library fee INR 29683,29683,education,upi,,
credit card emi ki EMI 43683 rupaiye card se bhara,43683,emi,card,,
medical test charges pe 41679 rupay khrcha hui davai pe upi se,41679,healthcare,upi,,
Car loan EMI INR 6265,6265,emi,cash,,
PPF contribution INR 32284,32284,investment,upi,,
Library fee INR 12710,12710,education,card,,
Game purchase INR 45916,45916,entertainment,upi,,
742 rupaiye ka internet recharge bill pay kya card se,742,utilities,card,,
Credit card EMI INR 16906,16906,emi,upi,,
College fees payment INR 34382,34382,education,upi,,
ola cab ki ticket 26683 rs. me book kya card se,26683,travel,card,,
Messy outlier tx csh,"1,000",shopping_err,csh,Mumbai,
padhai ke liye exam fee pe 9321 rupaiye kharchaa kia upi se,9321,education,upi,,
hospital bill pe 24420 rupye kharchaa hui davai pe upi se,24420,healthcare,upi,,
doctor consultation pe 2667 rupay karcha hui davai pe cash se,2667,healthcare,cash,,
medical test charges pe 4436 rs. kharch hui davai pe card se,4436,healthcare,card,,
PPF contribution INR 38046,38046,investment,upi,,
electronics shopping pe shopping kiyaa 6159 rs. khrcha cash se,6159,shopping,cash,,
Electronics shopping INR 9846,9846,shopping,card,,
padhai ke liye college fees payment pe 1210 rupaiye kharchaa kia cash se,1210,education,cash,,
padhai ke liye college fees payment pe 21794 rupaye kharch kiyaa card se,21794,education,card,,
library fee ka course 39805 rupay me lya cash se pay kia,39805,education,cash,,
Clothing store bill INR 30444,30444,shopping,upi,,
23907 rupay kharcha kiyaa restaurant bill pe cash se,23907,food,cash,,
movie ticket booking ka ticket 14999 rs. me lya upi se,14999,entertainment,upi,,
Train ticket IRCTC INR 49758,49758,travel,cash,,
null,"1,000",error,123,,
Clothing store bill INR 1614,1614,shopping,cash,,
33733 rs. diy library fee ke liye upi se,33733,education,upi,,
6837 rs. ka medical test charges bill aaya upi se pay kiyaa,6837,healthcare,upi,,
College fees payment INR 1210,1210,education,cash,,
swiggy order me 7352 rupay ka khana khaaya card se,7352,food,card,,
Game purchase INR 34701,34701,entertainment,card,,
Personal loan installment INR 6446,6446,emi,cash,,
Messy outlier tx csh,-100,error,,NULL,
internet recharge ka bill 13072 rupaiye cash se bharra,13072,utilities,cash,,
doctor ke yahan 26410 rupay laga card se diyee,26410,healthcare,card,,
Pizza delivery INR 39223,39223,food,card,,
Fixed deposit investment INR 43173,43173,investment,cash,,
42375 rupay khrcha kia movie ticket booking pe card se,42375,entertainment,card,,
uber ride ka kiraya 10685 rupye die upi se,10685,travel,upi,,
doctor ke yahan 1311 rupye lga upi se diy,1311,healthcare,upi,,
mobile recharge ka bill 17970 rs cash se bharra,17970,utilities,cash,,
Medical test charges INR 4436,4436,healthcare,card,,
amazon purchase se 25052 rupay ka shopping kiyaa upi se,25052,shopping,upi,,
Mutual fund SIP INR 19084,19084,investment,card,,
PPF contribution INR 48667,48667,investment,card,,
just random text 123,NaN,misc,ccard,,
crypto investment me 5216 rupay invest kya upi se,5216,investment,upi,,
clothing store bill pe shopping kiya 41776 rupaiye khrcha card se,41776,shopping,card,,
test transaction do not process,five hundred,shopping_err,csh,,
home loan emi ki EMI 186 rupaye cash se bharaa,186,emi,cash,,
25015 rupye kharch kiyaa zomato dinner pe upi se,25015,food,upi,,
aaj ola cab lia 6097 rupye upi se pay kiya,6097,travel,upi,,
electronics shopping pe shopping kiya 16158 rupaiye kharchaa card se,16158,shopping,card,,
Bike loan EMI INR 14361,14361,emi,card,,
aaj electricity bill payment ka 45479 rs. ka bill upi se bharaa,45479,utilities,upi,,
netflix subscription ka subscription 22830 rs. card se renew kiya,22830,entertainment,card,,
ppf contribution me 42510 rupaiye invest kya card se,42510,investment,card,,
library fee ka course 29029 rupye me liya cash se pay kiya,29029,education,cash,,
college fees payment ki fees 27700 rs. card se bhra,27700,education,card,,
Bus ticket INR 6052,6052,travel,card,,
internet recharge ka bill 25658 rupaiye card se bharaa,25658,utilities,card,,
Flipkart order INR 23890,23890,shopping,card,,
22548 rs. diyee online course subscription ke liye upi se,22548,education,upi,,
Lunch at hotel INR 36960,36960,food,card,,
aaj hotel booking lya 40570 rs cash se pay kia,40570,travel,cash,,
hotel booking ka kiraya 10523 rs. diyee card se,10523,travel,card,,
train ticket irctc ka kiraya 12220 rupaiye diy card se,12220,travel,card,,
Game purchase INR 33524,33524,entertainment,cash,,
Messy outlier tx 123,,error,bitcoin,Mumbai,
water bill recharge kia 15742 rs upi se,15742,utilities,upi,,
Crypto investment INR 10856,10856,investment,card,,
Gas bill payment INR 7621,7621,utilities,card,,
Cafe coffee INR 12376,12376,food,card,,
flight ticket booking ki ticket 46574 rs me book kiyaa upi se,46574,travel,upi,,
Library fee INR 31302,31302,education,upi,,
bike loan emi ki EMI 49497 rupaye upi se bharra,49497,emi,upi,,
Netflix subscription INR 25858,25858,entertainment,cash,,
exam fee ki fees 8970 rupaye card se bhra,8970,education,card,,
hotel booking ki ticket 48576 rupay me book kia card se,48576,travel,card,,
null,"1,000",,paypal,123,
Ola cab INR 17122,17122,travel,upi,,
Amazon purchase INR 4956,4956,shopping,card,,
medical test charges pe 24687 rupye kharcha hui davai pe upi se,24687,healthcare,upi,,
aaj fixed deposit investment me 2149 rupaiye lagaye card se,2149,investment,card,,
loan ka credit card emi 29705 rupay card se pay kya,29705,emi,card,,
Uber ride INR 21449,21449,travel,upi,,
mutual fund sip ka SIP 39358 rupaiye card se bhara,39358,investment,card,,
stock purchase ka SIP 31465 rupaiye upi se bharaa,31465,investment,upi,,
electricity bill payment ka bill 16812 rupaiye cash se bharaa,16812,utilities,cash,,
Mutual fund SIP INR 41835,41835,investment,cash,,
water bill ka bill 29403 rupye cash se bhara,29403,utilities,cash,,
water bill recharge kia 46401 rs upi se,46401,utilities,upi,,
Stock purchase INR 47557,47557,investment,card,,
7932 rupye khrcha kiyaa food court payment pe cash se,7932,food,cash,,
Clothing store bill INR 7113,7113,shopping,cash,,
doctor consultation me 42391 rupaiye karcha hua cash se diye,42391,healthcare,cash,,
Library fee INR 11055,11055,education,upi,,
aaj swiggy order se khana order kya 3507 rs. card se diye,3507,food,card,,
uber ride ka kiraya 17271 rupaiye diy upi se,17271,travel,upi,,
concert ticket ka ticket 21214 rs me liya upi se,21214,entertainment,upi,,
amazon purchase pe shopping kia 19936 rupaiye karcha upi se,19936,shopping,upi,,
NaN,NULL,unknown,bitcoin,NaN,
Credit card EMI INR 18928,18928,emi,card,,
aaj cafe coffee se khana order kya 24955 rupaye cash se diyee,24955,food,cash,,
Food court payment INR 29440,29440,food,cash,,
43796 rupye kharcha kiya movie ticket booking pe cash se,43796,entertainment,cash,,
Home loan EMI INR 30349,30349,emi,cash,,
Medical test charges INR 38809,38809,healthcare,card,,
31269 rs die college fees payment ke liye card se,31269,education,card,,
Cafe coffee INR 38072,38072,food,card,,
Mobile recharge INR 15151,15151,utilities,card,,
21924 rupye lgaa flight ticket booking me cash se diy,21924,travel,cash,,
Mobile recharge INR 39432,39432,utilities,upi,,
Lunch at hotel INR 654,654,food,card,,
pizza delivery me 15700 rupaiye ka khana khayaa upi se,15700,food,upi,,
Messy outlier tx 123,0,blabla,unknown,NULL,
7479 rs. ka order die flipkart order pe card se,7479,shopping,card,,
hospital bill me 16643 rupye kharchaa hua card se diye,16643,healthcare,card,,
Home loan EMI INR 24266,24266,emi,cash,,
774 rupaye khrcha kiyaa movie ticket booking pe cash se,774,entertainment,cash,,
aaj uber ride lya 10666 rs upi se pay kiya,10666,travel,upi,,
loan ka bike loan emi 44302 rupye cash se pay kiyaa,44302,emi,cash,,
aaj cafe coffee se khana order kiyaa 43419 rupaye upi se die,43419,food,upi,,
aaj electricity bill payment ka 14107 rupaye ka bill cash se bhra,14107,utilities,cash,,
College fees payment INR 34118,34118,education,card,,
stock purchase ka SIP 30164 rupay card se bharaa,30164,investment,card,,
uber ride ka kiraya 6702 rupaiye diy cash se,6702,travel,cash,,
aaj train ticket irctc lia 32888 rupye cash se pay kiya,32888,travel,cash,,
Crypto investment INR 24114,24114,investment,cash,,
Cafe coffee INR 6886,6886,food,cash,,
Swiggy order INR 19845,19845,food,upi,,
credit card emi ki EMI 33532 rs. cash se bhra,33532,emi,cash,,
aaj water bill ka 29403 rupay ka bill cash se bharra,29403,utilities,cash,,
Restaurant bill INR 6997,6997,food,card,,
padhai ke liye exam fee pe 8233 rs. karcha kia card se,8233,education,card,,
Clothing store bill INR 28217,28217,shopping,card,,
pharmacy medicine purchase pe 22644 rupaye kharchaa hui davai pe cash se,22644,healthcare,cash,,
movie ticket booking ka subscription 26131 rs upi se renew kiyaa,26131,entertainment,upi,,
Game purchase INR 47916,47916,entertainment,cash,,
Credit card EMI INR 13425,13425,emi,upi,,
aaj restaurant bill se khana order kia 43619 rupye card se diye,43619,food,card,,
car loan emi EMI 35906 rupaiye kat gaye card se,35906,emi,card,,
Pizza delivery INR 41083,41083,food,card,,
doctor consultation pe 47452 rs kharchaa hui davai pe upi se,47452,healthcare,upi,,
4236 rupaye ka credit card emi installment cash se diyee,4236,emi,cash,,
41437 rupay kharchaa kia concert ticket pe cash se,41437,entertainment,cash,,
47974 rupaiye ppf contribution me daale card se,47974,investment,card,,
Gas bill payment INR 35993,35993,utilities,upi,,
Netflix subscription INR 38905,38905,entertainment,upi,,
stock purchase me 30481 rs invest kia card se,30481,investment,card,,
internet recharge recharge kiya 7712 rs card se,7712,utilities,card,,
14407 rupay ka medical test charges bill aaya cash se pay kiya,14407,healthcare,cash,,
car loan emi ki EMI 48406 rupye cash se bhara,48406,emi,cash,,
just random text 123,five hundred,1234,UPIID123,Delhi,EDA test row
Messy outlier tx 123,"1,000",unknown,ccard,,
Credit card EMI INR 7170,7170,emi,card,,
Ola cab INR 23688,23688,travel,cash,,
water bill recharge kya 31532 rupye cash se,31532,utilities,cash,,
aaj water bill ka 38723 rs. ka bill cash se bharaa,38723,utilities,cash,,
personal loan installment ki EMI 29995 rupaye upi se bharra,29995,emi,upi,,
Water bill INR 38723,38723,utilities,cash,,
9805 rupay ka bike loan emi installment cash se die,9805,emi,cash,,
Hospital bill INR 13118,13118,healthcare,card,,
test transaction do not process,NaN,1234,,NY,
Exam fee INR 9484,9484,education,card,,
doctor ke yahan 29051 rupaiye lagaa card se die,29051,healthcare,card,,
fixed deposit investment me 43713 rupay invest kiya upi se,43713,investment,upi,,
Fixed deposit investment INR 2149,2149,investment,card,,
Water bill INR 24269,24269,utilities,upi,,
aaj restaurant bill se khana order kiyaa 10308 rs. cash se die,10308,food,cash,,
concert ticket ka ticket 27551 rs. me lia cash se,27551,entertainment,cash,,
netflix subscription dekha 22830 rs. laga card se diy,22830,entertainment,card,,
flight ticket booking ki ticket 21924 rupye me book kia cash se,21924,travel,cash,,
online amazon purchase se 44040 ka saman liya upi se pay kya,44040,shopping,upi,,
Flight ticket booking INR 7480,7480,travel,cash,,
Stock purchase INR 32070,32070,investment,card,,
bike loan emi ki EMI 34820 rupye cash se bharaa,34820,emi,cash,,
personal loan installment EMI 19923 rupye kat gaye card se,19923,emi,card,,
Home loan EMI INR 268,268,emi,card,,
19731 rs kharchaa kiya game purchase pe card se,19731,entertainment,card,,
Crypto investment INR 43388,43388,investment,cash,,
"food court payment pe 3878 ka bill tha, card se pay kia",3878,food,card,,
Personal loan installment INR 24926,24926,emi,cash,,
Online shopping payment INR 16565,16565,shopping,upi,,
online course subscription ka course 4229 rupaiye me liya card se pay kia,4229,education,card,,
43632 rs. ka pharmacy medicine purchase bill aaya card se pay kiya,43632,healthcare,card,,
concert ticket ka subscription 16317 rs card se renew kia,16317,entertainment,card,,
49760 rupay kharchaa kiya zomato dinner pe card se,49760,food,card,,
"food court payment pe 35805 ka bill tha, card se pay kya",35805,food,card,,
Exam fee INR 13464,13464,education,card,,
PPF contribution INR 45976,45976,investment,card,,
Cafe coffee INR 28393,28393,food,upi,,
Exam fee INR 36422,36422,education,card,,
Stock purchase INR 3326,3326,investment,cash,,
aaj stock purchase me 9072 rupye lagaye upi se,9072,investment,upi,,
Uber ride INR 42573,42573,travel,cash,,
Zomato dinner INR 20350,20350,food,upi,,
"swiggy order pe 46783 ka bill tha, cash se pay kya",46783,food,cash,,
bus ticket ka kiraya 22422 rupaiye diye cash se,22422,travel,cash,,
Electronics shopping INR 10411,10411,shopping,upi,,
fixed deposit investment me 47076 rs. invest kya upi se,47076,investment,upi,,
aaj ppf contribution me 13598 rs. lagaye upi se,13598,investment,upi,,
Hospital bill INR 5037,5037,healthcare,card,,
flight ticket booking ki ticket 24562 rs. me book kya card se,24562,travel,card,,
Personal loan installment INR 13573,13573,emi,upi,,
train ticket irctc ka kiraya 16575 rupye diye upi se,16575,travel,upi,,
"cafe coffee pe 43419 ka bill tha, upi se pay kya",43419,food,upi,,
mutual fund sip ka SIP 2934 rs card se bharra,2934,investment,card,,
Credit card EMI INR 20773,20773,emi,cash,,
Pharmacy medicine purchase INR 12468,12468,healthcare,cash,,
college fees payment ki fees 1210 rs cash se bharra,1210,education,cash,,
18398 rupye ka electricity bill payment bill pay kya upi se,18398,utilities,upi,,
Medical test charges INR 48991,48991,healthcare,card,,
26301 rupaiye laga train ticket irctc me cash se diy,26301,travel,cash,,
34356 rupaiye ka pharmacy medicine purchase bill aaya card se pay kiyaa,34356,healthcare,card,,
37359 rupaiye ppf contribution me daale upi se,37359,investment,upi,,
hospital bill pe 9625 rs khrcha hui davai pe card se,9625,healthcare,card,,
Stock purchase INR 38240,38240,investment,upi,,
Hotel booking INR 6270,6270,travel,upi,,
Clothing store bill INR 25461,25461,shopping,upi,,
padhai ke liye college fees payment pe 22947 rupaiye kharch kia cash se,22947,education,cash,,
44640 rupye ka home loan emi installment upi se diy,44640,emi,upi,,
Concert ticket INR 49645,49645,entertainment,card,,
doctor ke yahan 9602 rupye lga cash se die,9602,healthcare,cash,,
Bike loan EMI INR 24571,24571,emi,card,,
medical test charges pe 1311 rupaiye kharchaa hui davai pe upi se,1311,healthcare,upi,,
doctor consultation me 26410 rupay karcha hua card se diye,26410,healthcare,card,,
Mutual fund SIP INR 12854,12854,investment,cash,,
Flight ticket booking INR 21924,21924,travel,cash,,
uber ride ka kiraya 49540 rupaiye die card se,49540,travel,card,,
online shopping payment se 34818 rupye ka shopping kia upi se,34818,shopping,upi,,
electronics shopping se 27442 rs ka shopping kiya upi se,27442,shopping,upi,,
Gas bill payment INR 24165,24165,utilities,upi,,
24613 rs. die library fee ke liye cash se,24613,education,cash,,
Online shopping payment INR 45940,45940,shopping,upi,,
fixed deposit investment me 15181 rupaiye invest kia cash se,15181,investment,cash,,
amazon purchase se 14233 rupaiye ka shopping kia upi se,14233,shopping,upi,,
Bike loan EMI INR 41083,41083,emi,upi,,
water bill ka bill 17251 rs cash se bharaa,17251,utilities,cash,,
aaj crypto investment me 5216 rupye lagaye upi se,5216,investment,upi,,
credit card emi ki EMI 1351 rupay card se bhara,1351,emi,card,,
Messy outlier tx ccard,NULL,1234,,,
concert ticket dekha 35360 rupaye lagaa cash se diyee,35360,entertainment,cash,,
internet recharge recharge kia 25658 rs. card se,25658,utilities,card,,
<script>alert('xss')</script>,0,error,ccard,,
lunch at hotel ka khana 33931 rs me aaya upi se die,33931,food,upi,,
aaj pizza delivery se khana order kya 48825 rupay upi se diyee,48825,food,upi,,
online online shopping payment se 23220 ka saman lia upi se pay kiya,23220,shopping,upi,,
Messy outlier tx ccard,0,misc,UPIID123,,EDA test row
Car loan EMI INR 40752,40752,emi,card,,
flipkart order pe shopping kya 14692 rupye kharcha cash se,14692,shopping,cash,,
aaj crypto investment me 16586 rupay lagaye upi se,16586,investment,upi,,
17396 rs ka doctor consultation bill aaya card se pay kiyaa,17396,healthcare,card,,
Pharmacy medicine purchase INR 2701,2701,healthcare,upi,,
Messy outlier tx 123,0,1234,ccard,,
stock purchase me 27435 rupay invest kia upi se,27435,investment,upi,,
aaj fixed deposit investment me 43173 rupay lagaye cash se,43173,investment,cash,,
Movie ticket booking INR 16148,16148,entertainment,upi,,
44947 rs mutual fund sip me daale upi se,44947,investment,upi,,
Flight ticket booking INR 21855,21855,travel,card,,
flipkart order pe shopping kya 21860 rupaiye kharchaa card se,21860,shopping,card,,
test transaction do not process,99999999,,unknown,,
game purchase dekha 2809 rupaye laga card se diye,2809,entertainment,card,,
car loan emi EMI 38420 rupay kat gaye upi se,38420,emi,upi,,
Concert ticket INR 35360,35360,entertainment,cash,,
home loan emi EMI 2780 rupaiye kat gaye upi se,2780,emi,upi,,
34000 rs lagaa train ticket irctc me cash se diye,34000,travel,cash,,
"pizza delivery pe 6943 ka bill tha, upi se pay kia",6943,food,upi,,
aaj cafe coffee se khana order kiyaa 12169 rupye upi se diy,12169,food,upi,,
car loan emi EMI 39304 rupay kat gaye upi se,39304,emi,upi,,
Online course subscription INR 38787,38787,education,cash,,
online clothing store bill se 17322 ka saman liyaa card se pay kiyaa,17322,shopping,card,,
Online course subscription INR 46594,46594,education,upi,,
Home loan EMI INR 18872,18872,emi,cash,,
Messy outlier tx 123,"1,000",error,csh,,EDA test row
Electronics shopping INR 16158,16158,shopping,card,,
Fixed deposit investment INR 9520,9520,investment,card,,
Library fee INR 18561,18561,education,upi,,
credit card emi EMI 6411 rupay kat gaye card se,6411,emi,card,,
ola cab ki ticket 18152 rupaye me book kia card se,18152,travel,card,,
Online course subscription INR 38439,38439,education,card,,
Concert ticket INR 48592,48592,entertainment,upi,,
5169 rupaye ka medical test charges bill aaya card se pay kya,5169,healthcare,card,,
flight ticket booking ka kiraya 14952 rupay diye upi se,14952,travel,upi,,
Mutual fund SIP INR 46113,46113,investment,card,,
uber ride ka kiraya 2106 rupye diyee cash se,2106,travel,cash,,
Messy outlier tx paypal,,unknown,ccard,123,
College fees payment INR 45753,45753,education,card,,
31248 rupay kharcha kiyaa movie ticket booking pe upi se,31248,entertainment,upi,,
Fixed deposit investment INR 43713,43713,investment,upi,,
pizza delivery me 48825 rupye ka khana khaaya upi se,48825,food,upi,,
hotel booking ka kiraya 2655 rupaiye die upi se,2655,travel,upi,,
Netflix subscription INR 26178,26178,entertainment,cash,,
netflix subscription ka ticket 44887 rs me liya cash se,44887,entertainment,cash,,
aaj ppf contribution me 41050 rupaiye lagaye cash se,41050,investment,cash,,
college fees payment ka course 20592 rupye me lia cash se pay kia,20592,education,cash,,
Gas bill payment INR 43655,43655,utilities,upi,,
Water bill INR 37144,37144,utilities,cash,,
zomato dinner ka khana 29492 rupaiye me aaya cash se die,29492,food,cash,,
1632 rupye kharchaa kia concert ticket pe card se,1632,entertainment,card,,
Flipkart order INR 25794,25794,shopping,card,,
Electricity bill payment INR 14107,14107,utilities,cash,,
exam fee ki fees 26476 rupye cash se bharra,26476,education,cash,,
Pharmacy medicine purchase INR 9602,9602,healthcare,cash,,
aaj water bill ka 25603 rupaiye ka bill cash se bharaa,25603,utilities,cash,,
null,NULL,error,bitcoin,,EDA test row
Game purchase INR 264,264,entertainment,cash,,
College fees payment INR 48851,48851,education,cash,,
pharmacy medicine purchase pe 3194 rupay kharcha hui davai pe card se,3194,healthcare,card,,
doctor ke yahan 21053 rupye lga card se diyee,21053,healthcare,card,,
aaj crypto investment me 2409 rupaiye lagaye cash se,2409,investment,cash,,
Flipkart order INR 48118,48118,shopping,cash,,
Flipkart order INR 7479,7479,shopping,upi,,
Pizza delivery INR 9140,9140,food,cash,,
24017 rupaye ka credit card emi installment cash se diy,24017,emi,cash,,
padhai ke liye online course subscription pe 15940 rupaye khrcha kya card se,15940,education,card,,
padhai ke liye exam fee pe 22135 rupay khrcha kiyaa cash se,22135,education,cash,,
PPF contribution INR 16625,16625,investment,card,,
concert ticket ka ticket 43764 rs. me liyaa cash se,43764,entertainment,cash,,
Pharmacy medicine purchase INR 6863,6863,healthcare,cash,,
Food court payment INR 35805,35805,food,card,,
loan ka personal loan installment 13688 rupaye card se pay kya,13688,emi,card,,
car loan emi EMI 16355 rupaye kat gaye upi se,16355,emi,upi,,
college fees payment ki fees 40818 rupye card se bharra,40818,education,card,,
"zomato dinner pe 9334 ka bill tha, cash se pay kya",9334,food,cash,,
Hospital bill INR 14208,14208,healthcare,cash,,
aaj ola cab liya 37530 rupay card se pay kiya,37530,travel,card,,
Car loan EMI INR 44877,44877,emi,upi,,
pharmacy medicine purchase pe 32661 rs. khrcha hui davai pe card se,32661,healthcare,card,,
11927 rs lagaa hotel booking me upi se diye,11927,travel,upi,,
flipkart order se 48118 rupaiye ka shopping kya cash se,48118,shopping,cash,,
aaj water bill ka 35771 rs ka bill upi se bhra,35771,utilities,upi,,
aaj train ticket irctc liya 22566 rupye upi se pay kia,22566,travel,upi,,
doctor ke yahan 49301 rs. lga cash se diy,49301,healthcare,cash,,
Electronics shopping INR 3182,3182,shopping,cash,,
40882 rs. stock purchase me daale upi se,40882,investment,upi,,
credit card emi EMI 46342 rupye kat gaye card se,46342,emi,card,,
flight ticket booking ki ticket 39555 rupye me book kiyaa card se,39555,travel,card,,
aaj stock purchase me 44652 rupye lagaye card se,44652,investment,card,,
PPF contribution INR 40197,40197,investment,upi,,
ola cab ka kiraya 12308 rs. diye cash se,12308,travel,cash,,
Movie ticket booking INR 17925,17925,entertainment,card,,
1557 rs khrcha kia netflix subscription pe card se,1557,entertainment,card,,
Credit card EMI INR 18302,18302,emi,upi,,
lunch at hotel me 25482 rupaye ka khana khayaa card se,25482,food,card,,
amazon purchase pe shopping kya 41134 rs kharchaa cash se,41134,shopping,cash,,
Mobile recharge INR 31776,31776,utilities,upi,,
Amazon purchase INR 23397,23397,shopping,upi,,
hospital bill me 35522 rupaye karcha hua cash se diye,35522,healthcare,cash,,
,"1,000",misc,bitcoin,NaN,
Internet recharge INR 1395,1395,utilities,upi,,
Electronics shopping INR 17441,17441,shopping,card,,
Water bill INR 48781,48781,utilities,card,,
Mobile recharge INR 17970,17970,utilities,cash,,
Internet recharge INR 23519,23519,utilities,card,,
aaj stock purchase me 32070 rs lagaye card se,32070,investment,card,,
online course subscription ki fees 2192 rs cash se bhra,2192,education,cash,,
Library fee INR 27216,27216,education,upi,,
<script>alert('xss')</script>,,blabla,,,
Mobile recharge INR 19748,19748,utilities,upi,,
37238 rupaye ka order diy online shopping payment pe upi se,37238,shopping,upi,,
"pizza delivery pe 9140 ka bill tha, cash se pay kia",9140,food,cash,,
Medical test charges INR 6837,6837,healthcare,upi,,
Amazon purchase INR 35995,35995,shopping,card,,
uber ride ka kiraya 48006 rupaiye diy cash se,48006,travel,cash,,
car loan emi EMI 4320 rupay kat gaye cash se,4320,emi,cash,,
gas bill payment recharge kya 9725 rupye upi se,9725,utilities,upi,,
mobile recharge recharge kiyaa 5785 rupaye cash se,5785,utilities,cash,,
Mobile recharge INR 4662,4662,utilities,upi,,
Mobile recharge INR 10247,10247,utilities,upi,,
pharmacy medicine purchase me 22644 rs. khrcha hua cash se die,22644,healthcare,cash,,
medical test charges me 6837 rupaiye khrcha hua upi se diyee,6837,healthcare,upi,,
pharmacy medicine purchase me 25971 rupye kharch hua cash se diy,25971,healthcare,cash,,
Bike loan EMI INR 22440,22440,emi,card,,
flipkart order se 42867 rupaye ka shopping kiyaa cash se,42867,shopping,cash,,
38929 rupaye ka order die flipkart order pe card se,38929,shopping,card,,
movie ticket booking ka subscription 17925 rupaiye card se renew kya,17925,entertainment,card,,
crypto investment ka SIP 24114 rs cash se bharra,24114,investment,cash,,
gas bill payment recharge kya 35993 rupay upi se,35993,utilities,upi,,
online shopping payment se 43835 rupaiye ka shopping kiya card se,43835,shopping,card,,
42220 rupay ka order die flipkart order pe card se,42220,shopping,card,,
College fees payment INR 31269,31269,education,card,,
library fee ki fees 30612 rs. card se bhra,30612,education,card,,
34012 rupye stock purchase me daale cash se,34012,investment,cash,,
Online shopping payment INR 34818,34818,shopping,upi,,
pharmacy medicine purchase me 15868 rupaiye kharcha hua cash se diye,15868,healthcare,cash,,
Hotel booking INR 32224,32224,travel,upi,,
mutual fund sip ka SIP 5423 rupay cash se bharra,5423,investment,cash,,
32447 rs ka credit card emi installment card se diye,32447,emi,card,,
concert ticket ka subscription 8400 rs. upi se renew kya,8400,entertainment,upi,,
mutual fund sip ka SIP 49507 rupaiye card se bharra,49507,investment,card,,
10058 rupaye ka water bill bill pay kya card se,10058,utilities,card,,
"pizza delivery pe 45435 ka bill tha, card se pay kya",45435,food,card,,
concert ticket ka subscription 7898 rs cash se renew kiyaa,7898,entertainment,cash,,
aaj mobile recharge ka 20130 rupay ka bill upi se bhara,20130,utilities,upi,,
Online course subscription INR 20705,20705,education,cash,,
Pharmacy medicine purchase INR 23938,23938,healthcare,cash,,
Mobile recharge INR 15729,15729,utilities,upi,,
doctor consultation pe 22665 rs. kharch hui davai pe card se,22665,healthcare,card,,
32797 rupaiye ka pharmacy medicine purchase bill aaya cash se pay kia,32797,healthcare,cash,,
food court payment me 3710 rs. ka khana khaya upi se,3710,food,upi,,
loan ka car loan emi 49475 rs cash se pay kiya,49475,emi,cash,,
Movie ticket booking INR 37647,37647,entertainment,card,,
Food court payment INR 14382,14382,food,upi,,
Credit card EMI INR 4236,4236,emi,cash,,
concert ticket dekha 46522 rupay laga cash se diyee,46522,entertainment,cash,,
padhai ke liye college fees payment pe 42660 rupay kharchaa kiya cash se,42660,education,cash,,
bike loan emi ki EMI 24571 rupye card se bhara,24571,emi,card,,
crypto investment ka SIP 29759 rupaye cash se bharra,29759,investment,cash,,
flight ticket booking ka kiraya 11610 rs diye cash se,11610,travel,cash,,
credit card emi ki EMI 38744 rupaiye cash se bhara,38744,emi,cash,,
crypto investment ka SIP 32439 rs upi se bhara,32439,investment,upi,,
game purchase dekha 34701 rs lagaa card se diy,34701,entertainment,card,,
25482 rupaiye karcha kya lunch at hotel pe card se,25482,food,card,,
Hotel booking INR 48576,48576,travel,card,,
25297 rupay ka doctor consultation bill aaya card se pay kiya,25297,healthcare,card,,
Online shopping payment INR 1586,1586,shopping,upi,,
19544 rs ka hospital bill bill aaya cash se pay kiya,19544,healthcare,cash,,
movie ticket booking ka subscription 20566 rupay card se renew kya,20566,entertainment,card,,
Restaurant bill INR 43619,43619,food,card,,
39432 rupye ka mobile recharge bill pay kiya upi se,39432,utilities,upi,,
flight ticket booking ki ticket 16186 rs me book kiyaa upi se,16186,travel,upi,,
Bus ticket INR 18752,18752,travel,cash,,
aaj ola cab liyaa 1590 rupye upi se pay kia,1590,travel,upi,,
aaj ppf contribution me 19898 rs. lagaye card se,19898,investment,card,,
just random text 123,NULL,error,csh,Unknown,EDA test row
Library fee INR 28565,28565,education,card,,
Internet recharge INR 48438,48438,utilities,cash,,
Electricity bill payment INR 41780,41780,utilities,card,,
Doctor consultation INR 18823,18823,healthcare,cash,,
library fee ki fees 28565 rs. card se bharra,28565,education,card,,
"swiggy order pe 19903 ka bill tha, upi se pay kya",19903,food,upi,,
PPF contribution INR 17397,17397,investment,card,,
20997 rupaiye kharcha kia cafe coffee pe card se,20997,food,card,,
Electronics shopping INR 18454,18454,shopping,cash,,
Train ticket IRCTC INR 43827,43827,travel,cash,,
credit card emi ki EMI 31518 rupaye cash se bhara,31518,emi,cash,,
43845 rs. lagaa bus ticket me cash se diy,43845,travel,cash,,
concert ticket ka ticket 1632 rs. me liya card se,1632,entertainment,card,,
personal loan installment EMI 24086 rupaye kat gaye cash se,24086,emi,cash,,
aaj electricity bill payment ka 44822 rupay ka bill cash se bharra,44822,utilities,cash,,
Uber ride INR 5669,5669,travel,card,,
Uber ride INR 16659,16659,travel,card,,
Credit card EMI INR 29705,29705,emi,card,,
Restaurant bill INR 30424,30424,food,upi,,
internet recharge recharge kia 48438 rs. cash se,48438,utilities,cash,,
32565 rupaye karcha kia cafe coffee pe upi se,32565,food,upi,,
netflix subscription ka subscription 5045 rupye card se renew kiyaa,5045,entertainment,card,,
library fee ki fees 26911 rs. upi se bhara,26911,education,upi,,
medical test charges pe 28567 rs. kharch hui davai pe upi se,28567,healthcare,upi,,
43344 rs. ka pharmacy medicine purchase bill aaya upi se pay kiyaa,43344,healthcare,upi,,
loan ka car loan emi 17303 rupay upi se pay kya,17303,emi,upi,,
loan ka bike loan emi 24571 rupaiye card se pay kiyaa,24571,emi,card,,
online shopping payment pe shopping kya 1407 rs kharcha upi se,1407,shopping,upi,,
Messy outlier tx bitcoin,"1,000",misc,,,
College fees payment INR 48826,48826,education,upi,,
Bike loan EMI INR 38119,38119,emi,cash,,
padhai ke liye exam fee pe 9484 rupaye kharch kia card se,9484,education,card,,
Ola cab INR 42023,42023,travel,upi,,
20244 rupaye khrcha kiya concert ticket pe cash se,20244,entertainment,cash,,
Uber ride INR 10666,10666,travel,upi,,
4771 rupaye ka order diy online shopping payment pe cash se,4771,shopping,cash,,
hotel booking ka kiraya 18691 rs. die card se,18691,travel,card,,
Car loan EMI INR 40946,40946,emi,upi,,
aaj uber ride liya 5669 rs card se pay kiya,5669,travel,card,,
College fees payment INR 14408,14408,education,card,,
Personal loan installment INR 12499,12499,emi,upi,,
Messy outlier tx bitcoin,,shopping_err,UPIID123,NaN,
padhai ke liye library fee pe 25353 rupye kharchaa kya cash se,25353,education,cash,,
flight ticket booking ki ticket 21855 rupay me book kia card se,21855,travel,card,,
Stock purchase INR 27004,27004,investment,cash,,
Movie ticket booking INR 27072,27072,entertainment,card,,
pharmacy medicine purchase me 30687 rupaiye karcha hua upi se die,30687,healthcare,upi,,
car loan emi ki EMI 17303 rupay upi se bharra,17303,emi,upi,,
Pharmacy medicine purchase INR 30687,30687,healthcare,upi,,
45363 rupaiye ka electricity bill payment bill pay kya card se,45363,utilities,card,,
Messy outlier tx bitcoin,NULL,misc,123,,
aaj zomato dinner se khana order kiyaa 15780 rupay card se die,15780,food,card,,
Stock purchase INR 23014,23014,investment,upi,,
mutual fund sip me 49755 rupaye invest kiyaa upi se,49755,investment,upi,,
electricity bill payment ka bill 19204 rupye card se bhra,19204,utilities,card,,
medical test charges pe 2009 rs. kharchaa hui davai pe cash se,2009,healthcare,cash,,
Car loan EMI INR 4320,4320,emi,cash,,
Amazon purchase INR 257,257,shopping,card,,
library fee ki fees 31424 rupaiye card se bharaa,31424,education,card,,
gas bill payment recharge kya 16348 rs cash se,16348,utilities,cash,,
Stock purchase INR 30481,30481,investment,card,,
40804 rs die college fees payment ke liye card se,40804,education,card,,
18328 rupaye diyee college fees payment ke liye card se,18328,education,card,,
doctor consultation me 19941 rupay kharchaa hua upi se diy,19941,healthcare,upi,,
PPF contribution INR 19898,19898,investment,card,,
45125 rs. ka internet recharge bill pay kia upi se,45125,utilities,upi,,
Internet recharge INR 18016,18016,utilities,card,,
Game purchase INR 24221,24221,entertainment,upi,,
Pharmacy medicine purchase INR 8723,8723,healthcare,card,,
46401 rupay ka water bill bill pay kiyaa upi se,46401,utilities,upi,,
Gas bill payment INR 9725,9725,utilities,upi,,
netflix subscription dekha 34990 rupaye lgaa card se die,34990,entertainment,card,,
gas bill payment recharge kiyaa 25017 rupaiye cash se,25017,utilities,cash,,
34820 rupaye ka bike loan emi installment cash se diyee,34820,emi,cash,,
exam fee ka course 39733 rupay me lya cash se pay kiya,39733,education,cash,,
Home loan EMI INR 5257,5257,emi,upi,,
Electronics shopping INR 18715,18715,shopping,upi,,
null,-100,misc,csh,,
Amazon purchase INR 44040,44040,shopping,upi,,
Car loan EMI INR 26884,26884,emi,cash,,
Home loan EMI INR 15972,15972,emi,card,,
movie ticket booking dekha 37647 rupye lagaa card se die,37647,entertainment,card,,
aaj cafe coffee se khana order kia 11491 rs upi se diye,11491,food,upi,,
39818 rupaiye ppf contribution me daale card se,39818,investment,card,,
Hospital bill INR 24208,24208,healthcare,card,,
Fixed deposit investment INR 24075,24075,investment,card,,
loan ka bike loan emi 21129 rs card se pay kiyaa,21129,emi,card,,
doctor ke yahan 27508 rupay lagaa cash se diy,27508,healthcare,cash,,
37180 rupay ka medical test charges bill aaya upi se pay kiyaa,37180,healthcare,upi,,
home loan emi ki EMI 15972 rupaiye card se bharra,15972,emi,card,,
online shopping payment se 23220 rupaiye ka shopping kya upi se,23220,shopping,upi,,
41264 rupye ka hospital bill bill aaya card se pay kia,41264,healthcare,card,,
Ola cab INR 28620,28620,travel,cash,,
personal loan installment EMI 10558 rs. kat gaye cash se,10558,emi,cash,,
Netflix subscription INR 32583,32583,entertainment,upi,,
Mobile recharge INR 24747,24747,utilities,card,,
Mobile recharge INR 25505,25505,utilities,card,,
3536 rupye ka order diyee online shopping payment pe upi se,3536,shopping,upi,,
loan ka credit card emi 16906 rupye upi se pay kya,16906,emi,upi,,
aaj fixed deposit investment me 20093 rs lagaye upi se,20093,investment,upi,,
aaj pizza delivery se khana order kiya 18590 rs. cash se diye,18590,food,cash,,
Pizza delivery INR 931,931,food,card,,
bus ticket ka kiraya 20140 rs diy card se,20140,travel,card,,
concert ticket dekha 41654 rs lagaa cash se diyee,41654,entertainment,cash,,
Restaurant bill INR 41436,41436,food,upi,,
doctor ke yahan 24208 rupaye lgaa card se die,24208,healthcare,card,,
zomato dinner me 28593 rupay ka khana khaya card se,28593,food,card,,
Flipkart order INR 1411,1411,shopping,card,,
Electronics shopping INR 28634,28634,shopping,cash,,
gas bill payment recharge kiya 43655 rupay upi se,43655,utilities,upi,,
Flight ticket booking INR 14952,14952,travel,upi,,
food court payment ka khana 23342 rupaye me aaya cash se diy,23342,food,cash,,
Netflix subscription INR 33127,33127,entertainment,card,,
PPF contribution INR 36583,36583,investment,upi,,
Library fee INR 5912,5912,education,upi,,
cafe coffee me 41213 rupye ka khana khaya cash se,41213,food,cash,,
electronics shopping pe shopping kia 12276 rupaiye khrcha cash se,12276,shopping,cash,,
5430 rs. laga uber ride me cash se diyee,5430,travel,cash,,
13099 rs. ka home loan emi installment upi se diyee,13099,emi,upi,,
ola cab ka kiraya 49163 rupaiye diyee upi se,49163,travel,upi,,
pizza delivery me 37644 rs. ka khana khya cash se,37644,food,cash,,
6157 rupaye ka car loan emi installment card se diye,6157,emi,card,,
Uber ride INR 26497,26497,travel,card,,
aaj hotel booking lya 45855 rupay cash se pay kya,45855,travel,cash,,
Movie ticket booking INR 30807,30807,entertainment,card,,
game purchase ka ticket 13458 rs me liya cash se,13458,entertainment,cash,,
Electronics shopping INR 44640,44640,shopping,cash,,
aaj ppf contribution me 39818 rupay lagaye card se,39818,investment,card,,
6585 rs khrcha kya movie ticket booking pe cash se,6585,entertainment,cash,,
48115 rs lgaa flight ticket booking me card se die,48115,travel,card,,
Lunch at hotel INR 12649,12649,food,upi,,
ppf contribution ka SIP 47974 rupay card se bharaa,47974,investment,card,,
Electricity bill payment INR 45363,45363,utilities,card,,
concert ticket dekha 27551 rs. lgaa cash se diy,27551,entertainment,cash,,
stock purchase ka SIP 1123 rupaye card se bhra,1123,investment,card,,
electricity bill payment recharge kya 45479 rupaiye upi se,45479,utilities,upi,,
movie ticket booking ka subscription 30807 rupay card se renew kiya,30807,entertainment,card,,
!@#$%^&*(),,blabla,csh,,
ppf contribution me 48667 rs invest kia card se,48667,investment,card,,
Messy outlier tx 123,-5000,blabla,123,,
Pizza delivery INR 12825,12825,food,upi,,
online online shopping payment se 49061 ka saman liyaa upi se pay kiya,49061,shopping,upi,,
hotel booking ka kiraya 12291 rupye diy cash se,12291,travel,cash,,
swiggy order me 10758 rs ka khana khayaa card se,10758,food,card,,
Concert ticket INR 41437,41437,entertainment,cash,,
concert ticket ka subscription 3974 rupye cash se renew kiyaa,3974,entertainment,cash,,
Exam fee INR 26476,26476,education,cash,,
loan ka credit card emi 24017 rs cash se pay kia,24017,emi,cash,,
36178 rs. lagaa flight ticket booking me cash se diy,36178,travel,cash,,
concert ticket ka ticket 49645 rs me lia card se,49645,entertainment,card,,
PPF contribution INR 43053,43053,investment,card,,
Flipkart order INR 14692,14692,shopping,cash,,
restaurant bill me 30424 rupye ka khana khya upi se,30424,food,upi,,
College fees payment INR 47985,47985,education,cash,,
17345 rupay ka pharmacy medicine purchase bill aaya card se pay kiyaa,17345,healthcare,card,,
stock purchase ka SIP 47557 rupye card se bharra,47557,investment,card,,
Personal loan installment INR 29995,29995,emi,upi,,
Food court payment INR 7932,7932,food,cash,,
doctor ke yahan 32932 rs. lagaa card se diyee,32932,healthcare,card,,
concert ticket ka ticket 35360 rs me liyaa cash se,35360,entertainment,cash,,
Stock purchase INR 16129,16129,investment,card,,
Pizza delivery INR 6943,6943,food,upi,,
Car loan EMI INR 20206,20206,emi,cash,,
2149 rupaye fixed deposit investment me daale card se,2149,investment,card,,
PPF contribution INR 42510,42510,investment,card,,
crypto investment ka SIP 23866 rs. upi se bharaa,23866,investment,upi,,
30807 rupye kharch kia movie ticket booking pe card se,30807,entertainment,card,,
Flipkart order INR 38929,38929,shopping,card,,
Electricity bill payment INR 22344,22344,utilities,cash,,
college fees payment ki fees 34382 rupaiye upi se bharra,34382,education,upi,,
stock purchase me 21427 rs. invest kia card se,21427,investment,card,,
Mobile recharge INR 29319,29319,utilities,cash,,
Flipkart order INR 22995,22995,shopping,cash,,
Gas bill payment INR 22211,22211,utilities,card,,
Movie ticket booking INR 16172,16172,entertainment,upi,,
Electricity bill payment INR 12018,12018,utilities,cash,,
Online shopping payment INR 49061,49061,shopping,upi,,
aaj food court payment se khana order kiya 3926 rupaiye cash se diye,3926,food,cash,,
Mobile recharge INR 21746,21746,utilities,card,,
doctor ke yahan 4436 rupye lga card se die,4436,healthcare,card,,
home loan emi ki EMI 3558 rupaiye upi se bharra,3558,emi,upi,,
Library fee INR 38387,38387,education,cash,,
online amazon purchase se 23397 ka saman lia upi se pay kiya,23397,shopping,upi,,
aaj electricity bill payment ka 20582 rupye ka bill cash se bharaa,20582,utilities,cash,,
aaj stock purchase me 30164 rs lagaye card se,30164,investment,card,,
Mobile recharge INR 41014,41014,utilities,upi,,
aaj food court payment se khana order kya 15072 rs cash se die,15072,food,cash,,
Movie ticket booking INR 774,774,entertainment,cash,,
Messy outlier tx UPIID123,"1,000",misc,paypal,Mumbai,
credit card emi ki EMI 13425 rupaye upi se bhara,13425,emi,upi,,
Mutual fund SIP INR 41777,41777,investment,upi,,
Medical test charges INR 25038,25038,healthcare,upi,,
Library fee INR 29029,29029,education,cash,,
Messy outlier tx paypal,0,blabla,paypal,,
electronics shopping se 22046 rupye ka shopping kiya card se,22046,shopping,card,,
exam fee ki fees 7111 rupay card se bharra,7111,education,card,,
drop table users;,,blabla,paypal,,
swiggy order me 3507 rs. ka khana khaaya card se,3507,food,card,,
Fixed deposit investment INR 4831,4831,investment,upi,,
electricity bill payment recharge kiyaa 41780 rupay card se,41780,utilities,card,,
PPF contribution INR 37359,37359,investment,upi,,
medical test charges pe 34459 rupaiye kharch hui davai pe cash se,34459,healthcare,cash,,
"zomato dinner pe 25015 ka bill tha, upi se pay kya",25015,food,upi,,
doctor ke yahan 18823 rs. lga cash se diye,18823,healthcare,cash,,
ola cab ki ticket 6168 rupaiye me book kiyaa cash se,6168,travel,cash,,
Train ticket IRCTC INR 32888,32888,travel,cash,,
Online course subscription INR 22548,22548,education,upi,,
26745 rs ka electricity bill payment bill pay kiya upi se,26745,utilities,upi,,
16586 rupaye crypto investment me daale upi se,16586,investment,upi,,
credit card emi ki EMI 49756 rs. card se bharra,49756,emi,card,,
Library fee INR 29140,29140,education,cash,,
Doctor consultation INR 14903,14903,healthcare,upi,,
21449 rupay lagaa uber ride me upi se diye,21449,travel,upi,,
padhai ke liye library fee pe 34386 rs. khrcha kiyaa upi se,34386,education,upi,,
Bus ticket INR 5976,5976,travel,card,,
cafe coffee me 47177 rupaye ka khana khaya cash se,47177,food,cash,,
bike loan emi EMI 9579 rupaye kat gaye card se,9579,emi,card,,
Hotel booking INR 17249,17249,travel,cash,,
bike loan emi EMI 27133 rs kat gaye card se,27133,emi,card,,
Clothing store bill INR 18986,18986,shopping,cash,,
electricity bill payment ka bill 22313 rs upi se bharaa,22313,utilities,upi,,
Medical test charges INR 2009,2009,healthcare,cash,,
concert ticket ka ticket 36543 rupay me liyaa upi se,36543,entertainment,upi,,
doctor ke yahan 1640 rs lga upi se diy,1640,healthcare,upi,,
Messy outlier tx 123,0,blabla,,,
34162 rupaye ka order diyee flipkart order pe card se,34162,shopping,card,,
Restaurant bill INR 47710,47710,food,card,,
Lunch at hotel INR 25482,25482,food,card,,
college fees payment ka course 12066 rs me liyaa upi se pay kiya,12066,education,upi,,
padhai ke liye library fee pe 44452 rupaiye kharchaa kiya card se,44452,education,card,,
ppf contribution me 45976 rupaiye invest kia card se,45976,investment,card,,
Concert ticket INR 7898,7898,entertainment,cash,,
Pharmacy medicine purchase INR 22871,22871,healthcare,card,,
Amazon purchase INR 14233,14233,shopping,upi,,
Messy outlier tx ccard,,misc,123,,
16147 rs die exam fee ke liye card se,16147,education,card,,
35323 rupay ka mobile recharge bill pay kiya cash se,35323,utilities,cash,,
home loan emi EMI 33306 rupaye kat gaye cash se,33306,emi,cash,,
aaj ola cab lya 42023 rs. upi se pay kya,42023,travel,upi,,
aaj mutual fund sip me 19084 rs lagaye card se,19084,investment,card,,
Stock purchase INR 44652,44652,investment,card,,
restaurant bill ka khana 30530 rupye me aaya upi se diye,30530,food,upi,,
mobile recharge recharge kya 29319 rs. cash se,29319,utilities,cash,,
hotel booking ka kiraya 8043 rs. diyee card se,8043,travel,card,,
Ola cab INR 9983,9983,travel,card,,
Home loan EMI INR 2780,2780,emi,upi,,
22135 rupaiye diy exam fee ke liye cash se,22135,education,cash,,
33524 rupaiye kharcha kiyaa game purchase pe cash se,33524,entertainment,cash,,
47557 rupay stock purchase me daale card se,47557,investment,card,,
aaj electricity bill payment ka 37326 rupye ka bill cash se bharra,37326,utilities,cash,,
Food court payment INR 15072,15072,food,cash,,
exam fee ki fees 13464 rs. card se bharaa,13464,education,card,,
Concert ticket INR 32308,32308,entertainment,cash,,
aaj bus ticket lya 18752 rupaiye cash se pay kiya,18752,travel,cash,,
cafe coffee me 48843 rs ka khana khayaa card se,48843,food,card,,
game purchase dekha 13458 rupay lga cash se diyee,13458,entertainment,cash,,
flipkart order pe shopping kiya 2659 rs kharch cash se,2659,shopping,cash,,
Netflix subscription INR 44887,44887,entertainment,cash,,
Mutual fund SIP INR 25033,25033,investment,card,,
Water bill INR 39239,39239,utilities,cash,,
Gas bill payment INR 16348,16348,utilities,cash,,
Mutual fund SIP INR 42304,42304,investment,cash,,
Hospital bill INR 16643,16643,healthcare,card,,
PPF contribution INR 13598,13598,investment,upi,,
fixed deposit investment me 41097 rs invest kiyaa card se,41097,investment,card,,
padhai ke liye exam fee pe 34963 rupye karcha kiya upi se,34963,education,upi,,
doctor consultation me 33391 rupye khrcha hua card se die,33391,healthcare,card,,
PPF contribution INR 1405,1405,investment,card,,
18561 rupaiye diyee library fee ke liye upi se,18561,education,upi,,
Game purchase INR 2809,2809,entertainment,card,,
Messy outlier tx 123,-100,misc,unknown,,
Pharmacy medicine purchase INR 3194,3194,healthcare,card,,
mutual fund sip ka SIP 4992 rupaye upi se bhra,4992,investment,upi,,
car loan emi EMI 40752 rupaye kat gaye card se,40752,emi,card,,
20350 rupaiye khrcha kya zomato dinner pe upi se,20350,food,upi,,
!@#$%^&*(),,unknown,csh,,
exam fee ki fees 39380 rs. upi se bhara,39380,education,upi,,
Hotel booking INR 16771,16771,travel,cash,,
ppf contribution me 16625 rupaiye invest kia card se,16625,investment,card,,
online electronics shopping se 45288 ka saman liyaa card se pay kya,45288,shopping,card,,
college fees payment ka course 14408 rs me liya card se pay kia,14408,education,card,,
online flipkart order se 22995 ka saman liya cash se pay kya,22995,shopping,cash,,
Home loan EMI INR 30192,30192,emi,card,,
34453 rupay laga ola cab me cash se diyee,34453,travel,cash,,
Clothing store bill INR 33641,33641,shopping,cash,,
Mutual fund SIP INR 5423,5423,investment,cash,,
41213 rupaiye karcha kiyaa cafe coffee pe cash se,41213,food,cash,,
netflix subscription ka subscription 10098 rupye upi se renew kiya,10098,entertainment,upi,,
23890 rupaye ka order diy flipkart order pe card se,23890,shopping,card,,
test transaction do not process,99999999,shopping_err,bitcoin,,EDA test row
Doctor consultation INR 27196,27196,healthcare,card,,
cafe coffee me 4397 rupaye ka khana khaya cash se,4397,food,cash,,
Home loan EMI INR 186,186,emi,cash,,
45737 rupaye diyee exam fee ke liye cash se,45737,education,cash,,
game purchase ka ticket 9502 rs me liyaa card se,9502,entertainment,card,,
Water bill INR 35771,35771,utilities,upi,,
exam fee ki fees 43627 rupaiye card se bharra,43627,education,card,,
Exam fee INR 39733,39733,education,cash,,
Hospital bill INR 45663,45663,healthcare,card,,
!@#$%^&*(),-5000,,bitcoin,,
movie ticket booking ka ticket 27072 rupay me liyaa card se,27072,entertainment,card,,
Restaurant bill INR 25265,25265,food,upi,,
Car loan EMI INR 16355,16355,emi,upi,,
Fixed deposit investment INR 33976,33976,investment,cash,,
11918 rs. laga ola cab me cash se diye,11918,travel,cash,,
ola cab ka kiraya 12106 rupaiye die cash se,12106,travel,cash,,
loan ka bike loan emi 9805 rupaiye cash se pay kia,9805,emi,cash,,
car loan emi ki EMI 38420 rupay upi se bharaa,38420,emi,upi,,
aaj internet recharge ka 1840 rupay ka bill card se bhra,1840,utilities,card,,
22317 rupaye diye exam fee ke liye card se,22317,education,card,,
aaj gas bill payment ka 5366 rupaiye ka bill card se bhara,5366,utilities,card,,
Electronics shopping INR 13334,13334,shopping,upi,,
48851 rs. diy college fees payment ke liye cash se,48851,education,cash,,
43683 rupaye ka credit card emi installment card se diy,43683,emi,card,,
21924 rs. diy college fees payment ke liye cash se,21924,education,cash,,
aaj ppf contribution me 45976 rupaye lagaye card se,45976,investment,card,,
28620 rupay laga ola cab me cash se die,28620,travel,cash,,
10757 rupay lgaa hotel booking me upi se diyee,10757,travel,upi,,
35192 rs stock purchase me daale cash se,35192,investment,cash,,
Train ticket IRCTC INR 9510,9510,travel,cash,,
Exam fee INR 32798,32798,education,upi,,
hotel booking ki ticket 18691 rupye me book kya card se,18691,travel,card,,
aaj internet recharge ka 30520 rupye ka bill upi se bharaa,30520,utilities,upi,,
Internet recharge INR 29591,29591,utilities,upi,,
fixed deposit investment me 24075 rs. invest kya card se,24075,investment,card,,
mobile recharge ka bill 15151 rupaye card se bhra,15151,utilities,card,,
hotel booking ki ticket 24174 rupaiye me book kya upi se,24174,travel,upi,,
Medical test charges INR 1640,1640,healthcare,upi,,
Zomato dinner INR 9334,9334,food,cash,,
Messy outlier tx ccard,99999999,misc,bitcoin,,
water bill recharge kiya 25603 rupay cash se,25603,utilities,cash,,
12220 rs laga ola cab me cash se diy,12220,travel,cash,,
40472 rupye diye exam fee ke liye upi se,40472,education,upi,,
20592 rupay diyee college fees payment ke liye cash se,20592,education,cash,,
hospital bill me 45060 rupye kharch hua card se die,45060,healthcare,card,,
aaj stock purchase me 863 rupye lagaye upi se,863,investment,upi,,
Medical test charges INR 28567,28567,healthcare,upi,,
restaurant bill ka khana 47710 rupay me aaya card se diyee,47710,food,card,,
Doctor consultation INR 17462,17462,healthcare,cash,,
college fees payment ki fees 29249 rupaye card se bhra,29249,education,card,,
car loan emi EMI 38908 rupye kat gaye cash se,38908,emi,cash,,
aaj crypto investment me 39986 rs lagaye upi se,39986,investment,upi,,
15823 rupaye ka water bill bill pay kiyaa upi se,15823,utilities,upi,,
16543 rupaiye ka order die clothing store bill pe upi se,16543,shopping,upi,,
Amazon purchase INR 41134,41134,shopping,cash,,
Exam fee INR 14719,14719,education,upi,,
bike loan emi ki EMI 22440 rupaye card se bhra,22440,emi,card,,
doctor consultation me 26612 rupaye karcha hua card se die,26612,healthcare,card,,
Credit card EMI INR 31518,31518,emi,cash,,
Home loan EMI INR 10809,10809,emi,card,,
aaj mobile recharge ka 19748 rs ka bill upi se bharaa,19748,utilities,upi,,
Amazon purchase INR 37279,37279,shopping,cash,,
4662 rs ka mobile recharge bill pay kya upi se,4662,utilities,upi,,
aaj ola cab liyaa 9983 rupaye card se pay kia,9983,travel,card,,
loan ka home loan emi 5257 rupay upi se pay kiya,5257,emi,upi,,
20235 rs ka electricity bill payment bill pay kia upi se,20235,utilities,upi,,
Flipkart order INR 42867,42867,shopping,cash,,
Food court payment INR 847,847,food,upi,,
31421 rupaiye karcha kiya movie ticket booking pe cash se,31421,entertainment,cash,,
credit card emi ki EMI 29705 rupaye card se bharaa,29705,emi,card,,
Messy outlier tx ccard,NaN,1234,ccard,NY,
26497 rupay lga uber ride me card se diy,26497,travel,card,,
Clothing store bill INR 12880,12880,shopping,card,,
doctor consultation pe 23984 rupaiye khrcha hui davai pe cash se,23984,healthcare,cash,,
18454 rupaiye ka order diye electronics shopping pe cash se,18454,shopping,cash,,
car loan emi EMI 44877 rs. kat gaye upi se,44877,emi,upi,,
Flipkart order INR 44176,44176,shopping,card,,
Library fee INR 26911,26911,education,upi,,
doctor ke yahan 45616 rs laga card se diyee,45616,healthcare,card,,
Doctor consultation INR 26526,26526,healthcare,upi,,
24266 rs. ka home loan emi installment cash se die,24266,emi,cash,,
ola cab ki ticket 12106 rupay me book kia cash se,12106,travel,cash,,
24086 rupaiye ka personal loan installment installment cash se die,24086,emi,cash,,
doctor ke yahan 41264 rupay lgaa card se diye,41264,healthcare,card,,
null,NULL,1234,paypal,NULL,
Restaurant bill INR 36124,36124,food,card,,
40444 rupye mutual fund sip me daale cash se,40444,investment,cash,,
Game purchase INR 13458,13458,entertainment,cash,,
Zomato dinner INR 15780,15780,food,card,,
Train ticket IRCTC INR 39359,39359,travel,card,,
Online shopping payment INR 4771,4771,shopping,cash,,
Crypto investment INR 2409,2409,investment,cash,,
Electricity bill payment INR 20235,20235,utilities,upi,,
Amazon purchase INR 32457,32457,shopping,upi,,
aaj ppf contribution me 1405 rupaiye lagaye card se,1405,investment,card,,
train ticket irctc ki ticket 34000 rs. me book kya cash se,34000,travel,cash,,
,,error,ccard,,
aaj stock purchase me 43568 rs. lagaye upi se,43568,investment,upi,,
library fee ki fees 27216 rupay upi se bharra,27216,education,upi,,
credit card emi EMI 13363 rupay kat gaye upi se,13363,emi,upi,,
Personal loan installment INR 13688,13688,emi,card,,
32630 rupaiye karcha kya concert ticket pe card se,32630,entertainment,card,,
lunch at hotel me 784 rupaiye ka khana khaaya cash se,784,food,cash,,
Flipkart order INR 21860,21860,shopping,card,,
doctor ke yahan 25038 rupaye lgaa upi se diyee,25038,healthcare,upi,,
online online shopping payment se 3536 ka saman lia upi se pay kiya,3536,shopping,upi,,
College fees payment INR 20625,20625,education,card,,
31280 rupay ka medical test charges bill aaya card se pay kia,31280,healthcare,card,,
Personal loan installment INR 33184,33184,emi,cash,,
online flipkart order se 44176 ka saman lya card se pay kya,44176,shopping,card,,
Swiggy order INR 46783,46783,food,cash,,
game purchase ka subscription 13967 rupaye cash se renew kya,13967,entertainment,cash,,
Gas bill payment INR 5366,5366,utilities,card,,
online course subscription ka course 19262 rupaye me liya card se pay kya,19262,education,card,,
16538 rupye kharcha kiya netflix subscription pe upi se,16538,entertainment,upi,,
doctor consultation me 40227 rupaiye kharch hua upi se die,40227,healthcare,upi,,
Doctor consultation INR 2667,2667,healthcare,cash,,
15034 rupaiye laga uber ride me card se die,15034,travel,card,,
Clothing store bill INR 49483,49483,shopping,cash,,
library fee ka course 36137 rs me liya card se pay kia,36137,education,card,,
Electricity bill payment INR 2602,2602,utilities,card,,
netflix subscription dekha 40589 rs laga cash se diyee,40589,entertainment,cash,,
concert ticket dekha 14975 rupaiye lga card se diy,14975,entertainment,card,,
!@#$%^&*(),99999999,shopping_err,csh,,
aaj mobile recharge ka 36285 rupaiye ka bill cash se bharra,36285,utilities,cash,,
Hospital bill INR 45060,45060,healthcare,card,,
mobile recharge recharge kya 31674 rs. cash se,31674,utilities,cash,,
online course subscription ki fees 22548 rupaiye upi se bharaa,22548,education,upi,,
Game purchase INR 19731,19731,entertainment,card,,
restaurant bill me 47710 rupye ka khana khaaya card se,47710,food,card,,
Netflix subscription INR 34435,34435,entertainment,upi,,
Messy outlier tx 123,NULL,1234,UPIID123,,
Swiggy order INR 24784,24784,food,card,,
14975 rupye kharcha kiyaa concert ticket pe card se,14975,entertainment,card,,
home loan emi EMI 44640 rupaiye kat gaye upi se,44640,emi,upi,,
Messy outlier tx ,"1,000",error,unknown,,
fixed deposit investment ka SIP 28570 rupay upi se bharaa,28570,investment,upi,,
43265 rupay ka order diyee electronics shopping pe upi se,43265,shopping,upi,,
Zomato dinner INR 43277,43277,food,cash,,
Uber ride INR 15034,15034,travel,card,,
personal loan installment EMI 48231 rs. kat gaye upi se,48231,emi,upi,,
mutual fund sip me 29848 rs. invest kiyaa upi se,29848,investment,upi,,
food court payment me 3878 rupay ka khana khaya card se,3878,food,card,,
food court payment me 7932 rupay ka khana khya cash se,7932,food,cash,,
pizza delivery me 35963 rs ka khana khayaa upi se,35963,food,upi,,
Online course subscription INR 44130,44130,education,cash,,
40358 rupay ka credit card emi installment cash se die,40358,emi,cash,,
Stock purchase INR 9072,9072,investment,upi,,
padhai ke liye library fee pe 18561 rupye kharchaa kya upi se,18561,education,upi,,
Hospital bill INR 31995,31995,healthcare,upi,,
Electronics shopping INR 22046,22046,shopping,card,,
netflix subscription ka subscription 44887 rupye cash se renew kia,44887,entertainment,cash,,
aaj gas bill payment ka 43655 rs ka bill upi se bharra,43655,utilities,upi,,
Online course subscription INR 26545,26545,education,upi,,
Exam fee INR 40472,40472,education,upi,,
internet recharge recharge kia 45866 rupay upi se,45866,utilities,upi,,
Electricity bill payment INR 26745,26745,utilities,upi,,
online course subscription ka course 39601 rupaiye me lia card se pay kiyaa,39601,education,card,,
Restaurant bill INR 3891,3891,food,cash,,
Hospital bill INR 32193,32193,healthcare,card,,
Netflix subscription INR 16459,16459,entertainment,card,,
car loan emi ki EMI 14490 rupaye upi se bharaa,14490,emi,upi,,
12488 rupaye karcha kiyaa swiggy order pe upi se,12488,food,upi,,
Flight ticket booking INR 16186,16186,travel,upi,,
Medical test charges INR 37180,37180,healthcare,upi,,
Netflix subscription INR 40589,40589,entertainment,cash,,
Movie ticket booking INR 42375,42375,entertainment,card,,
gas bill payment recharge kya 229 rs card se,229,utilities,card,,
Online course subscription INR 49632,49632,education,card,,
drop table users;,,shopping_err,123,,
mobile recharge recharge kya 41014 rs upi se,41014,utilities,upi,,
stock purchase me 21141 rupye invest kiya cash se,21141,investment,cash,,
Online course subscription INR 27299,27299,education,cash,,
Ola cab INR 12308,12308,travel,cash,,
College fees payment INR 18694,18694,education,card,,
4831 rupye fixed deposit investment me daale upi se,4831,investment,upi,,
Pharmacy medicine purchase INR 22644,22644,healthcare,cash,,
null,-100,1234,unknown,,EDA test row
aaj mobile recharge ka 47207 rupye ka bill card se bhara,47207,utilities,card,,
hospital bill me 39512 rs kharch hua upi se diyee,39512,healthcare,upi,,
Messy outlier tx ,NaN,,123,,
doctor ke yahan 6863 rupaiye lga cash se die,6863,healthcare,cash,,
Messy outlier tx UPIID123,0,unknown,,NaN,
Pizza delivery INR 13580,13580,food,cash,,
40197 rupay ppf contribution me daale upi se,40197,investment,upi,,
Water bill INR 19958,19958,utilities,cash,,
Bike loan EMI INR 21129,21129,emi,card,,
Cafe coffee INR 20997,20997,food,card,,
personal loan installment ki EMI 49895 rupye cash se bhara,49895,emi,cash,,
online course subscription ki fees 49632 rupay card se bhara,49632,education,card,,
Gas bill payment INR 229,229,utilities,card,,
Messy outlier tx unknown,0,unknown,unknown,,
Movie ticket booking INR 14999,14999,entertainment,upi,,
College fees payment INR 29249,29249,education,card,,
Concert ticket INR 1632,1632,entertainment,card,,
movie ticket booking ka subscription 7731 rs card se renew kiyaa,7731,entertainment,card,,
Movie ticket booking INR 6585,6585,entertainment,cash,,
movie ticket booking ka subscription 774 rupay cash se renew kiyaa,774,entertainment,cash,,
uber ride ka kiraya 42573 rs diyee cash se,42573,travel,cash,,
Pizza delivery INR 15700,15700,food,upi,,
Credit card EMI INR 33964,33964,emi,upi,,
exam fee ka course 39380 rupye me lia upi se pay kiya,39380,education,upi,,
Credit card EMI INR 38744,38744,emi,cash,,
20444 rs. ka home loan emi installment cash se diyee,20444,emi,cash,,
Food court payment INR 3710,3710,food,upi,,
Gas bill payment INR 36250,36250,utilities,upi,,
48547 rs. ka personal loan installment installment upi se die,48547,emi,upi,,
online course subscription ki fees 46594 rupaye upi se bhra,46594,education,upi,,
library fee ki fees 49393 rupaiye card se bhara,49393,education,card,,
Water bill INR 42483,42483,utilities,cash,,
847 rs. khrcha kiya food court payment pe upi se,847,food,upi,,
Medical test charges INR 1311,1311,healthcare,upi,,
aaj mutual fund sip me 41835 rs. lagaye cash se,41835,investment,cash,,
1407 rupye ka order diye online shopping payment pe upi se,1407,shopping,upi,,
online clothing store bill se 26714 ka saman liya cash se pay kiya,26714,shopping,cash,,
internet recharge ka bill 29591 rupay upi se bhra,29591,utilities,upi,,
22344 rupaye ka electricity bill payment bill pay kia cash se,22344,utilities,cash,,
PPF contribution INR 39729,39729,investment,cash,,
exam fee ka course 40472 rupaiye me lya upi se pay kiyaa,40472,education,upi,,
38594 rupye laga flight ticket booking me card se diy,38594,travel,card,,
14490 rupaye ka car loan emi installment upi se diyee,14490,emi,upi,,
6853 rupye kharchaa kya food court payment pe card se,6853,food,card,,
3218 rupye ka car loan emi installment card se diyee,3218,emi,card,,
Exam fee INR 22317,22317,education,card,,
Bike loan EMI INR 5913,5913,emi,card,,
credit card emi ki EMI 16906 rupay upi se bharra,16906,emi,upi,,
exam fee ki fees 8233 rupay card se bhra,8233,education,card,,
Ola cab INR 26683,26683,travel,card,,
aaj fixed deposit investment me 15181 rupay lagaye cash se,15181,investment,cash,,
35993 rupay ka gas bill payment bill pay kia upi se,35993,utilities,upi,,
21941 rupaye diyee library fee ke liye upi se,21941,education,upi,,
swiggy order me 19903 rs. ka khana khayaa upi se,19903,food,upi,,
Bike loan EMI INR 49497,49497,emi,upi,,
42483 rupay ka water bill bill pay kya cash se,42483,utilities,cash,,
Crypto investment INR 39704,39704,investment,card,,
Clothing store bill INR 17322,17322,shopping,card,,
9760 rupaiye diye exam fee ke liye card se,9760,education,card,,
amazon purchase se 19936 rupaiye ka shopping kiyaa upi se,19936,shopping,upi,,
online flipkart order se 43137 ka saman liya card se pay kiya,43137,shopping,card,,
Messy outlier tx ccard,NaN,blabla,,123,EDA test row
Hotel booking INR 20442,20442,travel,card,,
Mobile recharge INR 5785,5785,utilities,cash,,
online flipkart order se 1411 ka saman liyaa card se pay kiyaa,1411,shopping,card,,
Flight ticket booking INR 38594,38594,travel,card,,
24562 rs. lagaa flight ticket booking me card se diyee,24562,travel,card,,
Messy outlier tx csh,five hundred,1234,paypal,,
aaj ppf contribution me 36583 rs. lagaye upi se,36583,investment,upi,,
drop table users;,-5000,misc,UPIID123,123,
exam fee ka course 13464 rupaiye me liyaa card se pay kiyaa,13464,education,card,,
internet recharge ka bill 29529 rupaiye card se bhara,29529,utilities,card,,
aaj zomato dinner se khana order kya 9587 rs card se diyee,9587,food,card,,
netflix subscription ka ticket 26178 rupay me lia cash se,26178,entertainment,cash,,
PPF contribution INR 2828,2828,investment,cash,,
Game purchase INR 18259,18259,entertainment,upi,,
Credit card EMI INR 32447,32447,emi,card,,
Netflix subscription INR 5045,5045,entertainment,card,,
24165 rupye ka gas bill payment bill pay kiya upi se,24165,utilities,upi,,
Movie ticket booking INR 7731,7731,entertainment,card,,
Online shopping payment INR 23220,23220,shopping,upi,,
bike loan emi ki EMI 22161 rupaiye card se bharra,22161,emi,card,,
Doctor consultation INR 18296,18296,healthcare,card,,
Mobile recharge INR 35489,35489,utilities,cash,,
online online shopping payment se 45940 ka saman lia upi se pay kiyaa,45940,shopping,upi,,
online shopping payment pe shopping kia 34818 rs. kharcha upi se,34818,shopping,upi,,
Online shopping payment INR 43520,43520,shopping,upi,,
pizza delivery me 46891 rupaye ka khana khaaya cash se,46891,food,cash,,
pharmacy medicine purchase pe 2701 rupaiye khrcha hui davai pe upi se,2701,healthcare,upi,,
cafe coffee ka khana 31001 rupye me aaya upi se die,31001,food,upi,,
amazon purchase pe shopping kya 40704 rupaiye khrcha upi se,40704,shopping,upi,,
aaj mutual fund sip me 29688 rupye lagaye card se,29688,investment,card,,
netflix subscription ka ticket 41242 rupaiye me liyaa cash se,41242,entertainment,cash,,
electronics shopping se 16158 rs. ka shopping kiya card se,16158,shopping,card,,
Library fee INR 30612,30612,education,card,,
aaj fixed deposit investment me 9520 rs. lagaye card se,9520,investment,card,,
Zomato dinner INR 6852,6852,food,card,,
Medical test charges INR 23876,23876,healthcare,cash,,
Messy outlier tx paypal,-100,error,paypal,,
Bus ticket INR 22422,22422,travel,cash,,
Online shopping payment INR 37238,37238,shopping,upi,,
"swiggy order pe 24784 ka bill tha, card se pay kiya",24784,food,card,,
college fees payment ki fees 28920 rupaye upi se bharaa,28920,education,upi,,
padhai ke liye library fee pe 11055 rs. karcha kiyaa upi se,11055,education,upi,,
25505 rupye ka mobile recharge bill pay kia card se,25505,utilities,card,,
home loan emi EMI 20444 rupye kat gaye cash se,20444,emi,cash,,
Messy outlier tx UPIID123,"1,000",unknown,bitcoin,,
27442 rs ka order diy electronics shopping pe upi se,27442,shopping,upi,,
Electronics shopping INR 8213,8213,shopping,upi,,
loan ka car loan emi 6265 rs cash se pay kya,6265,emi,cash,,
Cafe coffee INR 24955,24955,food,cash,,
1614 rupaye ka order diy clothing store bill pe cash se,1614,shopping,cash,,
Bus ticket INR 20930,20930,travel,cash,,
Library fee INR 27684,27684,education,card,,
Credit card EMI INR 6411,6411,emi,card,,
stock purchase ka SIP 23014 rupaiye upi se bhra,23014,investment,upi,,
cafe coffee ka khana 6886 rupaye me aaya cash se diye,6886,food,cash,,
Internet recharge INR 38381,38381,utilities,upi,,
Online course subscription INR 15940,15940,education,card,,
amazon purchase se 49922 rupay ka shopping kiyaa card se,49922,shopping,card,,
Crypto investment INR 43862,43862,investment,upi,,
pharmacy medicine purchase pe 32797 rs karcha hui davai pe cash se,32797,healthcare,cash,,
gas bill payment ka bill 25781 rupaye cash se bhara,25781,utilities,cash,,
Messy outlier tx UPIID123,five hundred,error,unknown,,
netflix subscription dekha 27752 rs lga cash se diye,27752,entertainment,cash,,
drop table users;,0,error,bitcoin,,
Messy outlier tx bitcoin,five hundred,error,123,123,
aaj gas bill payment ka 25781 rupaye ka bill cash se bhra,25781,utilities,cash,,
27299 rs. diyee online course subscription ke liye cash se,27299,education,cash,,
Clothing store bill INR 26714,26714,shopping,cash,,
19939 rupye diye exam fee ke liye card se,19939,education,card,,
car loan emi EMI 26884 rupaiye kat gaye cash se,26884,emi,cash,,
doctor ke yahan 34356 rupay lgaa card se die,34356,healthcare,card,,
game purchase ka subscription 19731 rs card se renew kya,19731,entertainment,card,,
Doctor consultation INR 9473,9473,healthcare,card,,
Swiggy order INR 19903,19903,food,upi,,
hospital bill me 9625 rs. khrcha hua card se diye,9625,healthcare,card,,
24591 rupaye karcha kya movie ticket booking pe upi se,24591,entertainment,upi,,
Personal loan installment INR 49895,49895,emi,cash,,
Flipkart order INR 42220,42220,shopping,card,,
Credit card EMI INR 13363,13363,emi,upi,,
3891 rs kharcha kia restaurant bill pe cash se,3891,food,cash,,
College fees payment INR 20592,20592,education,cash,,
aaj ola cab liyaa 34453 rupaye cash se pay kiyaa,34453,travel,cash,,
game purchase dekha 9502 rupye lagaa card se diyee,9502,entertainment,card,,
Car loan EMI INR 27259,27259,emi,cash,,
Ola cab INR 24520,24520,travel,card,,
45916 rs. kharch kya game purchase pe upi se,45916,entertainment,upi,,
37647 rs. kharchaa kya movie ticket booking pe card se,37647,entertainment,card,,
Mutual fund SIP INR 21494,21494,investment,cash,,
Messy outlier tx bitcoin,-5000,,UPIID123,,
29688 rs. mutual fund sip me daale card se,29688,investment,card,,
movie ticket booking ka subscription 2428 rupye upi se renew kiyaa,2428,entertainment,upi,,
movie ticket booking dekha 31421 rupaiye lgaa cash se diyee,31421,entertainment,cash,,
mutual fund sip me 40444 rupaiye invest kia cash se,40444,investment,cash,,
Hotel booking INR 24174,24174,travel,upi,,
7731 rs. kharcha kia movie ticket booking pe card se,7731,entertainment,card,,
college fees payment ki fees 21794 rupaye card se bharra,21794,education,card,,
Fixed deposit investment INR 20093,20093,investment,upi,,
Stock purchase INR 43568,43568,investment,upi,,
40894 rs. lagaa flight ticket booking me upi se die,40894,travel,upi,,
Swiggy order INR 3507,3507,food,card,,
loan ka personal loan installment 35959 rupay cash se pay kiya,35959,emi,cash,,
Zomato dinner INR 5894,5894,food,cash,,
Ola cab INR 18152,18152,travel,card,,
ppf contribution ka SIP 9988 rupay upi se bhara,9988,investment,upi,,
game purchase ka subscription 47916 rupye cash se renew kia,47916,entertainment,cash,,
Uber ride INR 10685,10685,travel,upi,,
Exam fee INR 27378,27378,education,upi,,
College fees payment INR 27700,27700,education,card,,
concert ticket ka subscription 22404 rs. card se renew kiyaa,22404,entertainment,card,,
NaN,99999999,unknown,csh,Unknown,
6702 rs. lgaa uber ride me cash se die,6702,travel,cash,,
crypto investment me 32700 rs invest kya card se,32700,investment,card,,
pharmacy medicine purchase me 17345 rupay kharcha hua card se die,17345,healthcare,card,,
20572 rs ka medical test charges bill aaya upi se pay kia,20572,healthcare,upi,,
1506 rupye stock purchase me daale upi se,1506,investment,upi,,
Mobile recharge INR 36946,36946,utilities,card,,
bike loan emi EMI 14705 rupay kat gaye upi se,14705,emi,upi,,
mobile recharge ka bill 35323 rupaye cash se bhra,35323,utilities,cash,,
exam fee ka course 35334 rs. me liyaa card se pay kiyaa,35334,education,card,,
personal loan installment EMI 48892 rupaiye kat gaye card se,48892,emi,card,,
doctor consultation pe 17396 rupaiye kharchaa hui davai pe card se,17396,healthcare,card,,
Online shopping payment INR 35868,35868,shopping,upi,,
doctor ke yahan 2679 rs lga cash se diye,2679,healthcare,cash,,
Concert ticket INR 8400,8400,entertainment,upi,,
aaj water bill ka 39239 rupye ka bill cash se bharaa,39239,utilities,cash,,
Flight ticket booking INR 46319,46319,travel,cash,,
Messy outlier tx unknown,-5000,misc,csh,,
cafe coffee ka khana 27158 rs me aaya upi se die,27158,food,upi,,
aaj ola cab liya 39480 rupye cash se pay kia,39480,travel,cash,,
clothing store bill se 36505 rupay ka shopping kya upi se,36505,shopping,upi,,
Doctor consultation INR 33024,33024,healthcare,upi,,
