text,amount,category,payment_method,location,notes
Hospital bill INR 31934,31934,healthcare,upi,,
padhai ke liye library fee pe 1080 rupay kharch kia cash se,1080,education,cash,,
crypto investment me 25856 rs invest kia card se,25856,investment,card,,
Crypto investment INR 13270,13270,investment,card,,
padhai ke liye exam fee pe 15837 rupye karcha kya upi se,15837,education,upi,,
pharmacy medicine purchase me 43342 rs karcha hua cash se diye,43342,healthcare,cash,,
Pharmacy medicine purchase INR 29773,29773,healthcare,upi,,
home loan emi EMI 47934 rupaiye kat gaye upi se,47934,emi,upi,,
Mutual fund SIP INR 2466,2466,investment,card,,
College fees payment INR 34110,34110,education,cash,,
Amazon purchase INR 28455,28455,shopping,cash,,
online amazon purchase se 47943 ka saman liya cash se pay kiyaa,47943,shopping,cash,,
padhai ke liye exam fee pe 5677 rupaiye kharch kiyaa card se,5677,education,card,,
College fees payment INR 44740,44740,education,card,,
Credit card EMI INR 23295,23295,emi,cash,,
home loan emi EMI 20442 rs. kat gaye cash se,20442,emi,cash,,
Train ticket IRCTC INR 33210,33210,travel,cash,,
7317 rupye ka internet recharge bill pay kiyaa cash se,7317,utilities,cash,,
Stock purchase INR 9886,9886,investment,card,,
Car loan EMI INR 23788,23788,emi,cash,,
Online shopping payment INR 43364,43364,shopping,upi,,
Crypto investment INR 38527,38527,investment,upi,,
pharmacy medicine purchase pe 10685 rupay kharchaa hui davai pe card se,10685,healthcare,card,,
Pharmacy medicine purchase INR 30547,30547,healthcare,cash,,
library fee ki fees 19126 rs. upi se bhara,19126,education,upi,,
6861 rupaye kharchaa kya netflix subscription pe card se,6861,entertainment,card,,
22158 rupaiye ppf contribution me daale card se,22158,investment,card,,
Credit card EMI INR 47013,47013,emi,card,,
48148 rupay lga ola cab me cash se die,48148,travel,cash,,
flight ticket booking ka kiraya 48016 rs diyee cash se,48016,travel,cash,,
Movie ticket booking INR 48615,48615,entertainment,upi,,
medical test charges me 809 rupaiye kharch hua card se diyee,809,healthcare,card,,
Internet recharge INR 7519,7519,utilities,cash,,
aaj flight ticket booking lya 8787 rs cash se pay kya,8787,travel,cash,,
Netflix subscription INR 2120,2120,entertainment,upi,,
Electricity bill payment INR 33783,33783,utilities,upi,,
Pharmacy medicine purchase INR 3242,3242,healthcare,card,,
Flight ticket booking INR 35643,35643,travel,cash,,
13637 rupaye laga bus ticket me upi se diyee,13637,travel,upi,,
Exam fee INR 37540,37540,education,cash,,
Online course subscription INR 44788,44788,education,upi,,
online online shopping payment se 30426 ka saman liyaa cash se pay kya,30426,shopping,cash,,
Train ticket IRCTC INR 35992,35992,travel,upi,,
Concert ticket INR 23876,23876,entertainment,card,,
credit card emi ki EMI 42967 rs card se bhara,42967,emi,card,,
College fees payment INR 8066,8066,education,cash,,
online course subscription ki fees 42670 rupaiye upi se bhara,42670,education,upi,,
Ola cab INR 18073,18073,travel,card,,
doctor ke yahan 25171 rupaiye lagaa cash se diyee,25171,healthcare,cash,,
Concert ticket INR 24411,24411,entertainment,upi,,
PPF contribution INR 22709,22709,investment,card,,
5977 rs kharcha kya game purchase pe card se,5977,entertainment,card,,
Fixed deposit investment INR 32378,32378,investment,card,,
38059 rupye ppf contribution me daale cash se,38059,investment,cash,,
Fixed deposit investment INR 972,972,investment,card,,
38390 rs khrcha kya food court payment pe card se,38390,food,card,,
Zomato dinner INR 34026,34026,food,upi,,
Lunch at hotel INR 44108,44108,food,upi,,
Doctor consultation INR 38832,38832,healthcare,cash,,
loan ka credit card emi 14126 rupye card se pay kia,14126,emi,card,,
restaurant bill me 37624 rupay ka khana khya upi se,37624,food,upi,,
car loan emi ki EMI 23975 rs cash se bhara,23975,emi,cash,,
ola cab ki ticket 28827 rupye me book kiyaa card se,28827,travel,card,,
College fees payment INR 29858,29858,education,upi,,
Doctor consultation INR 40666,40666,healthcare,cash,,
aaj gas bill payment ka 29721 rupaiye ka bill card se bharra,29721,utilities,card,,
library fee ki fees 34441 rs upi se bhra,34441,education,upi,,
Fixed deposit investment INR 32745,32745,investment,upi,,
library fee ka course 32326 rupye me liya upi se pay kiya,32326,education,upi,,
Online shopping payment INR 44640,44640,shopping,upi,,
Crypto investment INR 320,320,investment,card,,
Internet recharge INR 33969,33969,utilities,card,,
bike loan emi ki EMI 10407 rupay upi se bhara,10407,emi,upi,,
Ola cab INR 20434,20434,travel,upi,,
ola cab ka kiraya 18669 rupay diy upi se,18669,travel,upi,,
library fee ka course 35668 rs. me lia cash se pay kiya,35668,education,cash,,
Game purchase INR 31392,31392,entertainment,cash,,
netflix subscription ka ticket 49069 rupaiye me lya card se,49069,entertainment,card,,
Library fee INR 27751,27751,education,upi,,
48318 rupaye kharchaa kia game purchase pe cash se,48318,entertainment,cash,,
PPF contribution INR 27817,27817,investment,card,,
Fixed deposit investment INR 39918,39918,investment,upi,,
mutual fund sip me 40349 rupay invest kiyaa cash se,40349,investment,cash,,
"zomato dinner pe 33073 ka bill tha, cash se pay kia",33073,food,cash,,
25023 rs. diye college fees payment ke liye upi se,25023,education,upi,,
concert ticket ka subscription 4589 rupye upi se renew kiya,4589,entertainment,upi,,
Hotel booking INR 6398,6398,travel,cash,,
Flight ticket booking INR 16591,16591,travel,upi,,
39599 rupaye diy online course subscription ke liye cash se,39599,education,cash,,
uber ride ki ticket 47888 rupaye me book kia card se,47888,travel,card,,
PPF contribution INR 22388,22388,investment,cash,,
Hospital bill INR 23059,23059,healthcare,upi,,
aaj flight ticket booking lia 42708 rs. cash se pay kya,42708,travel,cash,,
Movie ticket booking INR 38770,38770,entertainment,cash,,
water bill ka bill 19502 rupaye card se bharra,19502,utilities,card,,
flight ticket booking ka kiraya 45838 rs diyee upi se,45838,travel,upi,,
flight ticket booking ki ticket 36679 rupay me book kiyaa upi se,36679,travel,upi,,
exam fee ka course 20703 rupaye me liyaa upi se pay kiya,20703,education,upi,,
Electronics shopping INR 21763,21763,shopping,cash,,
Internet recharge INR 5376,5376,utilities,card,,
ppf contribution ka SIP 45711 rupaye card se bhra,45711,investment,card,,
Stock purchase INR 34132,34132,investment,card,,
Clothing store bill INR 39775,39775,shopping,upi,,
aaj flight ticket booking lya 42537 rupye upi se pay kia,42537,travel,upi,,
3465 rupay kharcha kiya netflix subscription pe card se,3465,entertainment,card,,
Gas bill payment INR 567,567,utilities,card,,
aaj flight ticket booking lia 29181 rupye cash se pay kiya,29181,travel,cash,,
game purchase ka subscription 19395 rupaiye cash se renew kya,19395,entertainment,cash,,
"lunch at hotel pe 28323 ka bill tha, card se pay kiya",28323,food,card,,
23262 rs. ka internet recharge bill pay kia upi se,23262,utilities,upi,,
game purchase ka subscription 38600 rupaye card se renew kiyaa,38600,entertainment,card,,
Exam fee INR 31084,31084,education,upi,,
loan ka home loan emi 36117 rupye upi se pay kiyaa,36117,emi,upi,,
Ola cab INR 28998,28998,travel,card,,
18750 rupay kharchaa kiyaa movie ticket booking pe upi se,18750,entertainment,upi,,
Flight ticket booking INR 28327,28327,travel,cash,,
credit card emi ki EMI 45387 rupaye upi se bhara,45387,emi,upi,,
online shopping payment se 22158 rupay ka shopping kya card se,22158,shopping,card,,
Medical test charges INR 41130,41130,healthcare,upi,,
zomato dinner me 10493 rs. ka khana khaaya cash se,10493,food,cash,,
Medical test charges INR 16516,16516,healthcare,upi,,
47568 rupaye lga ola cab me card se diyee,47568,travel,card,,
online course subscription ka course 46801 rs. me liya card se pay kya,46801,education,card,,
electronics shopping se 42995 rupye ka shopping kya cash se,42995,shopping,cash,,
Library fee INR 11015,11015,education,card,,
Library fee INR 28595,28595,education,upi,,
college fees payment ki fees 7689 rupaiye cash se bhra,7689,education,cash,,
movie ticket booking ka subscription 5686 rs cash se renew kiyaa,5686,entertainment,cash,,
45726 rupaiye lga flight ticket booking me upi se diye,45726,travel,upi,,
doctor consultation me 1074 rupaiye khrcha hua card se diyee,1074,healthcare,card,,
medical test charges pe 6029 rs khrcha hui davai pe upi se,6029,healthcare,upi,,
aaj water bill ka 10492 rupye ka bill card se bharaa,10492,utilities,card,,
flipkart order pe shopping kiya 11657 rupye kharch card se,11657,shopping,card,,
Library fee INR 40696,40696,education,upi,,
aaj electricity bill payment ka 6128 rupaiye ka bill cash se bhra,6128,utilities,cash,,
Hotel booking INR 32356,32356,travel,card,,
"lunch at hotel pe 48079 ka bill tha, upi se pay kya",48079,food,upi,,
pharmacy medicine purchase pe 34800 rupaye kharcha hui davai pe card se,34800,healthcare,card,,
loan ka home loan emi 41887 rupay cash se pay kiya,41887,emi,cash,,
Library fee INR 45129,45129,education,upi,,
4034 rs. khrcha kiyaa food court payment pe cash se,4034,food,cash,,
online electronics shopping se 42952 ka saman lia card se pay kia,42952,shopping,card,,
netflix subscription dekha 32960 rupaye lga card se diyee,32960,entertainment,card,,
2398 rs ka medical test charges bill aaya cash se pay kya,2398,healthcare,cash,,
Bike loan EMI INR 16950,16950,emi,cash,,
2135 rupay mutual fund sip me daale card se,2135,investment,card,,
Online shopping payment INR 23861,23861,shopping,upi,,
Pharmacy medicine purchase INR 25892,25892,healthcare,cash,,
aaj flight ticket booking liya 28327 rupaiye cash se pay kiya,28327,travel,cash,,
Personal loan installment INR 42245,42245,emi,cash,,
Lunch at hotel INR 46553,46553,food,upi,,
medical test charges pe 38519 rupaiye kharcha hui davai pe upi se,38519,healthcare,upi,,
Amazon purchase INR 6098,6098,shopping,card,,
home loan emi EMI 19390 rupay kat gaye card se,19390,emi,card,,
personal loan installment EMI 37909 rupaye kat gaye card se,37909,emi,card,,
Personal loan installment INR 7282,7282,emi,upi,,
pizza delivery me 37935 rs. ka khana khayaa card se,37935,food,card,,
aaj water bill ka 29117 rupay ka bill upi se bharaa,29117,utilities,upi,,
game purchase ka subscription 178 rupay card se renew kia,178,entertainment,card,,
2927 rupay karcha kya game purchase pe card se,2927,entertainment,card,,
stock purchase me 13890 rs invest kiyaa upi se,13890,investment,upi,,
"lunch at hotel pe 20308 ka bill tha, card se pay kya",20308,food,card,,
Zomato dinner INR 28791,28791,food,cash,,
5742 rupaye diy exam fee ke liye upi se,5742,education,upi,,
Crypto investment INR 33494,33494,investment,cash,,
hotel booking ki ticket 6313 rs. me book kiya upi se,6313,travel,upi,,
fixed deposit investment ka SIP 43440 rupaye upi se bhara,43440,investment,upi,,
Ola cab INR 37202,37202,travel,card,,
Stock purchase INR 45500,45500,investment,upi,,
34395 rupye diye library fee ke liye card se,34395,education,card,,
online shopping payment pe shopping kya 31941 rupay kharcha card se,31941,shopping,card,,
47140 rs. kharcha kiya movie ticket booking pe cash se,47140,entertainment,cash,,
Home loan EMI INR 8226,8226,emi,card,,
aaj cafe coffee se khana order kiyaa 29685 rupay card se diy,29685,food,card,,
33036 rupaye lgaa train ticket irctc me upi se diye,33036,travel,upi,,
Mobile recharge INR 41127,41127,utilities,upi,,
College fees payment INR 24209,24209,education,card,,
Movie ticket booking INR 13215,13215,entertainment,cash,,
College fees payment INR 29766,29766,education,upi,,
Flipkart order INR 33981,33981,shopping,upi,,
14908 rupay ka hospital bill bill aaya cash se pay kiya,14908,healthcare,cash,,
8747 rs ka doctor consultation bill aaya upi se pay kya,8747,healthcare,upi,,
Online course subscription INR 3423,3423,education,upi,,
home loan emi EMI 26822 rupay kat gaye upi se,26822,emi,upi,,
mobile recharge ka bill 46523 rupaiye cash se bharaa,46523,utilities,cash,,
19101 rupaye karcha kiya netflix subscription pe card se,19101,entertainment,card,,
hospital bill me 25191 rupay kharcha hua upi se diy,25191,healthcare,upi,,
31934 rupaiye ka hospital bill bill aaya upi se pay kia,31934,healthcare,upi,,
Online course subscription INR 41380,41380,education,cash,,
doctor ke yahan 46909 rupaiye laga card se diyee,46909,healthcare,card,,
Messy outlier tx csh,-100,blabla,bitcoin,,
pharmacy medicine purchase pe 13921 rs. kharchaa hui davai pe card se,13921,healthcare,card,,
Electricity bill payment INR 3320,3320,utilities,card,,
flipkart order se 40719 rupaye ka shopping kya card se,40719,shopping,card,,
43819 rupay kharchaa kya netflix subscription pe card se,43819,entertainment,card,,
aaj train ticket irctc liyaa 44570 rupaiye upi se pay kiyaa,44570,travel,upi,,
Credit card EMI INR 34687,34687,emi,cash,,
Train ticket IRCTC INR 32346,32346,travel,upi,,
doctor ke yahan 41924 rupaye laga card se die,41924,healthcare,card,,
movie ticket booking ka ticket 43293 rupye me lya card se,43293,entertainment,card,,
Flight ticket booking INR 26691,26691,travel,card,,
29993 rupaye lga train ticket irctc me upi se die,29993,travel,upi,,
"zomato dinner pe 34038 ka bill tha, cash se pay kiya",34038,food,cash,,
loan ka credit card emi 477 rupaiye cash se pay kiyaa,477,emi,cash,,
Restaurant bill INR 19109,19109,food,card,,
mobile recharge recharge kia 44010 rupaiye cash se,44010,utilities,cash,,
Electricity bill payment INR 39327,39327,utilities,upi,,
water bill recharge kia 17680 rupay card se,17680,utilities,card,,
pharmacy medicine purchase pe 2242 rupaye karcha hui davai pe upi se,2242,healthcare,upi,,
Car loan EMI INR 35903,35903,emi,cash,,
bus ticket ki ticket 24123 rs me book kia card se,24123,travel,card,,
concert ticket ka ticket 15664 rupye me liya card se,15664,entertainment,card,,
online amazon purchase se 3963 ka saman liya card se pay kya,3963,shopping,card,,
Bike loan EMI INR 32305,32305,emi,card,,
College fees payment INR 5344,5344,education,upi,,
Zomato dinner INR 1712,1712,food,card,,
12179 rupaiye kharcha kia swiggy order pe cash se,12179,food,cash,,
Crypto investment INR 3593,3593,investment,card,,
flight ticket booking ki ticket 16870 rupaiye me book kya card se,16870,travel,card,,
padhai ke liye library fee pe 24580 rupye kharch kya upi se,24580,education,upi,,
aaj bus ticket lia 28292 rupaiye card se pay kya,28292,travel,card,,
hospital bill me 35405 rupay kharch hua card se diy,35405,healthcare,card,,
flight ticket booking ki ticket 48584 rupaiye me book kiyaa upi se,48584,travel,upi,,
Electricity bill payment INR 28451,28451,utilities,upi,,
Movie ticket booking INR 5686,5686,entertainment,cash,,
Train ticket IRCTC INR 47449,47449,travel,upi,,
Library fee INR 32913,32913,education,card,,
clothing store bill pe shopping kya 45779 rupye karcha cash se,45779,shopping,cash,,
Online shopping payment INR 29696,29696,shopping,card,,
Online course subscription INR 21234,21234,education,card,,
clothing store bill pe shopping kiyaa 3165 rupaiye karcha upi se,3165,shopping,upi,,
padhai ke liye college fees payment pe 19841 rupay kharch kia upi se,19841,education,upi,,
aaj crypto investment me 37952 rupaye lagaye cash se,37952,investment,cash,,
concert ticket ka subscription 43755 rupay card se renew kiyaa,43755,entertainment,card,,
game purchase ka subscription 32823 rupay card se renew kya,32823,entertainment,card,,
hotel booking ki ticket 436 rs. me book kiya cash se,436,travel,cash,,
Swiggy order INR 16673,16673,food,cash,,
college fees payment ki fees 9654 rupaiye upi se bharaa,9654,education,upi,,
PPF contribution INR 36853,36853,investment,upi,,
Hospital bill INR 19241,19241,healthcare,cash,,
online course subscription ki fees 15446 rupye cash se bhra,15446,education,cash,,
Hospital bill INR 20533,20533,healthcare,card,,
Game purchase INR 11063,11063,entertainment,upi,,
Medical test charges INR 33147,33147,healthcare,upi,,
Crypto investment INR 20033,20033,investment,card,,
ppf contribution me 27817 rupye invest kya card se,27817,investment,card,,
33656 rupay kharch kiyaa lunch at hotel pe upi se,33656,food,upi,,
online electronics shopping se 19694 ka saman liyaa card se pay kiya,19694,shopping,card,,
exam fee ki fees 30358 rs. upi se bharra,30358,education,upi,,
flight ticket booking ka kiraya 33830 rupaiye diyee card se,33830,travel,card,,
"cafe coffee pe 23358 ka bill tha, card se pay kiya",23358,food,card,,
15788 rupaye ka order diy electronics shopping pe upi se,15788,shopping,upi,,
Hospital bill INR 609,609,healthcare,cash,,
ola cab ki ticket 9265 rs. me book kiya upi se,9265,travel,upi,,
online flipkart order se 24353 ka saman lia upi se pay kiyaa,24353,shopping,upi,,
47094 rs. crypto investment me daale upi se,47094,investment,upi,,
concert ticket ka ticket 43959 rupay me liya card se,43959,entertainment,card,,
Food court payment INR 35302,35302,food,card,,
Bike loan EMI INR 13563,13563,emi,card,,
21811 rupaye ka doctor consultation bill aaya upi se pay kiya,21811,healthcare,upi,,
Crypto investment INR 42283,42283,investment,card,,
15418 rs. die exam fee ke liye upi se,15418,education,upi,,
aaj internet recharge ka 7480 rupaiye ka bill card se bharaa,7480,utilities,card,,
College fees payment INR 44692,44692,education,cash,,
31567 rs. ka car loan emi installment cash se diy,31567,emi,cash,,
Online course subscription INR 36466,36466,education,card,,
Library fee INR 48277,48277,education,card,,
bus ticket ka kiraya 47664 rupay diyee cash se,47664,travel,cash,,
Crypto investment INR 31978,31978,investment,card,,
466 rs. diye college fees payment ke liye card se,466,education,card,,
aaj bus ticket lia 11122 rupaiye upi se pay kiyaa,11122,travel,upi,,
Train ticket IRCTC INR 46520,46520,travel,card,,
loan ka personal loan installment 13403 rupye card se pay kia,13403,emi,card,,
electronics shopping pe shopping kiyaa 23877 rs kharcha cash se,23877,shopping,cash,,
"restaurant bill pe 25605 ka bill tha, cash se pay kia",25605,food,cash,,
Netflix subscription INR 39854,39854,entertainment,upi,,
Online course subscription INR 6595,6595,education,card,,
17340 rs khrcha kiyaa zomato dinner pe upi se,17340,food,upi,,
Fixed deposit investment INR 47675,47675,investment,card,,
Amazon purchase INR 29095,29095,shopping,upi,,
Pharmacy medicine purchase INR 23470,23470,healthcare,upi,,
crypto investment me 31978 rupay invest kia card se,31978,investment,card,,
Flipkart order INR 46141,46141,shopping,upi,,
Online course subscription INR 14149,14149,education,upi,,
hospital bill me 921 rupye kharcha hua card se diy,921,healthcare,card,,
Netflix subscription INR 47469,47469,entertainment,cash,,
"food court payment pe 31558 ka bill tha, cash se pay kya",31558,food,cash,,
aaj gas bill payment ka 27142 rupaye ka bill upi se bharra,27142,utilities,upi,,
restaurant bill ka khana 10615 rs me aaya upi se die,10615,food,upi,,
stock purchase me 49412 rupaye invest kiya cash se,49412,investment,cash,,
amazon purchase pe shopping kia 47943 rupye kharchaa cash se,47943,shopping,cash,,
aaj bus ticket lya 47664 rs cash se pay kya,47664,travel,cash,,
Credit card EMI INR 16807,16807,emi,card,,
clothing store bill pe shopping kiya 35544 rs. kharcha card se,35544,shopping,card,,
Train ticket IRCTC INR 47513,47513,travel,cash,,
28299 rs laga bus ticket me card se die,28299,travel,card,,
Restaurant bill INR 22371,22371,food,card,,
27632 rupaiye khrcha kiyaa restaurant bill pe cash se,27632,food,cash,,
aaj fixed deposit investment me 30286 rupye lagaye upi se,30286,investment,upi,,
Library fee INR 45087,45087,education,cash,,
PPF contribution INR 38126,38126,investment,card,,
online clothing store bill se 5655 ka saman lya upi se pay kiyaa,5655,shopping,upi,,
uber ride ki ticket 36926 rs me book kya cash se,36926,travel,cash,,
fixed deposit investment me 16435 rupaye invest kya cash se,16435,investment,cash,,
29181 rs. laga flight ticket booking me cash se diy,29181,travel,cash,,
padhai ke liye college fees payment pe 16548 rupaye karcha kya upi se,16548,education,upi,,
online course subscription ka course 29473 rs. me lya card se pay kiyaa,29473,education,card,,
Bus ticket INR 42227,42227,travel,card,,
Game purchase INR 34946,34946,entertainment,upi,,
doctor ke yahan 41244 rupay lgaa cash se diyee,41244,healthcare,cash,,
Electronics shopping INR 6793,6793,shopping,upi,,
internet recharge ka bill 29138 rs. upi se bharra,29138,utilities,upi,,
Game purchase INR 36190,36190,entertainment,cash,,
35678 rupaye laga flight ticket booking me upi se die,35678,travel,upi,,
Electronics shopping INR 9613,9613,shopping,card,,
online shopping payment pe shopping kia 5616 rupye kharchaa upi se,5616,shopping,upi,,
stock purchase ka SIP 43998 rupaye cash se bhara,43998,investment,cash,,
aaj hotel booking liya 34626 rupye upi se pay kya,34626,travel,upi,,
amazon purchase se 18586 rs. ka shopping kiyaa card se,18586,shopping,card,,
amazon purchase pe shopping kya 29095 rs kharchaa upi se,29095,shopping,upi,,
netflix subscription ka subscription 6157 rs. cash se renew kiyaa,6157,entertainment,cash,,
hotel booking ka kiraya 13511 rupaiye diye card se,13511,travel,card,,
College fees payment INR 6419,6419,education,cash,,
Doctor consultation INR 37362,37362,healthcare,cash,,
Pharmacy medicine purchase INR 4387,4387,healthcare,cash,,
aaj ola cab liyaa 33948 rupay cash se pay kia,33948,travel,cash,,
Credit card EMI INR 34866,34866,emi,cash,,
medical test charges me 26022 rupaye khrcha hua card se diy,26022,healthcare,card,,
Hospital bill INR 49627,49627,healthcare,cash,,
loan ka car loan emi 22507 rs cash se pay kiyaa,22507,emi,cash,,
Online course subscription INR 17133,17133,education,card,,
padhai ke liye online course subscription pe 24689 rs karcha kiyaa cash se,24689,education,cash,,
41579 rupay lagaa bus ticket me upi se diy,41579,travel,upi,,
aaj bus ticket lya 38428 rupay upi se pay kya,38428,travel,upi,,
Gas bill payment INR 3108,3108,utilities,cash,,
medical test charges me 46322 rupay kharcha hua upi se diye,46322,healthcare,upi,,
padhai ke liye college fees payment pe 3778 rupaiye kharch kiyaa card se,3778,education,card,,
32051 rs lagaa flight ticket booking me card se diy,32051,travel,card,,
Doctor consultation INR 3077,3077,healthcare,cash,,
flipkart order pe shopping kia 28928 rupay khrcha cash se,28928,shopping,cash,,
movie ticket booking ka ticket 4451 rupye me liya cash se,4451,entertainment,cash,,
30644 rupaye ka order die flipkart order pe upi se,30644,shopping,upi,,
Stock purchase INR 46724,46724,investment,upi,,
doctor ke yahan 17739 rupaiye lagaa card se diye,17739,healthcare,card,,
"lunch at hotel pe 13122 ka bill tha, cash se pay kya",13122,food,cash,,
Medical test charges INR 35489,35489,healthcare,card,,
exam fee ki fees 36760 rs cash se bhara,36760,education,cash,,
Netflix subscription INR 33997,33997,entertainment,card,,
electronics shopping pe shopping kia 36204 rupaye karcha upi se,36204,shopping,upi,,
internet recharge recharge kiyaa 4728 rs cash se,4728,utilities,cash,,
Home loan EMI INR 34357,34357,emi,card,,
Food court payment INR 31558,31558,food,cash,,
food court payment ka khana 13842 rupaye me aaya card se diye,13842,food,card,,
"pizza delivery pe 42676 ka bill tha, upi se pay kya",42676,food,upi,,
Medical test charges INR 13432,13432,healthcare,upi,,
zomato dinner ka khana 48990 rupay me aaya card se diye,48990,food,card,,
medical test charges me 4757 rupaye kharch hua upi se diyee,4757,healthcare,upi,,
movie ticket booking ka subscription 5635 rupye cash se renew kia,5635,entertainment,cash,,
Fixed deposit investment INR 29666,29666,investment,upi,,
Exam fee INR 22237,22237,education,card,,
Bus ticket INR 26557,26557,travel,card,,
uber ride ki ticket 44447 rupaiye me book kiyaa upi se,44447,travel,upi,,
uber ride ki ticket 1282 rupaiye me book kia upi se,1282,travel,upi,,
Netflix subscription INR 10990,10990,entertainment,card,,
doctor consultation pe 5598 rs khrcha hui davai pe upi se,5598,healthcare,upi,,
food court payment ka khana 30236 rupaye me aaya upi se diyee,30236,food,upi,,
Medical test charges INR 7713,7713,healthcare,cash,,
Clothing store bill INR 11027,11027,shopping,upi,,
12431 rupaye die college fees payment ke liye cash se,12431,education,cash,,
Online course subscription INR 12215,12215,education,card,,
Internet recharge INR 31819,31819,utilities,card,,
Swiggy order INR 34166,34166,food,upi,,
doctor ke yahan 4569 rupaiye lga cash se diye,4569,healthcare,cash,,
Zomato dinner INR 17264,17264,food,cash,,
NaN,NULL,unknown,UPIID123,,
mutual fund sip ka SIP 44503 rupaiye cash se bharaa,44503,investment,cash,,
17261 rupaye ka medical test charges bill aaya card se pay kia,17261,healthcare,card,,
pharmacy medicine purchase pe 38653 rupaiye khrcha hui davai pe cash se,38653,healthcare,cash,,
Crypto investment INR 47518,47518,investment,upi,,
flight ticket booking ki ticket 21632 rupye me book kiya cash se,21632,travel,cash,,
Stock purchase INR 6000,6000,investment,upi,,
game purchase dekha 15842 rupay lgaa card se diy,15842,entertainment,card,,
18005 rs. ka water bill bill pay kya upi se,18005,utilities,upi,,
medical test charges me 19894 rupay karcha hua cash se diyee,19894,healthcare,cash,,
Hotel booking INR 19263,19263,travel,cash,,
aaj mobile recharge ka 33390 rupay ka bill card se bharra,33390,utilities,card,,
Personal loan installment INR 29883,29883,emi,cash,,
8429 rupay karcha kia netflix subscription pe card se,8429,entertainment,card,,
Mobile recharge INR 36858,36858,utilities,card,,
bike loan emi EMI 33274 rupye kat gaye cash se,33274,emi,cash,,
Mutual fund SIP INR 27567,27567,investment,card,,
PPF contribution INR 15734,15734,investment,cash,,
Lunch at hotel INR 2968,2968,food,cash,,
aaj water bill ka 19859 rupaye ka bill upi se bhara,19859,utilities,upi,,
45648 rupay ka home loan emi installment upi se die,45648,emi,upi,,
Medical test charges INR 24894,24894,healthcare,card,,
movie ticket booking dekha 6257 rupay lagaa card se diy,6257,entertainment,card,,
ppf contribution me 36127 rs. invest kia cash se,36127,investment,cash,,
Online course subscription INR 31262,31262,education,cash,,
padhai ke liye online course subscription pe 11146 rs. karcha kiya upi se,11146,education,upi,,
netflix subscription ka ticket 36242 rupye me lya card se,36242,entertainment,card,,
college fees payment ki fees 22917 rupaye cash se bharra,22917,education,cash,,
netflix subscription ka ticket 36831 rs me liya cash se,36831,entertainment,cash,,
water bill recharge kya 30913 rupaiye upi se,30913,utilities,upi,,
ppf contribution ka SIP 41321 rupaye card se bhara,41321,investment,card,,
hospital bill pe 10839 rupaiye kharcha hui davai pe cash se,10839,healthcare,cash,,
Online course subscription INR 17866,17866,education,upi,,
Online shopping payment INR 13156,13156,shopping,card,,
pharmacy medicine purchase pe 30547 rupye khrcha hui davai pe cash se,30547,healthcare,cash,,
Gas bill payment INR 5154,5154,utilities,cash,,
49197 rupaiye ka credit card emi installment upi se diyee,49197,emi,upi,,
exam fee ka course 33297 rupay me liyaa upi se pay kia,33297,education,upi,,
Pizza delivery INR 7360,7360,food,upi,,
fixed deposit investment ka SIP 10627 rupye card se bharra,10627,investment,card,,
Mutual fund SIP INR 42763,42763,investment,upi,,
exam fee ka course 11967 rupaye me liya upi se pay kia,11967,education,upi,,
concert ticket dekha 40032 rupye lga cash se diyee,40032,entertainment,cash,,
Online course subscription INR 49904,49904,education,upi,,
Ola cab INR 6380,6380,travel,card,,
Personal loan installment INR 16345,16345,emi,card,,
Stock purchase INR 5805,5805,investment,cash,,
Medical test charges INR 10851,10851,healthcare,cash,,
doctor ke yahan 47840 rupaye laga upi se diye,47840,healthcare,upi,,
Doctor consultation INR 4953,4953,healthcare,upi,,
padhai ke liye exam fee pe 4284 rupaye kharcha kya card se,4284,education,card,,
uber ride ka kiraya 22969 rupye diye card se,22969,travel,card,,
doctor consultation me 11576 rs. kharch hua cash se diy,11576,healthcare,cash,,
Bike loan EMI INR 30335,30335,emi,card,,
online course subscription ki fees 17420 rupye card se bhra,17420,education,card,,
38403 rupaye ka home loan emi installment cash se diyee,38403,emi,cash,,
aaj mobile recharge ka 14403 rupye ka bill card se bhra,14403,utilities,card,,
pharmacy medicine purchase me 24349 rupaye kharcha hua cash se diyee,24349,healthcare,cash,,
Online course subscription INR 29314,29314,education,upi,,
5700 rs. ka bike loan emi installment card se die,5700,emi,card,,
910 rs. khrcha kia zomato dinner pe cash se,910,food,cash,,
Internet recharge INR 19321,19321,utilities,upi,,
Netflix subscription INR 18102,18102,entertainment,cash,,
40280 rupaiye ka mobile recharge bill pay kiyaa card se,40280,utilities,card,,
Clothing store bill INR 46671,46671,shopping,card,,
padhai ke liye online course subscription pe 36466 rupaye kharcha kya card se,36466,education,card,,
Water bill INR 6476,6476,utilities,cash,,
28638 rs. ka hospital bill bill aaya upi se pay kya,28638,healthcare,upi,,
crypto investment me 30089 rupaye invest kia card se,30089,investment,card,,
bike loan emi ki EMI 45379 rupay card se bhara,45379,emi,card,,
internet recharge recharge kya 11890 rupye cash se,11890,utilities,cash,,
personal loan installment EMI 10468 rupye kat gaye card se,10468,emi,card,,
Online course subscription INR 40046,40046,education,card,,
Clothing store bill INR 40977,40977,shopping,cash,,
exam fee ki fees 12354 rupye cash se bharra,12354,education,cash,,
41031 rupay crypto investment me daale card se,41031,investment,card,,
mobile recharge recharge kia 4209 rupay upi se,4209,utilities,upi,,
Personal loan installment INR 39727,39727,emi,upi,,
game purchase ka ticket 48230 rupay me lia card se,48230,entertainment,card,,
28758 rupay laga train ticket irctc me upi se die,28758,travel,upi,,
Car loan EMI INR 2099,2099,emi,cash,,
Mutual fund SIP INR 25243,25243,investment,upi,,
Library fee INR 42155,42155,education,card,,
loan ka credit card emi 5092 rs. cash se pay kiya,5092,emi,cash,,
aaj flight ticket booking lya 35643 rs. cash se pay kiyaa,35643,travel,cash,,
medical test charges pe 44578 rs. kharcha hui davai pe cash se,44578,healthcare,cash,,
Fixed deposit investment INR 26124,26124,investment,cash,,
concert ticket ka ticket 7833 rupye me liya upi se,7833,entertainment,upi,,
Game purchase INR 11222,11222,entertainment,upi,,
College fees payment INR 11335,11335,education,card,,
26416 rs ka water bill bill pay kiyaa card se,26416,utilities,card,,
Medical test charges INR 1863,1863,healthcare,upi,,
game purchase ka ticket 45540 rs. me lya upi se,45540,entertainment,upi,,
Medical test charges INR 26939,26939,healthcare,upi,,
crypto investment me 14202 rupaiye invest kia cash se,14202,investment,cash,,
ppf contribution me 27743 rupaye invest kiyaa upi se,27743,investment,upi,,
Stock purchase INR 45951,45951,investment,cash,,
Zomato dinner INR 24063,24063,food,upi,,
20024 rupye ka hospital bill bill aaya upi se pay kya,20024,healthcare,upi,,
game purchase ka ticket 38053 rs me liyaa card se,38053,entertainment,card,,
Food court payment INR 23128,23128,food,cash,,
Train ticket IRCTC INR 33069,33069,travel,card,,
library fee ki fees 6618 rupay upi se bhra,6618,education,upi,,
netflix subscription ka ticket 26325 rupye me lia cash se,26325,entertainment,cash,,
1981 rs ka order diy electronics shopping pe upi se,1981,shopping,upi,,
padhai ke liye exam fee pe 29505 rupaiye kharcha kia card se,29505,education,card,,
aaj flight ticket booking lya 25151 rupaye upi se pay kya,25151,travel,upi,,
2400 rs ka water bill bill pay kia card se,2400,utilities,card,,
Doctor consultation INR 15932,15932,healthcare,upi,,
27001 rupye lgaa uber ride me cash se diyee,27001,travel,cash,,
Flight ticket booking INR 2886,2886,travel,cash,,
concert ticket ka subscription 9957 rupaye cash se renew kiya,9957,entertainment,cash,,
aaj mobile recharge ka 35872 rupay ka bill card se bhra,35872,utilities,card,,
Food court payment INR 7027,7027,food,card,,
40237 rs. crypto investment me daale upi se,40237,investment,upi,,
5279 rupaye fixed deposit investment me daale cash se,5279,investment,cash,,
41827 rupaye karcha kya cafe coffee pe upi se,41827,food,upi,,
Library fee INR 2408,2408,education,upi,,
Credit card EMI INR 10233,10233,emi,card,,
Amazon purchase INR 16473,16473,shopping,upi,,
40450 rupaye ka hospital bill bill aaya upi se pay kiya,40450,healthcare,upi,,
aaj gas bill payment ka 7359 rupaye ka bill cash se bharaa,7359,utilities,cash,,
concert ticket ka subscription 6400 rupaye upi se renew kiya,6400,entertainment,upi,,
stock purchase ka SIP 47141 rs card se bhra,47141,investment,card,,
Library fee INR 36809,36809,education,cash,,
Credit card EMI INR 20965,20965,emi,cash,,
Amazon purchase INR 20376,20376,shopping,cash,,
Restaurant bill INR 23719,23719,food,card,,
Hotel booking INR 21920,21920,travel,upi,,
bike loan emi EMI 35491 rs. kat gaye card se,35491,emi,card,,
30130 rupaye ka pharmacy medicine purchase bill aaya cash se pay kiya,30130,healthcare,cash,,
bus ticket ki ticket 48467 rupye me book kiya upi se,48467,travel,upi,,
Online course subscription INR 11991,11991,education,card,,
loan ka bike loan emi 43473 rupaiye card se pay kia,43473,emi,card,,
"food court payment pe 21030 ka bill tha, upi se pay kya",21030,food,upi,,
43059 rupay lga train ticket irctc me cash se diye,43059,travel,cash,,
Swiggy order INR 8223,8223,food,card,,
car loan emi ki EMI 277 rupye upi se bharaa,277,emi,upi,,
Flight ticket booking INR 23668,23668,travel,cash,,
aaj water bill ka 7302 rs ka bill cash se bharaa,7302,utilities,cash,,
33382 rupye lga ola cab me cash se diye,33382,travel,cash,,
42153 rupay ka home loan emi installment cash se die,42153,emi,cash,,
online electronics shopping se 11839 ka saman liyaa upi se pay kiyaa,11839,shopping,upi,,
Train ticket IRCTC INR 8824,8824,travel,card,,
Zomato dinner INR 17340,17340,food,upi,,
hospital bill pe 10982 rupaiye kharch hui davai pe cash se,10982,healthcare,cash,,
Ola cab INR 12627,12627,travel,card,,
Car loan EMI INR 34570,34570,emi,cash,,
netflix subscription ka ticket 10897 rupye me lia upi se,10897,entertainment,upi,,
41867 rupay crypto investment me daale cash se,41867,investment,cash,,
hospital bill pe 5693 rupay kharcha hui davai pe cash se,5693,healthcare,cash,,
Restaurant bill INR 9130,9130,food,upi,,
aaj electricity bill payment ka 3336 rupye ka bill upi se bharra,3336,utilities,upi,,
Electronics shopping INR 5228,5228,shopping,upi,,
29019 rupaye die exam fee ke liye card se,29019,education,card,,
40892 rupaye ka bike loan emi installment upi se diy,40892,emi,upi,,
Home loan EMI INR 8672,8672,emi,cash,,
train ticket irctc ki ticket 45822 rupay me book kia cash se,45822,travel,cash,,
"food court payment pe 19891 ka bill tha, cash se pay kiyaa",19891,food,cash,,
2367 rs ka car loan emi installment cash se die,2367,emi,cash,,
Restaurant bill INR 8623,8623,food,cash,,
Flight ticket booking INR 43800,43800,travel,upi,,
personal loan installment ki EMI 10752 rupay card se bhara,10752,emi,card,,
Online shopping payment INR 39553,39553,shopping,cash,,
aaj stock purchase me 1650 rs. lagaye upi se,1650,investment,upi,,
padhai ke liye exam fee pe 5191 rs kharcha kia card se,5191,education,card,,
Fixed deposit investment INR 20610,20610,investment,card,,
internet recharge recharge kiya 42716 rupye cash se,42716,utilities,cash,,
Hospital bill INR 11982,11982,healthcare,card,,
28151 rs ka water bill bill pay kiyaa cash se,28151,utilities,cash,,
college fees payment ki fees 28317 rupay upi se bhara,28317,education,upi,,
Personal loan installment INR 8800,8800,emi,card,,
internet recharge recharge kiyaa 43054 rupay card se,43054,utilities,card,,
online flipkart order se 1455 ka saman liya card se pay kya,1455,shopping,card,,
netflix subscription dekha 22161 rupay lga cash se diye,22161,entertainment,cash,,
netflix subscription dekha 25117 rs lagaa cash se die,25117,entertainment,cash,,
"swiggy order pe 19996 ka bill tha, cash se pay kiya",19996,food,cash,,
Library fee INR 18345,18345,education,upi,,
Concert ticket INR 27731,27731,entertainment,upi,,
crypto investment ka SIP 12824 rupye card se bharaa,12824,investment,card,,
aaj mutual fund sip me 22421 rupay lagaye cash se,22421,investment,cash,,
Library fee INR 3064,3064,education,card,,
Flight ticket booking INR 22491,22491,travel,upi,,
12866 rupye ka hospital bill bill aaya cash se pay kiyaa,12866,healthcare,cash,,
Medical test charges INR 41351,41351,healthcare,card,,
Gas bill payment INR 12740,12740,utilities,card,,
9829 rupaye mutual fund sip me daale upi se,9829,investment,upi,,
Flipkart order INR 15322,15322,shopping,cash,,
Movie ticket booking INR 47822,47822,entertainment,upi,,
padhai ke liye online course subscription pe 3777 rupay kharchaa kya card se,3777,education,card,,
internet recharge ka bill 5277 rs. cash se bharra,5277,utilities,cash,,
PPF contribution INR 37395,37395,investment,card,,
Stock purchase INR 27031,27031,investment,card,,
"swiggy order pe 48770 ka bill tha, card se pay kya",48770,food,card,,
concert ticket dekha 15134 rs. lgaa card se die,15134,entertainment,card,,
college fees payment ka course 23297 rupaye me liya card se pay kya,23297,education,card,,
doctor ke yahan 32564 rs lga cash se diye,32564,healthcare,cash,,
Food court payment INR 45762,45762,food,cash,,
Flipkart order INR 28705,28705,shopping,card,,
Fixed deposit investment INR 9546,9546,investment,upi,,
game purchase ka subscription 12466 rupay card se renew kiya,12466,entertainment,card,,
19126 rs diyee library fee ke liye upi se,19126,education,upi,,
Lunch at hotel INR 41651,41651,food,upi,,
Bike loan EMI INR 19302,19302,emi,cash,,
loan ka home loan emi 32869 rs. card se pay kiya,32869,emi,card,,
Gas bill payment INR 9079,9079,utilities,card,,
online shopping payment se 43860 rupye ka shopping kiyaa upi se,43860,shopping,upi,,
credit card emi ki EMI 29938 rs upi se bharra,29938,emi,upi,,
41425 rupaye diyee online course subscription ke liye cash se,41425,education,cash,,
uber ride ki ticket 27001 rupaye me book kia cash se,27001,travel,cash,,
mobile recharge ka bill 39945 rupaiye upi se bhra,39945,utilities,upi,,
Pizza delivery INR 12242,12242,food,card,,
College fees payment INR 26622,26622,education,upi,,
Concert ticket INR 11335,11335,entertainment,card,,
padhai ke liye exam fee pe 47792 rupaiye kharch kya cash se,47792,education,cash,,
water bill recharge kia 43004 rupay cash se,43004,utilities,cash,,
Lunch at hotel INR 48510,48510,food,cash,,
aaj mutual fund sip me 6616 rupay lagaye card se,6616,investment,card,,
credit card emi ki EMI 42596 rupaiye cash se bhra,42596,emi,cash,,
Pharmacy medicine purchase INR 41924,41924,healthcare,card,,
Zomato dinner INR 1553,1553,food,upi,,
Food court payment INR 8322,8322,food,cash,,
Pharmacy medicine purchase INR 40115,40115,healthcare,cash,,
hospital bill me 2994 rupye karcha hua upi se diye,2994,healthcare,upi,,
Movie ticket booking INR 46773,46773,entertainment,card,,
Crypto investment INR 8940,8940,investment,upi,,
15621 rs kharchaa kia game purchase pe card se,15621,entertainment,card,,
online course subscription ki fees 8046 rupaye card se bhra,8046,education,card,,
39433 rupay kharch kya movie ticket booking pe card se,39433,entertainment,card,,
Doctor consultation INR 9762,9762,healthcare,card,,
Uber ride INR 31224,31224,travel,upi,,
Pharmacy medicine purchase INR 1991,1991,healthcare,upi,,
ola cab ka kiraya 48597 rs. diye upi se,48597,travel,upi,,
aaj train ticket irctc liyaa 1488 rupay upi se pay kya,1488,travel,upi,,
crypto investment ka SIP 10471 rupay cash se bharra,10471,investment,cash,,
electricity bill payment recharge kia 42141 rupye card se,42141,utilities,card,,
Electronics shopping INR 10415,10415,shopping,card,,
Mobile recharge INR 14863,14863,utilities,card,,
flipkart order pe shopping kiya 30504 rupay kharcha card se,30504,shopping,card,,
aaj uber ride lya 32646 rupay cash se pay kia,32646,travel,cash,,
9347 rupaye ka hospital bill bill aaya upi se pay kiyaa,9347,healthcare,upi,,
"restaurant bill pe 23719 ka bill tha, card se pay kiyaa",23719,food,card,,
Pharmacy medicine purchase INR 4503,4503,healthcare,upi,,
47449 rs laga train ticket irctc me upi se diye,47449,travel,upi,,
amazon purchase se 31085 rupaye ka shopping kiya card se,31085,shopping,card,,
2848 rupye ka electricity bill payment bill pay kia cash se,2848,utilities,cash,,
Credit card EMI INR 45302,45302,emi,card,,
Medical test charges INR 36552,36552,healthcare,cash,,
Exam fee INR 49850,49850,education,cash,,
library fee ki fees 34355 rs upi se bharra,34355,education,upi,,
aaj fixed deposit investment me 23444 rupay lagaye upi se,23444,investment,upi,,
36348 rupye ka pharmacy medicine purchase bill aaya cash se pay kiyaa,36348,healthcare,cash,,
Library fee INR 29289,29289,education,cash,,
Lunch at hotel INR 24395,24395,food,card,,
38541 rupay khrcha kiya game purchase pe upi se,38541,entertainment,upi,,
49711 rupye stock purchase me daale upi se,49711,investment,upi,,
Medical test charges INR 24970,24970,healthcare,card,,
Medical test charges INR 19023,19023,healthcare,card,,
aaj lunch at hotel se khana order kiya 41651 rupay upi se die,41651,food,upi,,
Flipkart order INR 23001,23001,shopping,cash,,
College fees payment INR 47409,47409,education,card,,
Pharmacy medicine purchase INR 5417,5417,healthcare,card,,
Amazon purchase INR 16784,16784,shopping,card,,
Train ticket IRCTC INR 32277,32277,travel,card,,
clothing store bill se 34758 rupay ka shopping kiyaa upi se,34758,shopping,upi,,
43191 rupaiye ka electricity bill payment bill pay kya upi se,43191,utilities,upi,,
PPF contribution INR 39327,39327,investment,cash,,
46023 rupaiye karcha kiya concert ticket pe card se,46023,entertainment,card,,
online flipkart order se 36000 ka saman liyaa card se pay kiyaa,36000,shopping,card,,
22809 rs kharchaa kiya food court payment pe cash se,22809,food,cash,,
Bus ticket INR 30749,30749,travel,upi,,
ola cab ki ticket 41203 rs me book kiya cash se,41203,travel,cash,,
electronics shopping se 9477 rupaye ka shopping kiya upi se,9477,shopping,upi,,
40182 rupye karcha kiyaa concert ticket pe cash se,40182,entertainment,cash,,
Electronics shopping INR 16098,16098,shopping,cash,,
Electricity bill payment INR 12674,12674,utilities,upi,,
Home loan EMI INR 9338,9338,emi,cash,,
aaj bus ticket liyaa 47921 rupaye upi se pay kya,47921,travel,upi,,
movie ticket booking ka subscription 49336 rupye cash se renew kia,49336,entertainment,cash,,
loan ka personal loan installment 19354 rupaiye card se pay kiyaa,19354,emi,card,,
loan ka credit card emi 6925 rupaye card se pay kia,6925,emi,card,,
College fees payment INR 7466,7466,education,upi,,
netflix subscription ka ticket 47315 rupye me lia card se,47315,entertainment,card,,
Personal loan installment INR 44836,44836,emi,cash,,
Mobile recharge INR 43561,43561,utilities,card,,
Stock purchase INR 45595,45595,investment,upi,,
College fees payment INR 17764,17764,education,cash,,
38770 rs. karcha kiyaa movie ticket booking pe cash se,38770,entertainment,cash,,
49635 rupye diye college fees payment ke liye card se,49635,education,card,,
18922 rs ka order die online shopping payment pe cash se,18922,shopping,cash,,
Hospital bill INR 26840,26840,healthcare,upi,,
game purchase ka ticket 17274 rs me lia card se,17274,entertainment,card,,
Messy outlier tx ,NaN,1234,paypal,,
mutual fund sip me 37573 rupaiye invest kia card se,37573,investment,card,,
Mobile recharge INR 10433,10433,utilities,cash,,
online flipkart order se 36444 ka saman liyaa cash se pay kiyaa,36444,shopping,cash,,
Fixed deposit investment INR 29666,29666,investment,card,,
Crypto investment INR 14202,14202,investment,cash,,
ppf contribution me 14474 rs. invest kiyaa card se,14474,investment,card,,
library fee ka course 21568 rs me liyaa upi se pay kya,21568,education,upi,,
28771 rs kharchaa kiyaa netflix subscription pe cash se,28771,entertainment,cash,,
ola cab ka kiraya 37202 rupaye diy card se,37202,travel,card,,
16904 rupay ka internet recharge bill pay kiya card se,16904,utilities,card,,
mobile recharge recharge kiyaa 49646 rupay cash se,49646,utilities,cash,,
game purchase ka ticket 15621 rupay me lia card se,15621,entertainment,card,,
amazon purchase pe shopping kiya 48838 rupaye kharch cash se,48838,shopping,cash,,
loan ka bike loan emi 41592 rs. cash se pay kya,41592,emi,cash,,
Library fee INR 35070,35070,education,card,,
34193 rupay stock purchase me daale card se,34193,investment,card,,
Online shopping payment INR 6946,6946,shopping,card,,
aaj bus ticket liyaa 31440 rs. card se pay kya,31440,travel,card,,
14474 rupye ppf contribution me daale card se,14474,investment,card,,
Electronics shopping INR 32177,32177,shopping,cash,,
Medical test charges INR 16423,16423,healthcare,upi,,
aaj flight ticket booking liya 18699 rupay cash se pay kiyaa,18699,travel,cash,,
Hospital bill INR 32624,32624,healthcare,cash,,
Game purchase INR 14763,14763,entertainment,card,,
internet recharge recharge kia 9745 rs. upi se,9745,utilities,upi,,
32440 rs. lga uber ride me upi se diyee,32440,travel,upi,,
Stock purchase INR 19329,19329,investment,cash,,
Concert ticket INR 43525,43525,entertainment,cash,,
online course subscription ki fees 23303 rs upi se bhara,23303,education,upi,,
mutual fund sip me 40712 rupaiye invest kya upi se,40712,investment,upi,,
23754 rupaiye laga ola cab me cash se diyee,23754,travel,cash,,
mobile recharge recharge kya 22035 rupaye upi se,22035,utilities,upi,,
electronics shopping pe shopping kiyaa 20770 rupye khrcha card se,20770,shopping,card,,
PPF contribution INR 45971,45971,investment,upi,,
Library fee INR 30373,30373,education,card,,
movie ticket booking dekha 31255 rs lga cash se diyee,31255,entertainment,cash,,
flight ticket booking ka kiraya 605 rs diye cash se,605,travel,cash,,
electricity bill payment ka bill 6451 rs card se bhara,6451,utilities,card,,
amazon purchase se 7778 rupaiye ka shopping kya upi se,7778,shopping,upi,,
doctor ke yahan 41301 rupay laga card se diy,41301,healthcare,card,,
home loan emi ki EMI 11338 rs card se bhara,11338,emi,card,,
amazon purchase pe shopping kiyaa 35268 rupye kharch card se,35268,shopping,card,,
Exam fee INR 36760,36760,education,cash,,
Uber ride INR 15984,15984,travel,cash,,
zomato dinner me 28862 rupaiye ka khana khaya cash se,28862,food,cash,,
medical test charges me 33876 rupaye khrcha hua cash se diy,33876,healthcare,cash,,
Flight ticket booking INR 6485,6485,travel,card,,
aaj crypto investment me 19437 rs. lagaye cash se,19437,investment,cash,,
Electronics shopping INR 26312,26312,shopping,card,,
Electronics shopping INR 44069,44069,shopping,cash,,
aaj internet recharge ka 20826 rs. ka bill card se bhara,20826,utilities,card,,
Car loan EMI INR 43220,43220,emi,card,,
Doctor consultation INR 7165,7165,healthcare,card,,
mutual fund sip ka SIP 42033 rupay card se bharra,42033,investment,card,,
online electronics shopping se 13331 ka saman liyaa cash se pay kia,13331,shopping,cash,,
medical test charges pe 44992 rupaye kharcha hui davai pe upi se,44992,healthcare,upi,,
20791 rupaye ka electricity bill payment bill pay kya upi se,20791,utilities,upi,,
Game purchase INR 27729,27729,entertainment,upi,,
20414 rs. ka order die online shopping payment pe upi se,20414,shopping,upi,,
35074 rs ka electricity bill payment bill pay kiya cash se,35074,utilities,cash,,
online shopping payment se 2686 rs. ka shopping kya card se,2686,shopping,card,,
aaj uber ride lya 25985 rs. card se pay kiyaa,25985,travel,card,,
Online shopping payment INR 42331,42331,shopping,cash,,
ppf contribution ka SIP 15734 rupay cash se bhara,15734,investment,cash,,
aaj internet recharge ka 37709 rupaye ka bill cash se bharaa,37709,utilities,cash,,
car loan emi ki EMI 45602 rupaiye cash se bhra,45602,emi,cash,,
Hotel booking INR 33470,33470,travel,card,,
40218 rupaye ka electricity bill payment bill pay kiya card se,40218,utilities,card,,
PPF contribution INR 7571,7571,investment,upi,,
loan ka personal loan installment 43963 rupaye cash se pay kiya,43963,emi,cash,,
28289 rupay ka mobile recharge bill pay kiyaa cash se,28289,utilities,cash,,
Online course subscription INR 48786,48786,education,card,,
Messy outlier tx UPIID123,-100,,ccard,,EDA test row
padhai ke liye exam fee pe 14429 rupaiye karcha kya upi se,14429,education,upi,,
Credit card EMI INR 9212,9212,emi,upi,,
NaN,0,blabla,,Unknown,
home loan emi EMI 40664 rupaye kat gaye cash se,40664,emi,cash,,
Hotel booking INR 436,436,travel,cash,,
college fees payment ki fees 7932 rs card se bharra,7932,education,card,,
Hospital bill INR 10623,10623,healthcare,cash,,
20146 rs die exam fee ke liye card se,20146,education,card,,
game purchase ka subscription 27729 rs. upi se renew kia,27729,entertainment,upi,,
Medical test charges INR 36229,36229,healthcare,card,,
Car loan EMI INR 42024,42024,emi,upi,,
Car loan EMI INR 22602,22602,emi,cash,,
Home loan EMI INR 26307,26307,emi,cash,,
online shopping payment se 36903 rs. ka shopping kiyaa cash se,36903,shopping,cash,,
Bike loan EMI INR 22834,22834,emi,cash,,
Ola cab INR 43725,43725,travel,card,,
7027 rupay kharcha kia food court payment pe card se,7027,food,card,,
doctor ke yahan 15932 rupaiye laga upi se diye,15932,healthcare,upi,,
17842 rupye ka electricity bill payment bill pay kiyaa cash se,17842,utilities,cash,,
food court payment me 41344 rupye ka khana khaaya upi se,41344,food,upi,,
water bill ka bill 38750 rupye cash se bhra,38750,utilities,cash,,
Amazon purchase INR 10628,10628,shopping,card,,
Mutual fund SIP INR 49527,49527,investment,cash,,
Personal loan installment INR 27032,27032,emi,cash,,
lunch at hotel ka khana 11560 rupye me aaya card se die,11560,food,card,,
"zomato dinner pe 39480 ka bill tha, card se pay kiyaa",39480,food,card,,
Flight ticket booking INR 21632,21632,travel,cash,,
home loan emi EMI 39290 rs. kat gaye cash se,39290,emi,cash,,
Home loan EMI INR 23625,23625,emi,card,,
crypto investment me 47518 rupye invest kya upi se,47518,investment,upi,,
aaj gas bill payment ka 49429 rs. ka bill upi se bharra,49429,utilities,upi,,
netflix subscription ka ticket 3365 rupye me liyaa upi se,3365,entertainment,upi,,
electricity bill payment ka bill 10971 rupay upi se bhra,10971,utilities,upi,,
Amazon purchase INR 33923,33923,shopping,card,,
exam fee ka course 22114 rupay me lia cash se pay kia,22114,education,cash,,
hospital bill pe 19241 rs. karcha hui davai pe cash se,19241,healthcare,cash,,
restaurant bill me 23947 rupye ka khana khayaa upi se,23947,food,upi,,
aaj gas bill payment ka 22533 rs. ka bill cash se bharra,22533,utilities,cash,,
aaj gas bill payment ka 26303 rupaye ka bill upi se bhara,26303,utilities,upi,,
Amazon purchase INR 32804,32804,shopping,cash,,
Online course subscription INR 32781,32781,education,upi,,
15466 rs ka order diyee amazon purchase pe upi se,15466,shopping,upi,,
game purchase ka ticket 48130 rupaiye me lia cash se,48130,entertainment,cash,,
Doctor consultation INR 20729,20729,healthcare,upi,,
Game purchase INR 12466,12466,entertainment,card,,
lunch at hotel me 2968 rupye ka khana khaaya cash se,2968,food,cash,,
Swiggy order INR 19333,19333,food,cash,,
doctor ke yahan 19329 rupye lagaa cash se die,19329,healthcare,cash,,
online online shopping payment se 42908 ka saman liya cash se pay kiyaa,42908,shopping,cash,,
gas bill payment recharge kya 25676 rs cash se,25676,utilities,cash,,
train ticket irctc ka kiraya 47513 rs. diyee cash se,47513,travel,cash,,
College fees payment INR 35016,35016,education,cash,,
Bus ticket INR 29058,29058,travel,cash,,
online shopping payment se 8654 rupye ka shopping kia upi se,8654,shopping,upi,,
Flipkart order INR 17705,17705,shopping,upi,,
Hotel booking INR 2800,2800,travel,card,,
PPF contribution INR 40619,40619,investment,cash,,
mobile recharge recharge kiyaa 39124 rupaye upi se,39124,utilities,upi,,
Flight ticket booking INR 43044,43044,travel,upi,,
padhai ke liye college fees payment pe 17740 rs karcha kiyaa upi se,17740,education,upi,,
aaj pizza delivery se khana order kiya 42676 rs. upi se diy,42676,food,upi,,
online clothing store bill se 36890 ka saman liyaa upi se pay kiya,36890,shopping,upi,,
loan ka personal loan installment 36390 rupaye card se pay kia,36390,emi,card,,
Movie ticket booking INR 28235,28235,entertainment,cash,,
Doctor consultation INR 48581,48581,healthcare,cash,,
aaj zomato dinner se khana order kia 18597 rupaiye upi se diy,18597,food,upi,,
flight ticket booking ki ticket 1994 rs me book kiya upi se,1994,travel,upi,,
22641 rs. diye online course subscription ke liye card se,22641,education,card,,
Medical test charges INR 32564,32564,healthcare,cash,,
Fixed deposit investment INR 27516,27516,investment,cash,,
Messy outlier tx ,-100,unknown,UPIID123,,
game purchase ka subscription 20563 rupay card se renew kia,20563,entertainment,card,,
loan ka bike loan emi 47485 rs. upi se pay kia,47485,emi,upi,,
online electronics shopping se 21078 ka saman lya upi se pay kya,21078,shopping,upi,,
3417 rupaye ka water bill bill pay kiya cash se,3417,utilities,cash,,
Movie ticket booking INR 12414,12414,entertainment,cash,,
Zomato dinner INR 20957,20957,food,upi,,
amazon purchase se 5065 rs. ka shopping kia cash se,5065,shopping,cash,,
PPF contribution INR 29079,29079,investment,card,,
Hospital bill INR 4108,4108,healthcare,cash,,
41585 rupay diyee online course subscription ke liye card se,41585,education,card,,
padhai ke liye online course subscription pe 41380 rupye khrcha kya cash se,41380,education,cash,,
2477 rupaye diye college fees payment ke liye cash se,2477,education,cash,,
43144 rs. kharcha kya movie ticket booking pe card se,43144,entertainment,card,,
medical test charges me 11044 rupaye kharchaa hua card se diyee,11044,healthcare,card,,
loan ka credit card emi 46690 rupye cash se pay kya,46690,emi,cash,,
credit card emi ki EMI 22348 rupay upi se bharaa,22348,emi,upi,,
personal loan installment ki EMI 8800 rupaiye card se bharra,8800,emi,card,,
online shopping payment pe shopping kiya 10403 rupaiye kharcha card se,10403,shopping,card,,
electricity bill payment recharge kiya 43191 rupaiye upi se,43191,utilities,upi,,
Internet recharge INR 46092,46092,utilities,card,,
flipkart order se 23001 rupye ka shopping kia cash se,23001,shopping,cash,,
Fixed deposit investment INR 14772,14772,investment,upi,,
Doctor consultation INR 28799,28799,healthcare,card,,
44740 rs diye college fees payment ke liye card se,44740,education,card,,
Exam fee INR 37361,37361,education,card,,
Game purchase INR 8989,8989,entertainment,cash,,
movie ticket booking ka ticket 32046 rs. me liya upi se,32046,entertainment,upi,,
11190 rupaye ka doctor consultation bill aaya cash se pay kia,11190,healthcare,cash,,
15004 rupay kharcha kiya game purchase pe cash se,15004,entertainment,cash,,
Internet recharge INR 10668,10668,utilities,card,,
29929 rs. ka gas bill payment bill pay kya cash se,29929,utilities,cash,,
personal loan installment EMI 40317 rs kat gaye cash se,40317,emi,cash,,
College fees payment INR 26755,26755,education,upi,,
crypto investment me 19437 rs. invest kia cash se,19437,investment,cash,,
8485 rs laga ola cab me cash se diyee,8485,travel,cash,,
20147 rs ka gas bill payment bill pay kiyaa card se,20147,utilities,card,,
electricity bill payment recharge kiya 27726 rupaye card se,27726,utilities,card,,
concert ticket ka ticket 22802 rupye me liya upi se,22802,entertainment,upi,,
4193 rupye ka personal loan installment installment upi se die,4193,emi,upi,,
college fees payment ka course 43809 rupaiye me lya cash se pay kya,43809,education,cash,,
padhai ke liye college fees payment pe 8333 rupaiye kharch kiyaa card se,8333,education,card,,
cafe coffee me 25448 rupaiye ka khana khaya upi se,25448,food,upi,,
11969 rs ka bike loan emi installment cash se diyee,11969,emi,cash,,
22862 rs. ka doctor consultation bill aaya card se pay kiyaa,22862,healthcare,card,,
zomato dinner me 31580 rs ka khana khaya cash se,31580,food,cash,,
aaj crypto investment me 48102 rupye lagaye card se,48102,investment,card,,
loan ka personal loan installment 44836 rupaye cash se pay kiya,44836,emi,cash,,
bike loan emi EMI 7274 rupaiye kat gaye cash se,7274,emi,cash,,
12503 rs. kharcha kiya zomato dinner pe upi se,12503,food,upi,,
24310 rupay ka water bill bill pay kiya upi se,24310,utilities,upi,,
movie ticket booking dekha 37273 rupye lagaa cash se diyee,37273,entertainment,cash,,
35959 rupye ka order die electronics shopping pe card se,35959,shopping,card,,
train ticket irctc ka kiraya 14613 rs. diye cash se,14613,travel,cash,,
Zomato dinner INR 31188,31188,food,card,,
Online course subscription INR 30156,30156,education,upi,,
Pizza delivery INR 44466,44466,food,card,,
Online course subscription INR 20807,20807,education,card,,
26764 rupay fixed deposit investment me daale cash se,26764,investment,cash,,
Pharmacy medicine purchase INR 37498,37498,healthcare,cash,,
Credit card EMI INR 27644,27644,emi,cash,,
Restaurant bill INR 33298,33298,food,upi,,
41644 rupye ka electricity bill payment bill pay kiyaa cash se,41644,utilities,cash,,
food court payment me 26211 rs ka khana khya upi se,26211,food,upi,,
Water bill INR 18005,18005,utilities,upi,,
PPF contribution INR 27003,27003,investment,card,,
stock purchase ka SIP 1650 rupaiye upi se bharra,1650,investment,upi,,
aaj gas bill payment ka 16247 rs. ka bill card se bharra,16247,utilities,card,,
Movie ticket booking INR 26966,26966,entertainment,card,,
Game purchase INR 44741,44741,entertainment,cash,,
Personal loan installment INR 31504,31504,emi,cash,,
Gas bill payment INR 15717,15717,utilities,upi,,
Ola cab INR 31012,31012,travel,card,,
Concert ticket INR 1527,1527,entertainment,upi,,
PPF contribution INR 21562,21562,investment,card,,
stock purchase ka SIP 19902 rupye cash se bharaa,19902,investment,cash,,
doctor ke yahan 32281 rupay laga card se diye,32281,healthcare,card,,
concert ticket ka ticket 3026 rupaye me liya upi se,3026,entertainment,upi,,
Home loan EMI INR 33505,33505,emi,upi,,
Restaurant bill INR 23947,23947,food,upi,,
pharmacy medicine purchase me 2194 rupye karcha hua card se diy,2194,healthcare,card,,
college fees payment ki fees 10267 rupaye cash se bhara,10267,education,cash,,
online clothing store bill se 23851 ka saman liya cash se pay kiyaa,23851,shopping,cash,,
loan ka home loan emi 22961 rupay card se pay kiya,22961,emi,card,,
ola cab ka kiraya 9934 rupye diyee cash se,9934,travel,cash,,
39266 rupaiye ka home loan emi installment upi se diy,39266,emi,upi,,
food court payment me 9157 rupaiye ka khana khaaya cash se,9157,food,cash,,
Pharmacy medicine purchase INR 24349,24349,healthcare,cash,,
3963 rupye ka order diyee amazon purchase pe card se,3963,shopping,card,,
47505 rs lagaa ola cab me cash se diy,47505,travel,cash,,
mutual fund sip me 18258 rupaye invest kia card se,18258,investment,card,,
Flight ticket booking INR 11199,11199,travel,cash,,
44168 rupye ka gas bill payment bill pay kiya upi se,44168,utilities,upi,,
20935 rupye karcha kia lunch at hotel pe card se,20935,food,card,,
doctor consultation me 7624 rs. khrcha hua card se diyee,7624,healthcare,card,,
36273 rs. fixed deposit investment me daale cash se,36273,investment,cash,,
aaj lunch at hotel se khana order kiya 24900 rs. card se die,24900,food,card,,
hospital bill pe 10623 rupaiye khrcha hui davai pe cash se,10623,healthcare,cash,,
personal loan installment EMI 21586 rupaye kat gaye card se,21586,emi,card,,
Online course subscription INR 24274,24274,education,cash,,
Game purchase INR 35371,35371,entertainment,card,,
Personal loan installment INR 40434,40434,emi,upi,,
doctor ke yahan 41155 rs. lagaa upi se die,41155,healthcare,upi,,
Personal loan installment INR 8065,8065,emi,upi,,
29994 rupay lga uber ride me upi se diy,29994,travel,upi,,
Electronics shopping INR 5676,5676,shopping,cash,,
crypto investment me 37952 rs. invest kiya cash se,37952,investment,cash,,
Clothing store bill INR 39801,39801,shopping,upi,,
Swiggy order INR 2600,2600,food,cash,,
aaj stock purchase me 6612 rupaye lagaye cash se,6612,investment,cash,,
amazon purchase se 43187 rs ka shopping kia card se,43187,shopping,card,,
padhai ke liye online course subscription pe 11833 rupay kharch kiyaa cash se,11833,education,cash,,
Bike loan EMI INR 43549,43549,emi,card,,
aaj stock purchase me 19769 rupay lagaye cash se,19769,investment,cash,,
swiggy order ka khana 5550 rupaiye me aaya upi se diye,5550,food,upi,,
loan ka bike loan emi 25196 rupaye upi se pay kiyaa,25196,emi,upi,,
34201 rupye diyee online course subscription ke liye cash se,34201,education,cash,,
aaj ppf contribution me 6900 rupay lagaye upi se,6900,investment,upi,,
Electricity bill payment INR 15491,15491,utilities,upi,,
Home loan EMI INR 12330,12330,emi,upi,,
Clothing store bill INR 11046,11046,shopping,cash,,
44255 rs. diyee online course subscription ke liye cash se,44255,education,cash,,
Gas bill payment INR 14827,14827,utilities,upi,,
7094 rupaiye karcha kiyaa lunch at hotel pe card se,7094,food,card,,
Water bill INR 14249,14249,utilities,upi,,
Home loan EMI INR 26315,26315,emi,cash,,
47337 rs ka pharmacy medicine purchase bill aaya cash se pay kya,47337,healthcare,cash,,
bike loan emi EMI 30335 rupaye kat gaye card se,30335,emi,card,,
Pharmacy medicine purchase INR 3619,3619,healthcare,cash,,
605 rupaye kharcha kiyaa pizza delivery pe card se,605,food,card,,
5985 rupaiye lagaa uber ride me cash se diye,5985,travel,cash,,
Amazon purchase INR 3492,3492,shopping,card,,
Pizza delivery INR 23155,23155,food,card,,
Crypto investment INR 47094,47094,investment,upi,,
online clothing store bill se 31942 ka saman lya upi se pay kya,31942,shopping,upi,,
stock purchase ka SIP 39900 rupaiye card se bharaa,39900,investment,card,,
Home loan EMI INR 20576,20576,emi,card,,
Pharmacy medicine purchase INR 16569,16569,healthcare,cash,,
Exam fee INR 41105,41105,education,cash,,
Gas bill payment INR 44168,44168,utilities,upi,,
35008 rupaiye lga uber ride me cash se diye,35008,travel,cash,,
Credit card EMI INR 29936,29936,emi,card,,
Amazon purchase INR 43187,43187,shopping,card,,
9631 rupay ka order diy flipkart order pe card se,9631,shopping,card,,
46209 rupaye ka order diy amazon purchase pe upi se,46209,shopping,upi,,
8461 rupay ka bike loan emi installment cash se diye,8461,emi,cash,,
loan ka personal loan installment 40317 rs. cash se pay kia,40317,emi,cash,,
amazon purchase se 11086 rupaye ka shopping kia card se,11086,shopping,card,,
car loan emi ki EMI 36450 rs. cash se bhra,36450,emi,cash,,
aaj mutual fund sip me 35977 rupye lagaye cash se,35977,investment,cash,,
Mobile recharge INR 22237,22237,utilities,upi,,
hotel booking ki ticket 16613 rupaiye me book kya upi se,16613,travel,upi,,
gas bill payment recharge kia 44286 rupay upi se,44286,utilities,upi,,
Pharmacy medicine purchase INR 42462,42462,healthcare,upi,,
Pharmacy medicine purchase INR 1930,1930,healthcare,upi,,
water bill recharge kya 43462 rs. cash se,43462,utilities,cash,,
doctor ke yahan 43351 rs. laga cash se diy,43351,healthcare,cash,,
hotel booking ka kiraya 12751 rupaye diy card se,12751,travel,card,,
college fees payment ka course 35016 rupay me liyaa cash se pay kia,35016,education,cash,,
Water bill INR 6762,6762,utilities,upi,,
32268 rupay ka order diyee clothing store bill pe cash se,32268,shopping,cash,,
6451 rupay ka electricity bill payment bill pay kiya card se,6451,utilities,card,,
23818 rupye diy online course subscription ke liye upi se,23818,education,upi,,
Bike loan EMI INR 16845,16845,emi,upi,,
stock purchase me 2593 rupay invest kiyaa card se,2593,investment,card,,
Bus ticket INR 2981,2981,travel,card,,
college fees payment ki fees 44692 rupaye cash se bhra,44692,education,cash,,
train ticket irctc ki ticket 48847 rs me book kia cash se,48847,travel,cash,,
Personal loan installment INR 43963,43963,emi,cash,,
doctor ke yahan 39744 rupaiye lagaa card se diyee,39744,healthcare,card,,
flipkart order pe shopping kiya 43718 rupay karcha upi se,43718,shopping,upi,,
Medical test charges INR 12049,12049,healthcare,cash,,
Library fee INR 25352,25352,education,card,,
Electricity bill payment INR 38239,38239,utilities,card,,
Game purchase INR 30374,30374,entertainment,upi,,
concert ticket dekha 30068 rupay lagaa upi se die,30068,entertainment,upi,,
22834 rs ka bike loan emi installment cash se die,22834,emi,cash,,
Doctor consultation INR 37218,37218,healthcare,cash,,
movie ticket booking ka subscription 16972 rs. upi se renew kia,16972,entertainment,upi,,
clothing store bill se 29712 rupye ka shopping kiyaa upi se,29712,shopping,upi,,
17952 rupaiye die library fee ke liye upi se,17952,education,upi,,
Zomato dinner INR 48990,48990,food,card,,
Concert ticket INR 39165,39165,entertainment,cash,,
loan ka home loan emi 21364 rupye cash se pay kiyaa,21364,emi,cash,,
Library fee INR 42179,42179,education,cash,,
Flipkart order INR 48627,48627,shopping,card,,
online amazon purchase se 16315 ka saman liya cash se pay kya,16315,shopping,cash,,
Bus ticket INR 23569,23569,travel,upi,,
Bus ticket INR 37835,37835,travel,cash,,
42141 rs. ka electricity bill payment bill pay kiya card se,42141,utilities,card,,
concert ticket ka ticket 8531 rupaye me liyaa upi se,8531,entertainment,upi,,
personal loan installment EMI 45975 rupaye kat gaye cash se,45975,emi,cash,,
flight ticket booking ka kiraya 1994 rupaiye diy upi se,1994,travel,upi,,
swiggy order me 46145 rupaiye ka khana khaaya upi se,46145,food,upi,,
Mobile recharge INR 7001,7001,utilities,card,,
Train ticket IRCTC INR 33036,33036,travel,upi,,
7154 rupye ka order diyee amazon purchase pe upi se,7154,shopping,upi,,
Pharmacy medicine purchase INR 27215,27215,healthcare,upi,,
online amazon purchase se 28502 ka saman liyaa card se pay kya,28502,shopping,card,,
aaj ppf contribution me 37395 rupaye lagaye card se,37395,investment,card,,
Cafe coffee INR 12803,12803,food,cash,,
Credit card EMI INR 35650,35650,emi,card,,
Restaurant bill INR 2873,2873,food,cash,,
bike loan emi ki EMI 8381 rs card se bharaa,8381,emi,card,,
Clothing store bill INR 22320,22320,shopping,upi,,
"swiggy order pe 42173 ka bill tha, card se pay kya",42173,food,card,,
aaj pizza delivery se khana order kiyaa 39459 rupay upi se diyee,39459,food,upi,,
online shopping payment pe shopping kiya 25211 rupay karcha upi se,25211,shopping,upi,,
Personal loan installment INR 29496,29496,emi,upi,,
19116 rupaye mutual fund sip me daale upi se,19116,investment,upi,,
aaj restaurant bill se khana order kiyaa 8623 rs cash se diye,8623,food,cash,,
fixed deposit investment me 47665 rupye invest kia cash se,47665,investment,cash,,
padhai ke liye exam fee pe 17443 rupye kharcha kiya card se,17443,education,card,,
Bike loan EMI INR 35491,35491,emi,card,,
Train ticket IRCTC INR 38765,38765,travel,card,,
Train ticket IRCTC INR 28758,28758,travel,upi,,
Train ticket IRCTC INR 22696,22696,travel,cash,,
Online course subscription INR 6406,6406,education,upi,,
Train ticket IRCTC INR 5514,5514,travel,card,,
26182 rupay ka credit card emi installment cash se diye,26182,emi,cash,,
Exam fee INR 45692,45692,education,upi,,
hospital bill pe 2675 rs khrcha hui davai pe upi se,2675,healthcare,upi,,
Gas bill payment INR 17840,17840,utilities,card,,
Hospital bill INR 49755,49755,healthcare,card,,
flipkart order pe shopping kiyaa 16609 rupaiye karcha cash se,16609,shopping,cash,,
pharmacy medicine purchase pe 41924 rupay karcha hui davai pe card se,41924,healthcare,card,,
loan ka home loan emi 6344 rupye upi se pay kiyaa,6344,emi,upi,,
uber ride ki ticket 30139 rupay me book kiyaa card se,30139,travel,card,,
"cafe coffee pe 8289 ka bill tha, upi se pay kia",8289,food,upi,,
Netflix subscription INR 1026,1026,entertainment,upi,,
College fees payment INR 17918,17918,education,cash,,
29054 rs. ka electricity bill payment bill pay kya upi se,29054,utilities,upi,,
movie ticket booking dekha 18702 rupaiye lga upi se die,18702,entertainment,upi,,
game purchase dekha 7336 rupay lagaa cash se diye,7336,entertainment,cash,,
Movie ticket booking INR 6229,6229,entertainment,cash,,
37909 rupay ka personal loan installment installment card se diyee,37909,emi,card,,
food court payment ka khana 38825 rupay me aaya cash se diyee,38825,food,cash,,
clothing store bill pe shopping kiyaa 25070 rupaye kharcha cash se,25070,shopping,cash,,
netflix subscription dekha 37421 rupaye lagaa card se diyee,37421,entertainment,card,,
Electricity bill payment INR 29527,29527,utilities,cash,,
38519 rupye ka medical test charges bill aaya upi se pay kia,38519,healthcare,upi,,
Bike loan EMI INR 18605,18605,emi,cash,,
food court payment ka khana 48267 rs. me aaya cash se diye,48267,food,cash,,
clothing store bill pe shopping kya 5317 rupay kharch cash se,5317,shopping,cash,,
48417 rs mutual fund sip me daale upi se,48417,investment,upi,,
Netflix subscription INR 10897,10897,entertainment,upi,,
college fees payment ka course 7466 rupaye me lia upi se pay kiyaa,7466,education,upi,,
Medical test charges INR 49388,49388,healthcare,upi,,
netflix subscription dekha 38092 rs lgaa card se diy,38092,entertainment,card,,
aaj restaurant bill se khana order kiyaa 2923 rupaye card se diy,2923,food,card,,
43740 rs. kharchaa kya concert ticket pe upi se,43740,entertainment,upi,,
11086 rs. ka order diye amazon purchase pe card se,11086,shopping,card,,
Ola cab INR 39079,39079,travel,card,,
Exam fee INR 648,648,education,upi,,
46799 rupaiye ka doctor consultation bill aaya cash se pay kiya,46799,healthcare,cash,,
"lunch at hotel pe 8394 ka bill tha, card se pay kiya",8394,food,card,,
Clothing store bill INR 1638,1638,shopping,card,,
Concert ticket INR 45241,45241,entertainment,upi,,
aaj mutual fund sip me 22206 rupaye lagaye card se,22206,investment,card,,
Game purchase INR 34336,34336,entertainment,cash,,
library fee ki fees 27736 rupaye cash se bhara,27736,education,cash,,
College fees payment INR 578,578,education,card,,
44562 rs. lgaa ola cab me upi se diyee,44562,travel,upi,,
College fees payment INR 8057,8057,education,cash,,
6312 rupye kharch kia movie ticket booking pe card se,6312,entertainment,card,,
library fee ka course 49856 rupaiye me lia card se pay kia,49856,education,card,,
mutual fund sip ka SIP 7821 rupaiye upi se bharra,7821,investment,upi,,
Netflix subscription INR 43819,43819,entertainment,card,,
Online shopping payment INR 7983,7983,shopping,upi,,
Pharmacy medicine purchase INR 36234,36234,healthcare,upi,,
clothing store bill pe shopping kiya 5711 rupye kharcha upi se,5711,shopping,upi,,
5154 rupay ka gas bill payment bill pay kiya cash se,5154,utilities,cash,,
Mobile recharge INR 5921,5921,utilities,card,,
Ola cab INR 15769,15769,travel,card,,
Flipkart order INR 36000,36000,shopping,card,,
food court payment me 31649 rupay ka khana khaya card se,31649,food,card,,
Crypto investment INR 9497,9497,investment,card,,
Lunch at hotel INR 44907,44907,food,card,,
Ola cab INR 21664,21664,travel,cash,,
Crypto investment INR 23292,23292,investment,card,,
padhai ke liye exam fee pe 20526 rupay kharcha kiya cash se,20526,education,cash,,
ola cab ka kiraya 40368 rupye diye upi se,40368,travel,upi,,
fixed deposit investment me 5074 rupay invest kia upi se,5074,investment,upi,,
game purchase dekha 48230 rs. laga card se diy,48230,entertainment,card,,
aaj ola cab lia 8857 rs. card se pay kia,8857,travel,card,,
library fee ki fees 31616 rs. upi se bhra,31616,education,upi,,
Crypto investment INR 40323,40323,investment,upi,,
15671 rs laga train ticket irctc me cash se diye,15671,travel,cash,,
Concert ticket INR 46538,46538,entertainment,upi,,
doctor consultation pe 29350 rs kharchaa hui davai pe card se,29350,healthcare,card,,
Messy outlier tx csh,NULL,unknown,ccard,,EDA test row
bike loan emi EMI 37949 rupay kat gaye cash se,37949,emi,cash,,
Amazon purchase INR 43652,43652,shopping,cash,,
loan ka bike loan emi 33274 rupaiye cash se pay kiyaa,33274,emi,cash,,
Ola cab INR 42331,42331,travel,card,,
doctor ke yahan 39723 rupaiye lgaa cash se die,39723,healthcare,cash,,
Clothing store bill INR 35184,35184,shopping,card,,
Home loan EMI INR 44279,44279,emi,card,,
Library fee INR 35668,35668,education,cash,,
Bus ticket INR 20406,20406,travel,card,,
25661 rupaye ka water bill bill pay kya cash se,25661,utilities,cash,,
25243 rs mutual fund sip me daale upi se,25243,investment,upi,,
Messy outlier tx unknown,NULL,1234,ccard,,
college fees payment ki fees 22011 rs. card se bharra,22011,education,card,,
Pharmacy medicine purchase INR 43638,43638,healthcare,cash,,
concert ticket ka ticket 28801 rupay me liyaa cash se,28801,entertainment,cash,,
doctor ke yahan 15450 rs lga card se diye,15450,healthcare,card,,
Gas bill payment INR 3349,3349,utilities,cash,,
Online shopping payment INR 13831,13831,shopping,upi,,
mobile recharge ka bill 28480 rupaye cash se bharra,28480,utilities,cash,,
Electronics shopping INR 39208,39208,shopping,cash,,
movie ticket booking dekha 20331 rupaiye lga cash se die,20331,entertainment,cash,,
water bill recharge kiya 36857 rupay card se,36857,utilities,card,,
doctor consultation pe 49213 rupaiye karcha hui davai pe card se,49213,healthcare,card,,
hospital bill pe 37778 rupay khrcha hui davai pe upi se,37778,healthcare,upi,,
credit card emi EMI 48093 rs kat gaye card se,48093,emi,card,,
42277 rs lga flight ticket booking me upi se diy,42277,travel,upi,,
Exam fee INR 2449,2449,education,card,,
College fees payment INR 40397,40397,education,cash,,
Internet recharge INR 11381,11381,utilities,card,,
Clothing store bill INR 24526,24526,shopping,card,,
20601 rs ka medical test charges bill aaya cash se pay kya,20601,healthcare,cash,,
online shopping payment pe shopping kia 4666 rupay karcha card se,4666,shopping,card,,
doctor ke yahan 27763 rupye lagaa card se die,27763,healthcare,card,,
Netflix subscription INR 23793,23793,entertainment,upi,,
7322 rs ka electricity bill payment bill pay kiyaa cash se,7322,utilities,cash,,
amazon purchase se 25882 rupaiye ka shopping kiyaa cash se,25882,shopping,cash,,
18258 rupye mutual fund sip me daale card se,18258,investment,card,,
Internet recharge INR 33153,33153,utilities,card,,
Crypto investment INR 46814,46814,investment,cash,,
Doctor consultation INR 9903,9903,healthcare,cash,,
"food court payment pe 26211 ka bill tha, upi se pay kiya",26211,food,upi,,
doctor ke yahan 32835 rupaye laga card se die,32835,healthcare,card,,
Gas bill payment INR 39529,39529,utilities,card,,
16138 rupye ka order diye clothing store bill pe cash se,16138,shopping,cash,,
Train ticket IRCTC INR 36601,36601,travel,upi,,
Online course subscription INR 30249,30249,education,upi,,
Flight ticket booking INR 7551,7551,travel,card,,
padhai ke liye exam fee pe 49851 rupye kharchaa kia card se,49851,education,card,,
8057 rupaye diye college fees payment ke liye cash se,8057,education,cash,,
Ola cab INR 31236,31236,travel,cash,,
Gas bill payment INR 5451,5451,utilities,card,,
concert ticket ka ticket 29670 rupay me liyaa upi se,29670,entertainment,upi,,
Bus ticket INR 8946,8946,travel,cash,,
Bus ticket INR 3014,3014,travel,cash,,
Swiggy order INR 37748,37748,food,cash,,
24630 rupay karcha kiya movie ticket booking pe card se,24630,entertainment,card,,
39553 rupaye ka order diy online shopping payment pe cash se,39553,shopping,cash,,
amazon purchase pe shopping kya 8357 rupaiye khrcha upi se,8357,shopping,upi,,
Doctor consultation INR 19317,19317,healthcare,card,,
Library fee INR 47659,47659,education,upi,,
internet recharge ka bill 36322 rs card se bharra,36322,utilities,card,,
Restaurant bill INR 30393,30393,food,upi,,
loan ka personal loan installment 10752 rs card se pay kia,10752,emi,card,,
hotel booking ki ticket 2524 rupye me book kiyaa card se,2524,travel,card,,
Clothing store bill INR 34758,34758,shopping,upi,,
Water bill INR 45535,45535,utilities,upi,,
Crypto investment INR 12798,12798,investment,upi,,
flight ticket booking ki ticket 24679 rupaye me book kiya card se,24679,travel,card,,
aaj flight ticket booking lia 19729 rupaiye upi se pay kia,19729,travel,upi,,
water bill recharge kiyaa 35381 rupay card se,35381,utilities,card,,
37584 rs. ka order die clothing store bill pe card se,37584,shopping,card,,
Home loan EMI INR 38531,38531,emi,cash,,
college fees payment ka course 45004 rs me lya card se pay kia,45004,education,card,,
mobile recharge recharge kia 47125 rupye cash se,47125,utilities,cash,,
mutual fund sip ka SIP 38918 rs. upi se bhara,38918,investment,upi,,
water bill recharge kia 3417 rs. cash se,3417,utilities,cash,,
731 rupye kharchaa kya lunch at hotel pe upi se,731,food,upi,,
electricity bill payment ka bill 14268 rs card se bhara,14268,utilities,card,,
Train ticket IRCTC INR 1716,1716,travel,card,,
gas bill payment ka bill 41025 rupye card se bhra,41025,utilities,card,,
Exam fee INR 4038,4038,education,upi,,
loan ka car loan emi 39533 rs card se pay kya,39533,emi,card,,
college fees payment ki fees 26214 rupaye upi se bharra,26214,education,upi,,
mobile recharge ka bill 35169 rs. card se bharra,35169,utilities,card,,
movie ticket booking ka subscription 29500 rs card se renew kiya,29500,entertainment,card,,
Medical test charges INR 436,436,healthcare,cash,,
food court payment me 23961 rupaye ka khana khya card se,23961,food,card,,
aaj fixed deposit investment me 972 rupye lagaye card se,972,investment,card,,
flight ticket booking ki ticket 43800 rupay me book kia upi se,43800,travel,upi,,
Hospital bill INR 42028,42028,healthcare,card,,
Car loan EMI INR 36450,36450,emi,cash,,
hospital bill me 15019 rs kharchaa hua card se diye,15019,healthcare,card,,
hotel booking ka kiraya 46537 rupaye diye cash se,46537,travel,cash,,
medical test charges pe 2960 rupaiye kharchaa hui davai pe card se,2960,healthcare,card,,
Pizza delivery INR 12385,12385,food,cash,,
Personal loan installment INR 32920,32920,emi,cash,,
Zomato dinner INR 3063,3063,food,cash,,
Online shopping payment INR 4718,4718,shopping,card,,
Food court payment INR 35151,35151,food,cash,,
Netflix subscription INR 10179,10179,entertainment,cash,,
car loan emi EMI 48873 rs kat gaye upi se,48873,emi,upi,,
Movie ticket booking INR 29264,29264,entertainment,card,,
Online course subscription INR 13528,13528,education,upi,,
9345 rupay lgaa uber ride me cash se die,9345,travel,cash,,
Medical test charges INR 1963,1963,healthcare,cash,,
gas bill payment ka bill 5505 rupay card se bhra,5505,utilities,card,,
pharmacy medicine purchase pe 36285 rupaye kharcha hui davai pe card se,36285,healthcare,card,,
Hospital bill INR 5234,5234,healthcare,upi,,
padhai ke liye college fees payment pe 21693 rupaiye karcha kya upi se,21693,education,upi,,
pharmacy medicine purchase pe 46062 rs karcha hui davai pe upi se,46062,healthcare,upi,,
Cafe coffee INR 28817,28817,food,card,,
7944 rupaye ka car loan emi installment upi se diyee,7944,emi,upi,,
online course subscription ki fees 30156 rupaiye upi se bhra,30156,education,upi,,
47422 rs. ka personal loan installment installment card se diye,47422,emi,card,,
doctor ke yahan 18900 rupaiye laga cash se diy,18900,healthcare,cash,,
exam fee ka course 48976 rupye me liyaa card se pay kia,48976,education,card,,
Stock purchase INR 30994,30994,investment,upi,,
Library fee INR 41229,41229,education,card,,
netflix subscription ka ticket 433 rs me liya upi se,433,entertainment,upi,,
padhai ke liye college fees payment pe 43828 rupaye kharch kiya upi se,43828,education,upi,,
Exam fee INR 47992,47992,education,cash,,
Stock purchase INR 21626,21626,investment,cash,,
online course subscription ka course 18046 rs me liyaa card se pay kia,18046,education,card,,
Amazon purchase INR 42233,42233,shopping,card,,
Netflix subscription INR 38092,38092,entertainment,card,,
36890 rupye ka order diyee electronics shopping pe card se,36890,shopping,card,,
stock purchase ka SIP 7050 rs. upi se bharra,7050,investment,upi,,
Water bill INR 2400,2400,utilities,card,,
Movie ticket booking INR 47140,47140,entertainment,cash,,
Concert ticket INR 22802,22802,entertainment,upi,,
Exam fee INR 41405,41405,education,cash,,
11241 rs ka car loan emi installment cash se die,11241,emi,cash,,
Flight ticket booking INR 42537,42537,travel,upi,,
Crypto investment INR 7664,7664,investment,card,,
Exam fee INR 45802,45802,education,cash,,
cafe coffee me 3363 rupay ka khana khayaa cash se,3363,food,cash,,
Library fee INR 37727,37727,education,cash,,
Flight ticket booking INR 45011,45011,travel,upi,,
Online course subscription INR 20108,20108,education,card,,
college fees payment ka course 7381 rupye me liyaa cash se pay kia,7381,education,cash,,
Exam fee INR 45213,45213,education,cash,,
aaj mobile recharge ka 46921 rupaye ka bill upi se bhara,46921,utilities,upi,,
Electricity bill payment INR 10556,10556,utilities,upi,,
hospital bill pe 531 rs. kharcha hui davai pe upi se,531,healthcare,upi,,
Concert ticket INR 44659,44659,entertainment,card,,
Uber ride INR 32055,32055,travel,upi,,
clothing store bill se 25400 rupaye ka shopping kia cash se,25400,shopping,cash,,
16306 rupaye diy exam fee ke liye cash se,16306,education,cash,,
Internet recharge INR 10176,10176,utilities,card,,
Mutual fund SIP INR 13921,13921,investment,cash,,
"zomato dinner pe 24187 ka bill tha, cash se pay kya",24187,food,cash,,
hospital bill me 23576 rupye karcha hua cash se die,23576,healthcare,cash,,
exam fee ki fees 42825 rs upi se bhra,42825,education,upi,,
library fee ka course 29289 rupaye me liyaa cash se pay kiyaa,29289,education,cash,,
electronics shopping se 41449 rupay ka shopping kiyaa card se,41449,shopping,card,,
9196 rs. ka medical test charges bill aaya upi se pay kiya,9196,healthcare,upi,,
padhai ke liye college fees payment pe 677 rupaiye kharch kya cash se,677,education,cash,,
College fees payment INR 28317,28317,education,upi,,
aaj flight ticket booking lia 42126 rupye card se pay kiya,42126,travel,card,,
loan ka credit card emi 34687 rupye cash se pay kiya,34687,emi,cash,,
clothing store bill pe shopping kiya 40392 rs. kharch card se,40392,shopping,card,,
15742 rs ka gas bill payment bill pay kiya cash se,15742,utilities,cash,,
Mutual fund SIP INR 39339,39339,investment,cash,,
Doctor consultation INR 32193,32193,healthcare,upi,,
Exam fee INR 49059,49059,education,cash,,
ppf contribution me 25551 rs invest kiya upi se,25551,investment,upi,,
hospital bill me 34646 rupaiye kharchaa hua upi se diyee,34646,healthcare,upi,,
library fee ka course 35070 rs me liya card se pay kia,35070,education,card,,
College fees payment INR 5065,5065,education,upi,,
doctor ke yahan 6697 rupye lgaa cash se diye,6697,healthcare,cash,,
4819 rs. ka hospital bill bill aaya cash se pay kia,4819,healthcare,cash,,
Online shopping payment INR 18922,18922,shopping,cash,,
Personal loan installment INR 28180,28180,emi,upi,,
Gas bill payment INR 9327,9327,utilities,cash,,
Electricity bill payment INR 11469,11469,utilities,cash,,
8824 rupye laga train ticket irctc me card se diy,8824,travel,card,,
Game purchase INR 42423,42423,entertainment,card,,
clothing store bill pe shopping kia 39801 rupaye kharchaa upi se,39801,shopping,upi,,
4018 rs khrcha kia concert ticket pe upi se,4018,entertainment,upi,,
ola cab ka kiraya 505 rupaiye die cash se,505,travel,cash,,
Gas bill payment INR 25140,25140,utilities,cash,,
electricity bill payment recharge kia 36575 rs. cash se,36575,utilities,cash,,
online online shopping payment se 43173 ka saman liya upi se pay kia,43173,shopping,upi,,
aaj swiggy order se khana order kya 34166 rupaiye upi se diye,34166,food,upi,,
14149 rs diye online course subscription ke liye upi se,14149,education,upi,,
aaj train ticket irctc liya 19577 rs cash se pay kia,19577,travel,cash,,
Electronics shopping INR 14852,14852,shopping,cash,,
Mobile recharge INR 6299,6299,utilities,upi,,
movie ticket booking ka subscription 1293 rupye upi se renew kiya,1293,entertainment,upi,,
aaj internet recharge ka 29002 rs. ka bill cash se bharaa,29002,utilities,cash,,
bus ticket ki ticket 3014 rs me book kiyaa cash se,3014,travel,cash,,
Credit card EMI INR 2564,2564,emi,card,,
Messy outlier tx 123,,unknown,123,,
movie ticket booking dekha 12602 rupaye lagaa card se diyee,12602,entertainment,card,,
"food court payment pe 24972 ka bill tha, card se pay kiya",24972,food,card,,
Online course subscription INR 5925,5925,education,cash,,
aaj mobile recharge ka 36416 rupaiye ka bill upi se bhra,36416,utilities,upi,,
College fees payment INR 4059,4059,education,card,,
46887 rs kharchaa kiyaa swiggy order pe cash se,46887,food,cash,,
aaj zomato dinner se khana order kia 27674 rupaye cash se die,27674,food,cash,,
Amazon purchase INR 4922,4922,shopping,upi,,
Library fee INR 10722,10722,education,cash,,
aaj internet recharge ka 47524 rupaiye ka bill upi se bharra,47524,utilities,upi,,
Messy outlier tx 123,-100,blabla,unknown,,
PPF contribution INR 27487,27487,investment,cash,,
hospital bill me 34199 rs. karcha hua cash se diye,34199,healthcare,cash,,
doctor ke yahan 45683 rs lagaa upi se diyee,45683,healthcare,upi,,
26063 rupay stock purchase me daale cash se,26063,investment,cash,,
Crypto investment INR 34550,34550,investment,upi,,
mobile recharge ka bill 43561 rs. card se bharaa,43561,utilities,card,,
water bill recharge kya 26416 rs. card se,26416,utilities,card,,
Exam fee INR 47792,47792,education,cash,,
online clothing store bill se 39433 ka saman liyaa upi se pay kiyaa,39433,shopping,upi,,
13432 rs ka medical test charges bill aaya upi se pay kya,13432,healthcare,upi,,
43318 rs diye library fee ke liye cash se,43318,education,cash,,
39626 rupaye ka pharmacy medicine purchase bill aaya upi se pay kiya,39626,healthcare,upi,,
Messy outlier tx csh,NaN,,paypal,,
fixed deposit investment me 22628 rupay invest kya cash se,22628,investment,cash,,
Exam fee INR 5677,5677,education,card,,
Stock purchase INR 21999,21999,investment,cash,,
2072 rupaiye lga hotel booking me card se diyee,2072,travel,card,,
3064 rupaye diyee library fee ke liye card se,3064,education,card,,
Personal loan installment INR 14657,14657,emi,cash,,
ppf contribution me 43626 rupay invest kia card se,43626,investment,card,,
Doctor consultation INR 322,322,healthcare,cash,,
ppf contribution me 22709 rupye invest kya card se,22709,investment,card,,
Exam fee INR 43343,43343,education,card,,
Credit card EMI INR 5092,5092,emi,cash,,
Concert ticket INR 30068,30068,entertainment,upi,,
30358 rs diyee exam fee ke liye upi se,30358,education,upi,,
online course subscription ka course 17133 rs me lia card se pay kiyaa,17133,education,card,,
clothing store bill pe shopping kiyaa 18377 rupaye kharchaa card se,18377,shopping,card,,
car loan emi EMI 43527 rupay kat gaye cash se,43527,emi,cash,,
40177 rs lagaa train ticket irctc me card se die,40177,travel,card,,
Pharmacy medicine purchase INR 47062,47062,healthcare,cash,,
46812 rs die college fees payment ke liye upi se,46812,education,upi,,
12424 rs lagaa hotel booking me card se diye,12424,travel,card,,
online flipkart order se 1959 ka saman lia cash se pay kiya,1959,shopping,cash,,
Pharmacy medicine purchase INR 38564,38564,healthcare,upi,,
Swiggy order INR 44036,44036,food,upi,,
loan ka personal loan installment 41212 rupye upi se pay kya,41212,emi,upi,,
aaj electricity bill payment ka 49276 rupay ka bill card se bhara,49276,utilities,card,,
ola cab ki ticket 20876 rupaye me book kiyaa cash se,20876,travel,cash,,
36630 rupye ka water bill bill pay kia upi se,36630,utilities,upi,,
Game purchase INR 35678,35678,entertainment,cash,,
Cafe coffee INR 40460,40460,food,cash,,
Stock purchase INR 21499,21499,investment,upi,,
credit card emi ki EMI 29449 rupaiye cash se bharaa,29449,emi,cash,,
Crypto investment INR 32079,32079,investment,card,,
Online shopping payment INR 42908,42908,shopping,cash,,
Food court payment INR 15431,15431,food,cash,,
doctor ke yahan 46333 rupaiye lgaa cash se diy,46333,healthcare,cash,,
aaj mutual fund sip me 15651 rupaye lagaye card se,15651,investment,card,,
aaj crypto investment me 34201 rupay lagaye cash se,34201,investment,cash,,
Game purchase INR 28091,28091,entertainment,cash,,
Zomato dinner INR 7861,7861,food,cash,,
Exam fee INR 13073,13073,education,cash,,
pharmacy medicine purchase me 9530 rs khrcha hua card se diyee,9530,healthcare,card,,
35824 rupaiye diy exam fee ke liye card se,35824,education,card,,
Library fee INR 10971,10971,education,upi,,
online course subscription ki fees 22321 rs card se bharaa,22321,education,card,,
Movie ticket booking INR 21125,21125,entertainment,card,,
aaj ola cab liyaa 11439 rupay cash se pay kya,11439,travel,cash,,
Exam fee INR 29019,29019,education,card,,
Hospital bill INR 1016,1016,healthcare,cash,,
Movie ticket booking INR 25256,25256,entertainment,cash,,
car loan emi ki EMI 12427 rupaye upi se bharra,12427,emi,upi,,
Train ticket IRCTC INR 28378,28378,travel,card,,
train ticket irctc ka kiraya 6607 rupay diyee card se,6607,travel,card,,
Cafe coffee INR 43463,43463,food,cash,,
doctor consultation me 43262 rupay kharch hua cash se diye,43262,healthcare,cash,,
concert ticket ka subscription 14833 rs. cash se renew kiyaa,14833,entertainment,cash,,
College fees payment INR 49635,49635,education,card,,
electronics shopping se 10415 rs. ka shopping kya card se,10415,shopping,card,,
padhai ke liye exam fee pe 37956 rupaye kharchaa kya upi se,37956,education,upi,,
movie ticket booking ka subscription 12602 rupaiye card se renew kia,12602,entertainment,card,,
clothing store bill se 27495 rupay ka shopping kia card se,27495,shopping,card,,
Train ticket IRCTC INR 8434,8434,travel,card,,
44613 rs ppf contribution me daale cash se,44613,investment,cash,,
flight ticket booking ki ticket 37106 rs me book kya card se,37106,travel,card,,
loan ka bike loan emi 3614 rupaiye upi se pay kiyaa,3614,emi,upi,,
doctor ke yahan 6135 rupaiye lga cash se die,6135,healthcare,cash,,
20976 rupaiye karcha kia netflix subscription pe upi se,20976,entertainment,upi,,
Electronics shopping INR 41449,41449,shopping,card,,
Crypto investment INR 14301,14301,investment,cash,,
Flight ticket booking INR 19656,19656,travel,cash,,
Stock purchase INR 15426,15426,investment,card,,
college fees payment ki fees 41161 rs card se bhra,41161,education,card,,
Food court payment INR 6637,6637,food,upi,,
PPF contribution INR 10326,10326,investment,upi,,
"cafe coffee pe 29805 ka bill tha, cash se pay kiyaa",29805,food,cash,,
31308 rupaye kharchaa kiyaa game purchase pe cash se,31308,entertainment,cash,,
netflix subscription dekha 29689 rupye lagaa cash se diye,29689,entertainment,cash,,
online clothing store bill se 46671 ka saman lya card se pay kiyaa,46671,shopping,card,,
Exam fee INR 44781,44781,education,upi,,
Bike loan EMI INR 47795,47795,emi,card,,
online course subscription ki fees 17409 rupay cash se bhra,17409,education,cash,,
pharmacy medicine purchase pe 1244 rupaye khrcha hui davai pe cash se,1244,healthcare,cash,,
6035 rupay ka order diye amazon purchase pe card se,6035,shopping,card,,
Bike loan EMI INR 43473,43473,emi,card,,
Library fee INR 40481,40481,education,card,,
online amazon purchase se 26167 ka saman lia upi se pay kiya,26167,shopping,upi,,
Train ticket IRCTC INR 40177,40177,travel,card,,
25759 rupay khrcha kiya zomato dinner pe card se,25759,food,card,,
aaj water bill ka 43462 rs ka bill cash se bhra,43462,utilities,cash,,
library fee ka course 24502 rupaiye me lia upi se pay kia,24502,education,upi,,
34868 rupay kharchaa kya swiggy order pe cash se,34868,food,cash,,
Credit card EMI INR 47701,47701,emi,upi,,
Mutual fund SIP INR 12900,12900,investment,cash,,
36416 rs. karcha kya movie ticket booking pe cash se,36416,entertainment,cash,,
movie ticket booking ka ticket 23898 rupaye me liyaa cash se,23898,entertainment,cash,,
49583 rupye ka credit card emi installment cash se diy,49583,emi,cash,,
movie ticket booking ka subscription 20659 rupaye upi se renew kya,20659,entertainment,upi,,
20666 rs kharchaa kiyaa swiggy order pe card se,20666,food,card,,
PPF contribution INR 38893,38893,investment,upi,,
doctor ke yahan 14615 rupaiye lagaa card se diyee,14615,healthcare,card,,
Exam fee INR 22894,22894,education,cash,,
netflix subscription ka subscription 12492 rupye cash se renew kiyaa,12492,entertainment,cash,,
Messy outlier tx 123,"1,000",misc,,Mumbai,
37232 rs kharcha kiyaa zomato dinner pe cash se,37232,food,cash,,
Stock purchase INR 44968,44968,investment,cash,,
movie ticket booking dekha 41858 rs. lga upi se die,41858,entertainment,upi,,
44286 rs. ka gas bill payment bill pay kiyaa upi se,44286,utilities,upi,,
Library fee INR 41392,41392,education,upi,,
Home loan EMI INR 10672,10672,emi,card,,
Netflix subscription INR 19849,19849,entertainment,upi,,
49850 rupaiye die exam fee ke liye cash se,49850,education,cash,,
lunch at hotel ka khana 32863 rs me aaya card se diy,32863,food,card,,
"cafe coffee pe 27812 ka bill tha, cash se pay kiya",27812,food,cash,,
Pizza delivery INR 18404,18404,food,cash,,
water bill ka bill 17680 rs card se bharra,17680,utilities,card,,
15984 rupaiye lagaa uber ride me cash se diyee,15984,travel,cash,,
stock purchase ka SIP 6039 rupay card se bharaa,6039,investment,card,,
amazon purchase se 7154 rupaiye ka shopping kiyaa upi se,7154,shopping,upi,,
Internet recharge INR 858,858,utilities,upi,,
aaj zomato dinner se khana order kia 14436 rupaye card se diy,14436,food,card,,
Internet recharge INR 6429,6429,utilities,card,,
Pharmacy medicine purchase INR 35454,35454,healthcare,upi,,
Flipkart order INR 9043,9043,shopping,cash,,
doctor ke yahan 10558 rupye lga upi se diyee,10558,healthcare,upi,,
online shopping payment pe shopping kia 43364 rupaiye karcha upi se,43364,shopping,upi,,
19241 rupaye ka hospital bill bill aaya cash se pay kiya,19241,healthcare,cash,,
Pharmacy medicine purchase INR 28900,28900,healthcare,upi,,
Online shopping payment INR 38727,38727,shopping,upi,,
Water bill INR 7041,7041,utilities,upi,,
Game purchase INR 24777,24777,entertainment,card,,
Crypto investment INR 44887,44887,investment,cash,,
hospital bill pe 21176 rs kharchaa hui davai pe cash se,21176,healthcare,cash,,
college fees payment ka course 4957 rupye me lya card se pay kiya,4957,education,card,,
38987 rupaiye lagaa uber ride me cash se diye,38987,travel,cash,,
Hospital bill INR 22106,22106,healthcare,upi,,
Pharmacy medicine purchase INR 12078,12078,healthcare,cash,,
Swiggy order INR 21553,21553,food,upi,,
ola cab ki ticket 39079 rupye me book kiyaa card se,39079,travel,card,,
Medical test charges INR 21850,21850,healthcare,cash,,
mobile recharge ka bill 22237 rupay upi se bharra,22237,utilities,upi,,
Train ticket IRCTC INR 42085,42085,travel,upi,,
mutual fund sip ka SIP 2746 rupaiye card se bharaa,2746,investment,card,,
27324 rupye laga hotel booking me cash se diy,27324,travel,cash,,
concert ticket ka ticket 43525 rs. me liyaa cash se,43525,entertainment,cash,,
doctor consultation pe 36641 rupay khrcha hui davai pe card se,36641,healthcare,card,,
online course subscription ka course 12215 rupay me lia card se pay kiyaa,12215,education,card,,
Electricity bill payment INR 27240,27240,utilities,card,,
Train ticket IRCTC INR 37499,37499,travel,card,,
library fee ki fees 2380 rs. card se bharra,2380,education,card,,
Electronics shopping INR 16783,16783,shopping,cash,,
Library fee INR 19126,19126,education,upi,,
ppf contribution me 20827 rs invest kya cash se,20827,investment,cash,,
6426 rupaiye karcha kya restaurant bill pe card se,6426,food,card,,
Lunch at hotel INR 20308,20308,food,card,,
aaj restaurant bill se khana order kiya 27901 rupaiye cash se diy,27901,food,cash,,
47934 rupaiye ka home loan emi installment upi se die,47934,emi,upi,,
electronics shopping se 11232 rupye ka shopping kia card se,11232,shopping,card,,
,,error,ccard,NY,
Clothing store bill INR 34927,34927,shopping,cash,,
Car loan EMI INR 20350,20350,emi,cash,,
Uber ride INR 9617,9617,travel,card,,
Fixed deposit investment INR 7587,7587,investment,card,,
doctor ke yahan 9831 rupay laga upi se die,9831,healthcare,upi,,
college fees payment ka course 6893 rupay me liyaa upi se pay kiyaa,6893,education,upi,,
restaurant bill ka khana 42889 rupye me aaya upi se diye,42889,food,upi,,
Uber ride INR 15676,15676,travel,card,,
42446 rupye ka medical test charges bill aaya cash se pay kia,42446,healthcare,cash,,
Food court payment INR 21030,21030,food,upi,,
Electricity bill payment INR 16345,16345,utilities,upi,,
concert ticket ka ticket 1858 rupaye me liyaa card se,1858,entertainment,card,,
train ticket irctc ka kiraya 42085 rupaye die upi se,42085,travel,upi,,
21245 rs. laga ola cab me card se diy,21245,travel,card,,
Train ticket IRCTC INR 13581,13581,travel,upi,,
movie ticket booking ka subscription 20013 rupye cash se renew kia,20013,entertainment,cash,,
Hotel booking INR 47873,47873,travel,cash,,
padhai ke liye exam fee pe 19934 rs. kharchaa kiyaa cash se,19934,education,cash,,
restaurant bill me 4687 rupaiye ka khana khya cash se,4687,food,cash,,
31059 rupye karcha kya pizza delivery pe upi se,31059,food,upi,,
netflix subscription ka ticket 15107 rupay me liyaa cash se,15107,entertainment,cash,,
Mobile recharge INR 46523,46523,utilities,cash,,
train ticket irctc ki ticket 19332 rupye me book kiya card se,19332,travel,card,,
exam fee ki fees 31255 rs card se bhara,31255,education,card,,
Credit card EMI INR 42065,42065,emi,upi,,
Online shopping payment INR 48812,48812,shopping,cash,,
Crypto investment INR 45710,45710,investment,upi,,
fixed deposit investment ka SIP 13837 rupaye cash se bhara,13837,investment,cash,,
22182 rupaiye ka electricity bill payment bill pay kia cash se,22182,utilities,cash,,
fixed deposit investment ka SIP 30286 rs upi se bharaa,30286,investment,upi,,
Home loan EMI INR 22776,22776,emi,card,,
Gas bill payment INR 32072,32072,utilities,cash,,
aaj mutual fund sip me 47743 rupaye lagaye upi se,47743,investment,upi,,
personal loan installment EMI 23480 rupye kat gaye upi se,23480,emi,upi,,
aaj ppf contribution me 22785 rupye lagaye upi se,22785,investment,upi,,
game purchase dekha 19414 rs lgaa upi se diyee,19414,entertainment,upi,,
mobile recharge ka bill 36858 rs card se bhra,36858,utilities,card,,
Credit card EMI INR 29938,29938,emi,upi,,
Amazon purchase INR 39609,39609,shopping,upi,,
24940 rs karcha kiya movie ticket booking pe upi se,24940,entertainment,upi,,
Restaurant bill INR 20167,20167,food,upi,,
Flight ticket booking INR 17108,17108,travel,cash,,
Home loan EMI INR 8401,8401,emi,cash,,
credit card emi ki EMI 45405 rupaiye upi se bharaa,45405,emi,upi,,
aaj train ticket irctc liya 43416 rupaye upi se pay kia,43416,travel,upi,,
aaj water bill ka 3443 rupay ka bill cash se bharaa,3443,utilities,cash,,
loan ka personal loan installment 4558 rupye cash se pay kiya,4558,emi,cash,,
hotel booking ki ticket 11918 rs. me book kiyaa cash se,11918,travel,cash,,
33621 rs kharchaa kiya cafe coffee pe upi se,33621,food,upi,,
30264 rupaye ka personal loan installment installment card se die,30264,emi,card,,
uber ride ka kiraya 6512 rupay diyee cash se,6512,travel,cash,,
Netflix subscription INR 25294,25294,entertainment,upi,,
"cafe coffee pe 44420 ka bill tha, upi se pay kia",44420,food,upi,,
concert ticket ka ticket 49889 rupye me liya cash se,49889,entertainment,cash,,
18551 rs laga train ticket irctc me card se diy,18551,travel,card,,
credit card emi EMI 45387 rupye kat gaye upi se,45387,emi,upi,,
Game purchase INR 2927,2927,entertainment,card,,
Food court payment INR 40628,40628,food,card,,
Bike loan EMI INR 30805,30805,emi,upi,,
Concert ticket INR 11763,11763,entertainment,upi,,
Food court payment INR 18684,18684,food,card,,
concert ticket ka subscription 1527 rs. upi se renew kiya,1527,entertainment,upi,,
Electronics shopping INR 13331,13331,shopping,cash,,
hospital bill me 609 rupaiye kharch hua cash se diyee,609,healthcare,cash,,
Online shopping payment INR 40887,40887,shopping,cash,,
zomato dinner ka khana 28042 rupaiye me aaya card se die,28042,food,card,,
credit card emi ki EMI 9212 rs upi se bhara,9212,emi,upi,,
gas bill payment recharge kya 37260 rs upi se,37260,utilities,upi,,
online electronics shopping se 1669 ka saman lia cash se pay kya,1669,shopping,cash,,
Game purchase INR 12166,12166,entertainment,upi,,
Electricity bill payment INR 26319,26319,utilities,card,,
library fee ki fees 19651 rupaiye cash se bharra,19651,education,cash,,
Internet recharge INR 17360,17360,utilities,upi,,
Bike loan EMI INR 25971,25971,emi,cash,,
fixed deposit investment me 26124 rupaiye invest kia cash se,26124,investment,cash,,
amazon purchase se 28479 rs ka shopping kia card se,28479,shopping,card,,
Train ticket IRCTC INR 40397,40397,travel,cash,,
bike loan emi EMI 6974 rupay kat gaye upi se,6974,emi,upi,,
zomato dinner me 21447 rupay ka khana khya cash se,21447,food,cash,,
24508 rs. kharchaa kiyaa game purchase pe upi se,24508,entertainment,upi,,
Electronics shopping INR 19044,19044,shopping,cash,,
padhai ke liye online course subscription pe 38784 rs kharcha kya cash se,38784,education,cash,,
college fees payment ki fees 23183 rs. cash se bhra,23183,education,cash,,
medical test charges pe 43145 rupay karcha hui davai pe card se,43145,healthcare,card,,
online shopping payment se 858 rs ka shopping kia cash se,858,shopping,cash,,
Library fee INR 49493,49493,education,upi,,
23303 rs lagaa ola cab me card se die,23303,travel,card,,
Car loan EMI INR 42031,42031,emi,card,,
flight ticket booking ki ticket 4138 rupaye me book kya upi se,4138,travel,upi,,
Library fee INR 24502,24502,education,upi,,
cafe coffee ka khana 44825 rupaye me aaya cash se die,44825,food,cash,,
gas bill payment ka bill 7359 rupye cash se bhra,7359,utilities,cash,,
Library fee INR 18052,18052,education,card,,
online course subscription ka course 24689 rs. me liyaa cash se pay kya,24689,education,cash,,
Online shopping payment INR 25211,25211,shopping,upi,,
netflix subscription ka ticket 43747 rs me liya card se,43747,entertainment,card,,
mutual fund sip ka SIP 38029 rupye cash se bhara,38029,investment,cash,,
Fixed deposit investment INR 49214,49214,investment,card,,
Doctor consultation INR 39056,39056,healthcare,cash,,
Bike loan EMI INR 3432,3432,emi,card,,
Medical test charges INR 36271,36271,healthcare,cash,,
6836 rupaye ka car loan emi installment upi se diy,6836,emi,upi,,
Restaurant bill INR 42640,42640,food,card,,
aaj hotel booking lya 6718 rs upi se pay kya,6718,travel,upi,,
electronics shopping pe shopping kiya 29625 rupaye kharcha card se,29625,shopping,card,,
Crypto investment INR 5415,5415,investment,upi,,
33829 rs. khrcha kia swiggy order pe card se,33829,food,card,,
Game purchase INR 30331,30331,entertainment,card,,
mutual fund sip ka SIP 25957 rupaiye upi se bharaa,25957,investment,upi,,
Movie ticket booking INR 19176,19176,entertainment,cash,,
mobile recharge recharge kiyaa 14526 rs cash se,14526,utilities,cash,,
fixed deposit investment ka SIP 47675 rupay card se bhra,47675,investment,card,,
PPF contribution INR 33383,33383,investment,card,,
train ticket irctc ka kiraya 45822 rs diyee cash se,45822,travel,cash,,
Water bill INR 18748,18748,utilities,card,,
Pharmacy medicine purchase INR 1037,1037,healthcare,card,,
padhai ke liye library fee pe 4379 rs karcha kiyaa cash se,4379,education,cash,,
"restaurant bill pe 8623 ka bill tha, cash se pay kya",8623,food,cash,,
water bill recharge kiyaa 14249 rupye upi se,14249,utilities,upi,,
personal loan installment EMI 17551 rupaiye kat gaye card se,17551,emi,card,,
43331 rs. fixed deposit investment me daale upi se,43331,investment,upi,,
Credit card EMI INR 20157,20157,emi,upi,,
Stock purchase INR 30344,30344,investment,upi,,
11833 rs. die online course subscription ke liye cash se,11833,education,cash,,
PPF contribution INR 22158,22158,investment,card,,
mutual fund sip ka SIP 15651 rupaye card se bhra,15651,investment,card,,
Amazon purchase INR 1973,1973,shopping,cash,,
Movie ticket booking INR 37469,37469,entertainment,cash,,
Movie ticket booking INR 26828,26828,entertainment,cash,,
Zomato dinner INR 27667,27667,food,upi,,
Swiggy order INR 38746,38746,food,cash,,
Mobile recharge INR 39704,39704,utilities,card,,
college fees payment ka course 9361 rupye me liyaa upi se pay kya,9361,education,upi,,
concert ticket ka ticket 31895 rupaye me lia upi se,31895,entertainment,upi,,
hospital bill pe 39608 rupay kharchaa hui davai pe card se,39608,healthcare,card,,
Electricity bill payment INR 38760,38760,utilities,cash,,
movie ticket booking ka subscription 29029 rs cash se renew kia,29029,entertainment,cash,,
43473 rupye ka bike loan emi installment card se diye,43473,emi,card,,
30427 rupaiye kharcha kya concert ticket pe upi se,30427,entertainment,upi,,
Exam fee INR 7326,7326,education,card,,
game purchase dekha 18101 rupaiye laga upi se diyee,18101,entertainment,upi,,
pharmacy medicine purchase pe 20939 rupaiye kharchaa hui davai pe card se,20939,healthcare,card,,
Clothing store bill INR 43216,43216,shopping,cash,,
Online shopping payment INR 47810,47810,shopping,card,,
49638 rs. ka order die amazon purchase pe cash se,49638,shopping,cash,,
stock purchase me 40667 rupaiye invest kiya upi se,40667,investment,upi,,
loan ka credit card emi 29968 rupay cash se pay kiyaa,29968,emi,cash,,
doctor consultation me 40484 rupay kharcha hua cash se diyee,40484,healthcare,cash,,
College fees payment INR 5965,5965,education,cash,,
loan ka home loan emi 9338 rs. cash se pay kiyaa,9338,emi,cash,,
padhai ke liye exam fee pe 47992 rupye khrcha kya cash se,47992,education,cash,,
Hospital bill INR 2002,2002,healthcare,card,,
ola cab ka kiraya 48007 rs. die upi se,48007,travel,upi,,
Stock purchase INR 33442,33442,investment,card,,
Bike loan EMI INR 6795,6795,emi,card,,
credit card emi EMI 27143 rs kat gaye cash se,27143,emi,cash,,
Car loan EMI INR 323,323,emi,card,,
Exam fee INR 43014,43014,education,upi,,
aaj stock purchase me 13890 rupaiye lagaye upi se,13890,investment,upi,,
Zomato dinner INR 27584,27584,food,cash,,
online amazon purchase se 37171 ka saman liyaa card se pay kiyaa,37171,shopping,card,,
Clothing store bill INR 25070,25070,shopping,cash,,
Electricity bill payment INR 14659,14659,utilities,upi,,
aaj flight ticket booking lia 14393 rupye upi se pay kya,14393,travel,upi,,
30065 rs kharchaa kiya game purchase pe card se,30065,entertainment,card,,
Restaurant bill INR 48854,48854,food,cash,,
college fees payment ka course 46303 rs. me lya upi se pay kya,46303,education,upi,,
restaurant bill me 18628 rs ka khana khayaa card se,18628,food,card,,
Movie ticket booking INR 1293,1293,entertainment,upi,,
Restaurant bill INR 11521,11521,food,cash,,
college fees payment ki fees 18106 rupaye card se bhara,18106,education,card,,
46934 rupay lagaa train ticket irctc me card se diyee,46934,travel,card,,
swiggy order ka khana 24782 rupay me aaya card se diyee,24782,food,card,,
Netflix subscription INR 22518,22518,entertainment,card,,
College fees payment INR 37002,37002,education,cash,,
Flipkart order INR 4517,4517,shopping,upi,,
aaj ppf contribution me 39322 rupay lagaye card se,39322,investment,card,,
game purchase ka ticket 11762 rs me lya card se,11762,entertainment,card,,
Hospital bill INR 15822,15822,healthcare,upi,,
21630 rs. laga flight ticket booking me cash se diye,21630,travel,cash,,
22278 rupaiye kharchaa kiyaa game purchase pe upi se,22278,entertainment,upi,,
stock purchase me 12894 rupay invest kya card se,12894,investment,card,,
Library fee INR 47953,47953,education,upi,,
stock purchase ka SIP 45246 rupaiye card se bhra,45246,investment,card,,
Cafe coffee INR 6901,6901,food,upi,,
45309 rupaiye kharcha kya movie ticket booking pe cash se,45309,entertainment,cash,,
mutual fund sip me 49527 rs. invest kiyaa cash se,49527,investment,cash,,
flight ticket booking ka kiraya 22510 rs. diye card se,22510,travel,card,,
Bike loan EMI INR 11186,11186,emi,card,,
crypto investment me 6414 rs invest kiyaa upi se,6414,investment,upi,,
concert ticket ka ticket 11041 rupay me lya cash se,11041,entertainment,cash,,
Hospital bill INR 1394,1394,healthcare,upi,,
mobile recharge ka bill 19028 rupay card se bhra,19028,utilities,card,,
Library fee INR 18516,18516,education,card,,
College fees payment INR 43828,43828,education,upi,,
Lunch at hotel INR 11536,11536,food,cash,,
14160 rs. ka order diy flipkart order pe card se,14160,shopping,card,,
food court payment ka khana 34295 rupaiye me aaya cash se die,34295,food,cash,,
stock purchase me 49711 rupaye invest kia upi se,49711,investment,upi,,
doctor consultation pe 10415 rupay karcha hui davai pe upi se,10415,healthcare,upi,,
electricity bill payment ka bill 35073 rupye cash se bhara,35073,utilities,cash,,
Online course subscription INR 27169,27169,education,upi,,
Concert ticket INR 42467,42467,entertainment,card,,
concert ticket dekha 9046 rupay lga upi se diyee,9046,entertainment,upi,,
Library fee INR 15729,15729,education,cash,,
Netflix subscription INR 16192,16192,entertainment,cash,,
Cafe coffee INR 17961,17961,food,card,,
Zomato dinner INR 25759,25759,food,card,,
Electronics shopping INR 21078,21078,shopping,upi,,
concert ticket ka ticket 36532 rupaye me lia cash se,36532,entertainment,cash,,
Mutual fund SIP INR 35977,35977,investment,cash,,
padhai ke liye library fee pe 25352 rupye khrcha kiya card se,25352,education,card,,
internet recharge ka bill 37709 rupay cash se bhara,37709,utilities,cash,,
internet recharge recharge kiya 32133 rupay upi se,32133,utilities,upi,,
Amazon purchase INR 11759,11759,shopping,cash,,
Uber ride INR 13729,13729,travel,card,,
"cafe coffee pe 1574 ka bill tha, cash se pay kiya",1574,food,cash,,
doctor ke yahan 48581 rs lga cash se diyee,48581,healthcare,cash,,
Lunch at hotel INR 7207,7207,food,upi,,
Exam fee INR 11800,11800,education,upi,,
zomato dinner ka khana 7384 rupay me aaya cash se die,7384,food,cash,,
Netflix subscription INR 43430,43430,entertainment,card,,
exam fee ki fees 29565 rupaye card se bhra,29565,education,card,,
netflix subscription dekha 14604 rs lagaa cash se diy,14604,entertainment,cash,,
Car loan EMI INR 25884,25884,emi,card,,
Amazon purchase INR 37171,37171,shopping,card,,
29355 rupay ka order diye electronics shopping pe cash se,29355,shopping,cash,,
Library fee INR 7438,7438,education,cash,,
aaj stock purchase me 37523 rs lagaye cash se,37523,investment,cash,,
college fees payment ki fees 26755 rupaye upi se bhra,26755,education,upi,,
Library fee INR 10885,10885,education,cash,,
Gas bill payment INR 15926,15926,utilities,cash,,
Medical test charges INR 37538,37538,healthcare,cash,,
PPF contribution INR 27743,27743,investment,upi,,
Train ticket IRCTC INR 16122,16122,travel,cash,,
10863 rupaiye ka mobile recharge bill pay kya card se,10863,utilities,card,,
Electricity bill payment INR 32951,32951,utilities,upi,,
Concert ticket INR 43449,43449,entertainment,upi,,
electricity bill payment ka bill 5127 rs card se bhra,5127,utilities,card,,
Online course subscription INR 4956,4956,education,card,,
Netflix subscription INR 6338,6338,entertainment,card,,
pharmacy medicine purchase pe 41703 rs. karcha hui davai pe upi se,41703,healthcare,upi,,
internet recharge ka bill 31454 rupay cash se bhra,31454,utilities,cash,,
ppf contribution me 45583 rupaiye invest kiyaa cash se,45583,investment,cash,,
Ola cab INR 42356,42356,travel,cash,,
pharmacy medicine purchase me 33675 rupaye khrcha hua upi se diyee,33675,healthcare,upi,,
Fixed deposit investment INR 3527,3527,investment,cash,,
30916 rupay lgaa hotel booking me cash se diy,30916,travel,cash,,
Electronics shopping INR 24762,24762,shopping,card,,
personal loan installment EMI 672 rupay kat gaye upi se,672,emi,upi,,
Home loan EMI INR 20442,20442,emi,cash,,
water bill ka bill 12500 rupay card se bhra,12500,utilities,card,,
Home loan EMI INR 40557,40557,emi,cash,,
Restaurant bill INR 20371,20371,food,card,,
Netflix subscription INR 20240,20240,entertainment,upi,,
mobile recharge ka bill 42662 rs cash se bharaa,42662,utilities,cash,,
Credit card EMI INR 9913,9913,emi,upi,,
padhai ke liye library fee pe 22269 rs. kharch kya upi se,22269,education,upi,,
Hotel booking INR 42403,42403,travel,upi,,
37796 rs ka water bill bill pay kiyaa card se,37796,utilities,card,,
Food court payment INR 10096,10096,food,card,,
online clothing store bill se 19402 ka saman liya cash se pay kia,19402,shopping,cash,,
doctor consultation me 20026 rupay kharch hua cash se diy,20026,healthcare,cash,,
Doctor consultation INR 30002,30002,healthcare,upi,,
Pharmacy medicine purchase INR 8716,8716,healthcare,cash,,
Cafe coffee INR 33946,33946,food,upi,,
uber ride ka kiraya 9791 rs. diye cash se,9791,travel,cash,,
39094 rs ka order diyee amazon purchase pe upi se,39094,shopping,upi,,
7957 rs ka order die flipkart order pe upi se,7957,shopping,upi,,
padhai ke liye library fee pe 48058 rupaiye kharchaa kiya card se,48058,education,card,,
padhai ke liye online course subscription pe 45152 rupaiye kharch kiya cash se,45152,education,cash,,
PPF contribution INR 25528,25528,investment,card,,
46909 rs. ka medical test charges bill aaya card se pay kya,46909,healthcare,card,,
crypto investment ka SIP 31371 rupye card se bharaa,31371,investment,card,,
16716 rupaiye die library fee ke liye cash se,16716,education,cash,,
college fees payment ki fees 23716 rupye cash se bharaa,23716,education,cash,,
aaj train ticket irctc liyaa 32277 rupaiye card se pay kya,32277,travel,card,,
doctor consultation pe 45651 rupaiye karcha hui davai pe card se,45651,healthcare,card,,
ppf contribution ka SIP 45860 rupye cash se bharaa,45860,investment,cash,,
Amazon purchase INR 17634,17634,shopping,card,,
46538 rupaiye kharch kia concert ticket pe upi se,46538,entertainment,upi,,
Clothing store bill INR 1106,1106,shopping,card,,
bike loan emi EMI 39704 rs kat gaye card se,39704,emi,card,,
Amazon purchase INR 56,56,shopping,card,,
Medical test charges INR 42446,42446,healthcare,cash,,
movie ticket booking ka ticket 37273 rs me lia cash se,37273,entertainment,cash,,
home loan emi ki EMI 8401 rupaye cash se bhara,8401,emi,cash,,
library fee ka course 8007 rupye me liya cash se pay kya,8007,education,cash,,
Amazon purchase INR 16313,16313,shopping,card,,
hospital bill me 43111 rupay kharchaa hua upi se diyee,43111,healthcare,upi,,
concert ticket ka subscription 45241 rupye upi se renew kiyaa,45241,entertainment,upi,,
Movie ticket booking INR 30918,30918,entertainment,cash,,
32386 rs. mutual fund sip me daale card se,32386,investment,card,,
49362 rupay laga ola cab me upi se diye,49362,travel,upi,,
electricity bill payment recharge kya 40218 rupye card se,40218,utilities,card,,
Exam fee INR 2661,2661,education,card,,
internet recharge ka bill 43076 rupaye card se bharaa,43076,utilities,card,,
Clothing store bill INR 12543,12543,shopping,card,,
Movie ticket booking INR 41387,41387,entertainment,card,,
32177 rupaiye ka order diye electronics shopping pe cash se,32177,shopping,cash,,
padhai ke liye exam fee pe 20703 rupaiye kharch kia upi se,20703,education,upi,,
uber ride ka kiraya 25799 rs. diyee upi se,25799,travel,upi,,
zomato dinner ka khana 4506 rupaiye me aaya card se die,4506,food,card,,
Restaurant bill INR 29196,29196,food,card,,
College fees payment INR 28384,28384,education,upi,,
22394 rupye mutual fund sip me daale cash se,22394,investment,cash,,
ola cab ki ticket 20434 rupaye me book kya upi se,20434,travel,upi,,
online shopping payment se 28001 rupye ka shopping kia upi se,28001,shopping,upi,,
44402 rupaiye ka order diyee clothing store bill pe upi se,44402,shopping,upi,,
Library fee INR 49856,49856,education,card,,
Crypto investment INR 18636,18636,investment,card,,
Train ticket IRCTC INR 19577,19577,travel,cash,,
Doctor consultation INR 35171,35171,healthcare,upi,,
Electricity bill payment INR 37020,37020,utilities,card,,
aaj lunch at hotel se khana order kia 30962 rupaye upi se die,30962,food,upi,,
Exam fee INR 36782,36782,education,cash,,
17089 rupaiye ka order die flipkart order pe upi se,17089,shopping,upi,,
aaj zomato dinner se khana order kya 37890 rupay cash se diyee,37890,food,cash,,
doctor consultation me 39343 rs kharcha hua card se die,39343,healthcare,card,,
clothing store bill pe shopping kiyaa 11444 rupay khrcha card se,11444,shopping,card,,
aaj food court payment se khana order kiyaa 3193 rupye upi se diy,3193,food,upi,,
Ola cab INR 7598,7598,travel,cash,,
aaj ppf contribution me 13154 rs lagaye upi se,13154,investment,upi,,
electronics shopping se 13331 rupye ka shopping kia cash se,13331,shopping,cash,,
crypto investment me 25698 rupye invest kiyaa cash se,25698,investment,cash,,
mutual fund sip me 47289 rupye invest kiya card se,47289,investment,card,,
Pizza delivery INR 4293,4293,food,cash,,
9367 rupaye ka medical test charges bill aaya upi se pay kiya,9367,healthcare,upi,,
Messy outlier tx bitcoin,five hundred,blabla,unknown,,
Ola cab INR 34296,34296,travel,cash,,
mobile recharge recharge kya 45540 rupay card se,45540,utilities,card,,
Online course subscription INR 17420,17420,education,card,,
netflix subscription ka subscription 18165 rupay cash se renew kiya,18165,entertainment,cash,,
Online shopping payment INR 10226,10226,shopping,card,,
Stock purchase INR 27887,27887,investment,card,,
uber ride ka kiraya 31493 rupay diyee upi se,31493,travel,upi,,
PPF contribution INR 23472,23472,investment,cash,,
Game purchase INR 20802,20802,entertainment,upi,,
Mobile recharge INR 31848,31848,utilities,cash,,
Netflix subscription INR 10430,10430,entertainment,upi,,
doctor consultation pe 29282 rs. khrcha hui davai pe upi se,29282,healthcare,upi,,
aaj gas bill payment ka 27255 rupye ka bill upi se bhra,27255,utilities,upi,,
movie ticket booking ka ticket 26828 rupaye me lia cash se,26828,entertainment,cash,,
29291 rs. ka credit card emi installment card se diyee,29291,emi,card,,
credit card emi EMI 13590 rupye kat gaye cash se,13590,emi,cash,,
Swiggy order INR 20666,20666,food,card,,
Pharmacy medicine purchase INR 25396,25396,healthcare,cash,,
Car loan EMI INR 31931,31931,emi,upi,,
Movie ticket booking INR 5881,5881,entertainment,card,,
bus ticket ki ticket 133 rs. me book kiyaa upi se,133,travel,upi,,
doctor consultation me 490 rs khrcha hua upi se diye,490,healthcare,upi,,
pizza delivery me 23155 rupaiye ka khana khayaa card se,23155,food,card,,
loan ka car loan emi 45076 rs card se pay kya,45076,emi,card,,
Electricity bill payment INR 17816,17816,utilities,upi,,
Concert ticket INR 43959,43959,entertainment,card,,
aaj fixed deposit investment me 36293 rs lagaye cash se,36293,investment,cash,,
train ticket irctc ki ticket 44154 rupaiye me book kiya upi se,44154,travel,upi,,
Messy outlier tx ,NULL,unknown,123,,
Electronics shopping INR 29355,29355,shopping,cash,,
exam fee ka course 10171 rs me lia cash se pay kiya,10171,education,cash,,
9361 rs. diy college fees payment ke liye upi se,9361,education,upi,,
game purchase ka subscription 48130 rupaiye cash se renew kia,48130,entertainment,cash,,
Electricity bill payment INR 44217,44217,utilities,upi,,
Water bill INR 16288,16288,utilities,upi,,
aaj internet recharge ka 97 rupaiye ka bill upi se bhara,97,utilities,upi,,
aaj electricity bill payment ka 37524 rs ka bill card se bhra,37524,utilities,card,,
mutual fund sip me 26827 rupay invest kya cash se,26827,investment,cash,,
doctor ke yahan 5031 rupye lgaa upi se die,5031,healthcare,upi,,
netflix subscription ka subscription 5606 rupye upi se renew kya,5606,entertainment,upi,,
home loan emi ki EMI 8226 rupaye card se bharaa,8226,emi,card,,
Zomato dinner INR 4467,4467,food,cash,,
food court payment me 18024 rupay ka khana khaya card se,18024,food,card,,
34303 rs. diye exam fee ke liye card se,34303,education,card,,
Movie ticket booking INR 41810,41810,entertainment,card,,
Flipkart order INR 49935,49935,shopping,card,,
exam fee ki fees 13073 rupye cash se bharaa,13073,education,cash,,
37421 rs. khrcha kia netflix subscription pe card se,37421,entertainment,card,,
mutual fund sip ka SIP 46395 rs cash se bhara,46395,investment,cash,,
Online course subscription INR 30500,30500,education,upi,,
Crypto investment INR 33133,33133,investment,upi,,
23766 rs. diye library fee ke liye upi se,23766,education,upi,,
Credit card EMI INR 30207,30207,emi,cash,,
movie ticket booking ka subscription 26761 rupaiye upi se renew kiyaa,26761,entertainment,upi,,
aaj restaurant bill se khana order kiyaa 24064 rs upi se diy,24064,food,upi,,
online shopping payment se 48812 rupaye ka shopping kiyaa cash se,48812,shopping,cash,,
aaj flight ticket booking lya 21630 rupaiye cash se pay kiyaa,21630,travel,cash,,
Amazon purchase INR 26167,26167,shopping,upi,,
Exam fee INR 24713,24713,education,upi,,
netflix subscription ka ticket 29523 rupaiye me lya card se,29523,entertainment,card,,
Doctor consultation INR 8747,8747,healthcare,upi,,
25505 rupay kharch kiyaa movie ticket booking pe cash se,25505,entertainment,cash,,
Hospital bill INR 29857,29857,healthcare,card,,
water bill ka bill 24310 rupaye upi se bharra,24310,utilities,upi,,
Electronics shopping INR 19849,19849,shopping,card,,
aaj internet recharge ka 23791 rupye ka bill upi se bharaa,23791,utilities,upi,,
concert ticket dekha 43449 rs lgaa upi se diyee,43449,entertainment,upi,,
amazon purchase se 34227 rs ka shopping kiya upi se,34227,shopping,upi,,
aaj stock purchase me 20415 rs. lagaye upi se,20415,investment,upi,,
mobile recharge ka bill 11935 rs. cash se bharaa,11935,utilities,cash,,
College fees payment INR 25023,25023,education,upi,,
Stock purchase INR 14422,14422,investment,upi,,
29523 rupaye kharch kia netflix subscription pe card se,29523,entertainment,card,,
concert ticket ka subscription 28359 rs cash se renew kya,28359,entertainment,cash,,
Game purchase INR 6819,6819,entertainment,card,,
doctor ke yahan 1088 rs lgaa card se diyee,1088,healthcare,card,,
Swiggy order INR 42173,42173,food,card,,
Movie ticket booking INR 31255,31255,entertainment,cash,,
uber ride ki ticket 40064 rupaye me book kiya upi se,40064,travel,upi,,
aaj ola cab liyaa 560 rupye upi se pay kiya,560,travel,upi,,
Amazon purchase INR 13663,13663,shopping,upi,,
loan ka home loan emi 41171 rs. cash se pay kiyaa,41171,emi,cash,,
Clothing store bill INR 43757,43757,shopping,cash,,
Amazon purchase INR 24059,24059,shopping,upi,,
aaj lunch at hotel se khana order kiyaa 34877 rupay cash se die,34877,food,cash,,
Uber ride INR 1282,1282,travel,upi,,
aaj uber ride lia 1730 rupaiye cash se pay kiya,1730,travel,cash,,
doctor ke yahan 14129 rupye lga upi se die,14129,healthcare,upi,,
game purchase ka ticket 6819 rupaye me lia card se,6819,entertainment,card,,
aaj gas bill payment ka 26372 rupaiye ka bill upi se bhara,26372,utilities,upi,,
3389 rs. mutual fund sip me daale card se,3389,investment,card,,
Stock purchase INR 20415,20415,investment,upi,,
hospital bill me 11982 rupaye karcha hua card se diy,11982,healthcare,card,,
49448 rupaye ppf contribution me daale card se,49448,investment,card,,
uber ride ka kiraya 48648 rupaiye die card se,48648,travel,card,,
restaurant bill me 46851 rs ka khana khayaa card se,46851,food,card,,
loan ka home loan emi 23614 rupaye cash se pay kiya,23614,emi,cash,,
Exam fee INR 37120,37120,education,cash,,
Mobile recharge INR 16424,16424,utilities,card,,
PPF contribution INR 38860,38860,investment,card,,
Flipkart order INR 11657,11657,shopping,card,,
5234 rupay ka hospital bill bill aaya upi se pay kiyaa,5234,healthcare,upi,,
train ticket irctc ki ticket 24581 rupye me book kia card se,24581,travel,card,,
movie ticket booking ka subscription 21741 rs card se renew kya,21741,entertainment,card,,
netflix subscription ka ticket 6006 rupaiye me liyaa upi se,6006,entertainment,upi,,
48084 rs ka water bill bill pay kya card se,48084,utilities,card,,
flight ticket booking ki ticket 29041 rupye me book kiya upi se,29041,travel,upi,,
"lunch at hotel pe 32420 ka bill tha, cash se pay kiya",32420,food,cash,,
aaj stock purchase me 19329 rs. lagaye cash se,19329,investment,cash,,
gas bill payment recharge kya 21053 rs. card se,21053,utilities,card,,
9829 rupaiye ka medical test charges bill aaya cash se pay kia,9829,healthcare,cash,,
swiggy order ka khana 34166 rupye me aaya upi se diyee,34166,food,upi,,
20820 rupye diy library fee ke liye cash se,20820,education,cash,,
Pharmacy medicine purchase INR 47252,47252,healthcare,upi,,
clothing store bill pe shopping kia 19402 rupay khrcha cash se,19402,shopping,cash,,
Exam fee INR 5742,5742,education,upi,,
hospital bill pe 42028 rupay khrcha hui davai pe card se,42028,healthcare,card,,
online amazon purchase se 43652 ka saman lia cash se pay kiyaa,43652,shopping,cash,,
Clothing store bill INR 23851,23851,shopping,cash,,
flipkart order se 13109 rs. ka shopping kia cash se,13109,shopping,cash,,
Fixed deposit investment INR 32603,32603,investment,cash,,
aaj mutual fund sip me 30252 rupaye lagaye card se,30252,investment,card,,
Movie ticket booking INR 15998,15998,entertainment,upi,,
exam fee ka course 25148 rupay me liya cash se pay kya,25148,education,cash,,
Exam fee INR 38827,38827,education,card,,
Hospital bill INR 16127,16127,healthcare,card,,
5417 rupaiye ka pharmacy medicine purchase bill aaya card se pay kya,5417,healthcare,card,,
mutual fund sip ka SIP 31859 rupaye card se bharra,31859,investment,card,,
library fee ki fees 2923 rs cash se bhra,2923,education,cash,,
Pharmacy medicine purchase INR 13921,13921,healthcare,card,,
36809 rupaye ka hospital bill bill aaya cash se pay kia,36809,healthcare,cash,,
Flipkart order INR 16856,16856,shopping,upi,,
hospital bill pe 25636 rupaiye khrcha hui davai pe card se,25636,healthcare,card,,
internet recharge ka bill 17147 rupay card se bharaa,17147,utilities,card,,
Exam fee INR 20144,20144,education,cash,,
Pizza delivery INR 27883,27883,food,card,,
Food court payment INR 23961,23961,food,card,,
just random text 123,-100,unknown,UPIID123,,
credit card emi EMI 9929 rs. kat gaye upi se,9929,emi,upi,,
!@#$%^&*(),,unknown,ccard,,EDA test row
college fees payment ka course 11335 rupaye me lya card se pay kiya,11335,education,card,,
Restaurant bill INR 13363,13363,food,cash,,
Medical test charges INR 39844,39844,healthcare,upi,,
"cafe coffee pe 8721 ka bill tha, card se pay kiyaa",8721,food,card,,
Water bill INR 1584,1584,utilities,cash,,
flipkart order se 7405 rupye ka shopping kiyaa card se,7405,shopping,card,,
car loan emi ki EMI 32426 rupaiye card se bhara,32426,emi,card,,
aaj cafe coffee se khana order kia 8289 rupaiye upi se diyee,8289,food,upi,,
electronics shopping pe shopping kiyaa 1279 rs. karcha cash se,1279,shopping,cash,,
Mobile recharge INR 38108,38108,utilities,card,,
4169 rs. die online course subscription ke liye upi se,4169,education,upi,,
aaj internet recharge ka 17360 rs ka bill upi se bharaa,17360,utilities,upi,,
gas bill payment ka bill 27255 rs. upi se bhra,27255,utilities,upi,,
online clothing store bill se 39608 ka saman liyaa upi se pay kiya,39608,shopping,upi,,
College fees payment INR 8333,8333,education,card,,
Gas bill payment INR 37423,37423,utilities,upi,,
Home loan EMI INR 26067,26067,emi,upi,,
Ola cab INR 25043,25043,travel,upi,,
Netflix subscription INR 319,319,entertainment,upi,,
Cafe coffee INR 22265,22265,food,upi,,
20723 rs. kharchaa kia netflix subscription pe cash se,20723,entertainment,cash,,
zomato dinner ka khana 34026 rupye me aaya upi se diy,34026,food,upi,,
Medical test charges INR 20601,20601,healthcare,cash,,
Electricity bill payment INR 5999,5999,utilities,card,,
movie ticket booking ka ticket 42274 rupay me liya card se,42274,entertainment,card,,
library fee ka course 31804 rupaye me liyaa cash se pay kiya,31804,education,cash,,
Personal loan installment INR 44436,44436,emi,upi,,
Flipkart order INR 15783,15783,shopping,cash,,
test transaction do not process,-5000,misc,ccard,,
gas bill payment recharge kya 1431 rupye upi se,1431,utilities,upi,,
padhai ke liye college fees payment pe 27948 rupye khrcha kiya cash se,27948,education,cash,,
exam fee ka course 39173 rs me lia card se pay kiyaa,39173,education,card,,
5975 rupaiye ka order diye amazon purchase pe cash se,5975,shopping,cash,,
Water bill INR 46770,46770,utilities,cash,,
food court payment ka khana 14551 rupay me aaya card se die,14551,food,card,,
electronics shopping pe shopping kia 39208 rupye kharcha cash se,39208,shopping,cash,,
netflix subscription dekha 16651 rupay lga upi se diyee,16651,entertainment,upi,,
Mutual fund SIP INR 30252,30252,investment,card,,
library fee ka course 39485 rupye me lya card se pay kiyaa,39485,education,card,,
gas bill payment ka bill 22185 rupye upi se bharra,22185,utilities,upi,,
Cafe coffee INR 17311,17311,food,cash,,
electronics shopping pe shopping kiya 7526 rupay khrcha upi se,7526,shopping,upi,,
electronics shopping pe shopping kiyaa 42995 rs. kharcha cash se,42995,shopping,cash,,
Car loan EMI INR 27099,27099,emi,cash,,
crypto investment me 7118 rupay invest kiya upi se,7118,investment,upi,,
Amazon purchase INR 47591,47591,shopping,cash,,
Movie ticket booking INR 23726,23726,entertainment,upi,,
Electronics shopping INR 41328,41328,shopping,card,,
17942 rs ka order diyee electronics shopping pe cash se,17942,shopping,cash,,
padhai ke liye online course subscription pe 11005 rupye khrcha kia cash se,11005,education,cash,,
electricity bill payment ka bill 15647 rs. card se bharaa,15647,utilities,card,,
PPF contribution INR 48608,48608,investment,upi,,
Electricity bill payment INR 41585,41585,utilities,card,,
Exam fee INR 49083,49083,education,cash,,
aaj flight ticket booking lya 23747 rupaiye card se pay kia,23747,travel,card,,
loan ka personal loan installment 25795 rupye card se pay kiyaa,25795,emi,card,,
amazon purchase pe shopping kia 2502 rupay karcha card se,2502,shopping,card,,
29012 rupye ka water bill bill pay kya cash se,29012,utilities,cash,,
43702 rs. kharch kiyaa restaurant bill pe cash se,43702,food,cash,,
flipkart order pe shopping kiya 34474 rs. karcha upi se,34474,shopping,upi,,
Movie ticket booking INR 49060,49060,entertainment,upi,,
Mobile recharge INR 10863,10863,utilities,card,,
"swiggy order pe 26610 ka bill tha, upi se pay kiyaa",26610,food,upi,,
Flipkart order INR 47832,47832,shopping,upi,,
Medical test charges INR 40286,40286,healthcare,upi,,
hotel booking ki ticket 48231 rupaiye me book kia card se,48231,travel,card,,
Clothing store bill INR 31895,31895,shopping,cash,,
concert ticket ka ticket 21902 rupaye me liyaa card se,21902,entertainment,card,,
Gas bill payment INR 35943,35943,utilities,cash,,
Restaurant bill INR 45157,45157,food,upi,,
Internet recharge INR 26991,26991,utilities,upi,,
Water bill INR 42907,42907,utilities,upi,,
Gas bill payment INR 10572,10572,utilities,upi,,
Bike loan EMI INR 32889,32889,emi,card,,
25140 rupaiye ka gas bill payment bill pay kya cash se,25140,utilities,cash,,
Fixed deposit investment INR 9720,9720,investment,upi,,
Concert ticket INR 45288,45288,entertainment,card,,
gas bill payment recharge kiya 42845 rupye upi se,42845,utilities,upi,,
7631 rupay fixed deposit investment me daale card se,7631,investment,card,,
bus ticket ki ticket 11107 rupay me book kia card se,11107,travel,card,,
17118 rs. ka order diyee online shopping payment pe upi se,17118,shopping,upi,,
mobile recharge recharge kia 34332 rupye upi se,34332,utilities,upi,,
Netflix subscription INR 2553,2553,entertainment,cash,,
Electricity bill payment INR 40994,40994,utilities,upi,,
Pharmacy medicine purchase INR 10702,10702,healthcare,card,,
27751 rupaye diy library fee ke liye upi se,27751,education,upi,,
netflix subscription ka ticket 6162 rupaiye me liya upi se,6162,entertainment,upi,,
uber ride ka kiraya 22900 rs. diyee cash se,22900,travel,cash,,
personal loan installment EMI 40434 rupaiye kat gaye upi se,40434,emi,upi,,
medical test charges pe 21850 rupaye kharcha hui davai pe cash se,21850,healthcare,cash,,
Hospital bill INR 43111,43111,healthcare,upi,,
Car loan EMI INR 22081,22081,emi,card,,
Pharmacy medicine purchase INR 41490,41490,healthcare,upi,,
padhai ke liye exam fee pe 15131 rupaiye kharch kiyaa upi se,15131,education,upi,,
38357 rupaiye ka personal loan installment installment card se diy,38357,emi,card,,
College fees payment INR 23716,23716,education,cash,,
Flight ticket booking INR 5157,5157,travel,upi,,
online online shopping payment se 49133 ka saman liya cash se pay kiya,49133,shopping,cash,,
clothing store bill se 25745 rupaye ka shopping kiya card se,25745,shopping,card,,
aaj food court payment se khana order kya 28214 rupaiye card se diy,28214,food,card,,
Internet recharge INR 19884,19884,utilities,cash,,
Clothing store bill INR 35544,35544,shopping,card,,
Bike loan EMI INR 2411,2411,emi,upi,,
restaurant bill ka khana 31012 rs. me aaya cash se diy,31012,food,cash,,
Mobile recharge INR 19440,19440,utilities,card,,
fixed deposit investment ka SIP 48671 rupay cash se bharra,48671,investment,cash,,
Food court payment INR 2160,2160,food,cash,,
Electronics shopping INR 35118,35118,shopping,cash,,
lunch at hotel ka khana 31681 rs me aaya card se diy,31681,food,card,,
48547 rs ka water bill bill pay kia upi se,48547,utilities,upi,,
flipkart order se 30021 rs ka shopping kiya upi se,30021,shopping,upi,,
46204 rupaye khrcha kiya pizza delivery pe cash se,46204,food,cash,,
aaj swiggy order se khana order kya 26068 rs upi se diy,26068,food,upi,,
doctor ke yahan 20785 rupaye lga cash se diy,20785,healthcare,cash,,
5391 rupaiye ka personal loan installment installment upi se diyee,5391,emi,upi,,
Car loan EMI INR 10851,10851,emi,cash,,
24980 rupaye diy online course subscription ke liye card se,24980,education,card,,
stock purchase me 3376 rupay invest kia upi se,3376,investment,upi,,
6787 rs. ka car loan emi installment card se die,6787,emi,card,,
18544 rs karcha kya zomato dinner pe upi se,18544,food,upi,,
netflix subscription ka ticket 8296 rupay me liya upi se,8296,entertainment,upi,,
gas bill payment recharge kya 17191 rupaye card se,17191,utilities,card,,
Clothing store bill INR 44114,44114,shopping,card,,
Movie ticket booking INR 25505,25505,entertainment,cash,,
26514 rs ka order diyee clothing store bill pe cash se,26514,shopping,cash,,
Concert ticket INR 24539,24539,entertainment,upi,,
Food court payment INR 18024,18024,food,card,,
train ticket irctc ka kiraya 11010 rupay diy card se,11010,travel,card,,
aaj restaurant bill se khana order kiya 300 rupye cash se diyee,300,food,cash,,
Personal loan installment INR 30368,30368,emi,upi,,
Online course subscription INR 25434,25434,education,upi,,
17144 rupaiye ppf contribution me daale card se,17144,investment,card,,
Mutual fund SIP INR 23594,23594,investment,card,,
24584 rs ka mobile recharge bill pay kya card se,24584,utilities,card,,
concert ticket dekha 18600 rupaiye laga cash se diy,18600,entertainment,cash,,
pizza delivery ka khana 27901 rupaiye me aaya card se die,27901,food,card,,
medical test charges pe 43809 rupaye kharch hui davai pe upi se,43809,healthcare,upi,,
Exam fee INR 29353,29353,education,card,,
Stock purchase INR 30624,30624,investment,upi,,
Concert ticket INR 25012,25012,entertainment,cash,,
Electricity bill payment INR 41644,41644,utilities,cash,,
movie ticket booking dekha 29264 rs. lga card se diye,29264,entertainment,card,,
internet recharge recharge kia 40289 rupay card se,40289,utilities,card,,
"lunch at hotel pe 31657 ka bill tha, card se pay kiya",31657,food,card,,
aaj mobile recharge ka 25910 rs. ka bill card se bhra,25910,utilities,card,,
Car loan EMI INR 42810,42810,emi,upi,,
aaj restaurant bill se khana order kiyaa 2873 rs. cash se diy,2873,food,cash,,
food court payment me 6585 rs ka khana khaya upi se,6585,food,upi,,
online shopping payment pe shopping kiya 4636 rupaye khrcha card se,4636,shopping,card,,
Pharmacy medicine purchase INR 39614,39614,healthcare,card,,
movie ticket booking dekha 38562 rupaiye lga upi se die,38562,entertainment,upi,,
Amazon purchase INR 18586,18586,shopping,card,,
doctor consultation pe 7624 rs karcha hui davai pe card se,7624,healthcare,card,,
flight ticket booking ka kiraya 11752 rs die card se,11752,travel,card,,
gas bill payment recharge kiyaa 12740 rupaiye card se,12740,utilities,card,,
Messy outlier tx csh,five hundred,,UPIID123,,
PPF contribution INR 45860,45860,investment,cash,,
Hotel booking INR 40076,40076,travel,upi,,
aaj bus ticket lia 28299 rupye card se pay kya,28299,travel,card,,
Food court payment INR 38825,38825,food,cash,,
Credit card EMI INR 14126,14126,emi,card,,
Medical test charges INR 43809,43809,healthcare,upi,,
credit card emi ki EMI 34815 rupay cash se bhara,34815,emi,cash,,
electronics shopping pe shopping kya 47091 rupaye kharch card se,47091,shopping,card,,
aaj uber ride liyaa 27895 rupye cash se pay kiya,27895,travel,cash,,
Doctor consultation INR 20026,20026,healthcare,cash,,
Food court payment INR 27240,27240,food,upi,,
Hospital bill INR 32281,32281,healthcare,card,,
Zomato dinner INR 29022,29022,food,upi,,
Hospital bill INR 24602,24602,healthcare,card,,
loan ka personal loan installment 3953 rupay cash se pay kiya,3953,emi,cash,,
zomato dinner me 17264 rupaiye ka khana khaaya cash se,17264,food,cash,,
train ticket irctc ka kiraya 39157 rupay diyee card se,39157,travel,card,,
Car loan EMI INR 30271,30271,emi,card,,
36809 rupaiye diye library fee ke liye cash se,36809,education,cash,,
movie ticket booking ka ticket 21923 rs. me liyaa upi se,21923,entertainment,upi,,
Bike loan EMI INR 42678,42678,emi,card,,
bus ticket ka kiraya 23569 rs. diy upi se,23569,travel,upi,,
,-100,blabla,UPIID123,,EDA test row
Clothing store bill INR 25745,25745,shopping,card,,
Netflix subscription INR 6162,6162,entertainment,upi,,
Netflix subscription INR 37421,37421,entertainment,card,,
Exam fee INR 46968,46968,education,upi,,
41027 rupaiye ka order die clothing store bill pe upi se,41027,shopping,upi,,
Electronics shopping INR 41710,41710,shopping,cash,,
game purchase dekha 13930 rs. laga cash se diyee,13930,entertainment,cash,,
movie ticket booking dekha 16972 rupay laga upi se die,16972,entertainment,upi,,
electronics shopping se 49363 rupaye ka shopping kiyaa card se,49363,shopping,card,,
padhai ke liye college fees payment pe 41161 rupaiye karcha kiya card se,41161,education,card,,
doctor ke yahan 12386 rs. lagaa cash se diyee,12386,healthcare,cash,,
Hotel booking INR 30393,30393,travel,card,,
aaj mobile recharge ka 8338 rupay ka bill upi se bhra,8338,utilities,upi,,
home loan emi ki EMI 14750 rupaiye cash se bhara,14750,emi,cash,,
Pharmacy medicine purchase INR 14492,14492,healthcare,card,,
mobile recharge recharge kya 10863 rupay card se,10863,utilities,card,,
Gas bill payment INR 13090,13090,utilities,upi,,
bus ticket ki ticket 26515 rs. me book kiya card se,26515,travel,card,,
Personal loan installment INR 10299,10299,emi,cash,,
concert ticket ka ticket 24411 rupay me lya upi se,24411,entertainment,upi,,
Mutual fund SIP INR 5070,5070,investment,cash,,
Exam fee INR 12354,12354,education,cash,,
doctor consultation me 27183 rs. kharcha hua upi se diyee,27183,healthcare,upi,,
pharmacy medicine purchase me 28260 rs. kharch hua cash se diy,28260,healthcare,cash,,
movie ticket booking ka ticket 22911 rupaiye me lya upi se,22911,entertainment,upi,,
electricity bill payment recharge kya 35105 rs upi se,35105,utilities,upi,,
food court payment me 14551 rupye ka khana khaya card se,14551,food,card,,
concert ticket dekha 7833 rs. laga upi se die,7833,entertainment,upi,,
PPF contribution INR 31847,31847,investment,card,,
doctor consultation pe 8747 rs. khrcha hui davai pe upi se,8747,healthcare,upi,,
flipkart order pe shopping kiyaa 16263 rupye kharch cash se,16263,shopping,cash,,
padhai ke liye online course subscription pe 30903 rupaye kharcha kia card se,30903,education,card,,
bike loan emi EMI 32889 rs. kat gaye card se,32889,emi,card,,
online shopping payment se 1118 rs ka shopping kya upi se,1118,shopping,upi,,
pharmacy medicine purchase me 580 rs karcha hua card se diy,580,healthcare,card,,
Electricity bill payment INR 11938,11938,utilities,upi,,
doctor ke yahan 39961 rupye lgaa upi se die,39961,healthcare,upi,,
Stock purchase INR 24602,24602,investment,upi,,
Credit card EMI INR 45387,45387,emi,upi,,
ppf contribution me 1690 rupaye invest kya upi se,1690,investment,upi,,
Electronics shopping INR 35042,35042,shopping,upi,,
library fee ka course 45087 rupaye me liyaa cash se pay kya,45087,education,cash,,
35011 rs. kharchaa kiya cafe coffee pe upi se,35011,food,upi,,
personal loan installment ki EMI 38368 rupaye upi se bharaa,38368,emi,upi,,
Mutual fund SIP INR 867,867,investment,upi,,
aaj uber ride liyaa 35271 rs cash se pay kiya,35271,travel,cash,,
Messy outlier tx unknown,-100,1234,UPIID123,NaN,
Concert ticket INR 14680,14680,entertainment,card,,
Uber ride INR 44447,44447,travel,upi,,
Concert ticket INR 23643,23643,entertainment,upi,,
Stock purchase INR 1045,1045,investment,card,,
Flipkart order INR 1959,1959,shopping,cash,,
Doctor consultation INR 1935,1935,healthcare,card,,
bike loan emi EMI 38540 rs. kat gaye cash se,38540,emi,cash,,
Medical test charges INR 43145,43145,healthcare,card,,
flight ticket booking ka kiraya 29041 rupaye diy upi se,29041,travel,upi,,
library fee ki fees 28891 rupye cash se bharaa,28891,education,cash,,
amazon purchase se 16313 rupaiye ka shopping kia card se,16313,shopping,card,,
gas bill payment recharge kiya 11766 rupaye upi se,11766,utilities,upi,,
Train ticket IRCTC INR 18636,18636,travel,upi,,
doctor consultation pe 45123 rupaiye khrcha hui davai pe card se,45123,healthcare,card,,
Pharmacy medicine purchase INR 31726,31726,healthcare,cash,,
Messy outlier tx ccard,0,,unknown,,
online course subscription ki fees 4104 rs. card se bharra,4104,education,card,,
Ola cab INR 25492,25492,travel,upi,,
doctor consultation me 3077 rupaiye karcha hua cash se diyee,3077,healthcare,cash,,
15930 rs kharchaa kiya movie ticket booking pe card se,15930,entertainment,card,,
food court payment ka khana 28214 rupaye me aaya card se diye,28214,food,card,,
aaj mobile recharge ka 30049 rupaiye ka bill upi se bharaa,30049,utilities,upi,,
game purchase dekha 14763 rupye lgaa card se die,14763,entertainment,card,,
restaurant bill me 25187 rupaiye ka khana khaaya cash se,25187,food,cash,,
Car loan EMI INR 3240,3240,emi,upi,,
Electronics shopping INR 13168,13168,shopping,upi,,
"zomato dinner pe 10493 ka bill tha, cash se pay kya",10493,food,cash,,
zomato dinner ka khana 5961 rupaye me aaya card se diyee,5961,food,card,,
3165 rs. ka order diy clothing store bill pe upi se,3165,shopping,upi,,
online course subscription ki fees 27698 rupaiye upi se bhra,27698,education,upi,,
movie ticket booking dekha 12414 rupaye lgaa cash se diye,12414,entertainment,cash,,
aaj gas bill payment ka 13785 rupay ka bill upi se bharaa,13785,utilities,upi,,
Bike loan EMI INR 18417,18417,emi,cash,,
Credit card EMI INR 23724,23724,emi,cash,,
Stock purchase INR 26063,26063,investment,cash,,
Hospital bill INR 36898,36898,healthcare,card,,
Library fee INR 7422,7422,education,cash,,
Game purchase INR 40725,40725,entertainment,upi,,
aaj train ticket irctc lia 29881 rupaye upi se pay kya,29881,travel,upi,,
online online shopping payment se 21177 ka saman lia upi se pay kiyaa,21177,shopping,upi,,
Concert ticket INR 36962,36962,entertainment,cash,,
Mutual fund SIP INR 26827,26827,investment,cash,,
39175 rs ka pharmacy medicine purchase bill aaya card se pay kya,39175,healthcare,card,,
aaj gas bill payment ka 28119 rupaye ka bill card se bhara,28119,utilities,card,,
Zomato dinner INR 27674,27674,food,cash,,
mutual fund sip ka SIP 22206 rupye card se bharaa,22206,investment,card,,
8408 rupye lgaa flight ticket booking me upi se die,8408,travel,upi,,
padhai ke liye library fee pe 17036 rupaye kharch kya upi se,17036,education,upi,,
doctor ke yahan 1037 rs. lga card se diye,1037,healthcare,card,,
bike loan emi EMI 47671 rs. kat gaye cash se,47671,emi,cash,,
netflix subscription ka subscription 25294 rupaye upi se renew kiya,25294,entertainment,upi,,
hospital bill me 32689 rupaiye karcha hua upi se diye,32689,healthcare,upi,,
41025 rupay ka gas bill payment bill pay kiya card se,41025,utilities,card,,
Water bill INR 895,895,utilities,cash,,
47659 rs diy library fee ke liye upi se,47659,education,upi,,
6859 rupaye lgaa hotel booking me card se diye,6859,travel,card,,
crypto investment me 47094 rs invest kia upi se,47094,investment,upi,,
Internet recharge INR 5277,5277,utilities,cash,,
Internet recharge INR 16235,16235,utilities,card,,
aaj food court payment se khana order kiyaa 2044 rupaiye upi se diyee,2044,food,upi,,
aaj cafe coffee se khana order kia 27812 rs. cash se diy,27812,food,cash,,
Medical test charges INR 20876,20876,healthcare,card,,
37152 rs khrcha kiyaa movie ticket booking pe card se,37152,entertainment,card,,
Game purchase INR 14802,14802,entertainment,cash,,
online clothing store bill se 31895 ka saman liyaa cash se pay kiya,31895,shopping,cash,,
netflix subscription dekha 433 rs. lga upi se diye,433,entertainment,upi,,
bike loan emi ki EMI 9249 rupaye cash se bharra,9249,emi,cash,,
Internet recharge INR 20826,20826,utilities,card,,
Cafe coffee INR 18341,18341,food,cash,,
college fees payment ki fees 31636 rupaye card se bhara,31636,education,card,,
Home loan EMI INR 14764,14764,emi,card,,
Medical test charges INR 2960,2960,healthcare,card,,
Ola cab INR 505,505,travel,cash,,
stock purchase ka SIP 23337 rupye cash se bhra,23337,investment,cash,,
37674 rupaye lga flight ticket booking me cash se die,37674,travel,cash,,
Mobile recharge INR 15699,15699,utilities,cash,,
Flight ticket booking INR 23747,23747,travel,card,,
Electronics shopping INR 8627,8627,shopping,upi,,
Exam fee INR 10008,10008,education,cash,,
loan ka bike loan emi 38103 rs cash se pay kiyaa,38103,emi,cash,,
25492 rs lagaa ola cab me upi se diy,25492,travel,upi,,
pharmacy medicine purchase me 8425 rupaye khrcha hua card se diyee,8425,healthcare,card,,
Crypto investment INR 44613,44613,investment,card,,
doctor ke yahan 40388 rupaye laga card se die,40388,healthcare,card,,
college fees payment ka course 12663 rupay me liyaa cash se pay kia,12663,education,cash,,
501 rupaye diye college fees payment ke liye cash se,501,education,cash,,
exam fee ki fees 22894 rupay cash se bhara,22894,education,cash,,
aaj electricity bill payment ka 35073 rs. ka bill cash se bharra,35073,utilities,cash,,
Internet recharge INR 11890,11890,utilities,cash,,
"zomato dinner pe 39930 ka bill tha, cash se pay kiya",39930,food,cash,,
College fees payment INR 49138,49138,education,card,,
Home loan EMI INR 46656,46656,emi,upi,,
aaj gas bill payment ka 9079 rs. ka bill card se bharra,9079,utilities,card,,
Train ticket IRCTC INR 32406,32406,travel,upi,,
aaj mutual fund sip me 49527 rupay lagaye cash se,49527,investment,cash,,
Bus ticket INR 21892,21892,travel,cash,,
doctor ke yahan 8187 rupaiye lgaa upi se diy,8187,healthcare,upi,,
online shopping payment se 7983 rupaiye ka shopping kya upi se,7983,shopping,upi,,
45583 rs. ppf contribution me daale cash se,45583,investment,cash,,
hospital bill pe 40450 rupaiye khrcha hui davai pe upi se,40450,healthcare,upi,,
Exam fee INR 29505,29505,education,card,,
30618 rs. diye college fees payment ke liye upi se,30618,education,upi,,
Ola cab INR 19093,19093,travel,card,,
loan ka car loan emi 21693 rs card se pay kia,21693,emi,card,,
online online shopping payment se 4399 ka saman liyaa cash se pay kya,4399,shopping,cash,,
Netflix subscription INR 43747,43747,entertainment,card,,
pharmacy medicine purchase pe 29773 rs. kharchaa hui davai pe upi se,29773,healthcare,upi,,
Pharmacy medicine purchase INR 30095,30095,healthcare,card,,
college fees payment ka course 30618 rupay me liyaa upi se pay kya,30618,education,upi,,
aaj train ticket irctc lya 16122 rs. cash se pay kiya,16122,travel,cash,,
college fees payment ki fees 27948 rupay cash se bhara,27948,education,cash,,
Netflix subscription INR 37523,37523,entertainment,card,,
Flight ticket booking INR 45838,45838,travel,upi,,
Hospital bill INR 16715,16715,healthcare,upi,,
Restaurant bill INR 7341,7341,food,cash,,
Crypto investment INR 1449,1449,investment,upi,,
online amazon purchase se 24813 ka saman lya upi se pay kya,24813,shopping,upi,,
Electricity bill payment INR 15647,15647,utilities,card,,
Flipkart order INR 9848,9848,shopping,cash,,
movie ticket booking ka ticket 23919 rs. me liyaa cash se,23919,entertainment,cash,,
bus ticket ki ticket 11122 rs. me book kya upi se,11122,travel,upi,,
electricity bill payment ka bill 44217 rupay upi se bhra,44217,utilities,upi,,
Uber ride INR 11240,11240,travel,cash,,
37826 rupaye ka order diy clothing store bill pe upi se,37826,shopping,upi,,
zomato dinner me 17206 rupay ka khana khaaya cash se,17206,food,cash,,
electronics shopping se 16665 rupye ka shopping kiya cash se,16665,shopping,cash,,
35405 rupaye ka hospital bill bill aaya card se pay kia,35405,healthcare,card,,
30145 rs ka home loan emi installment upi se die,30145,emi,upi,,
amazon purchase se 28502 rupaiye ka shopping kiya card se,28502,shopping,card,,
"restaurant bill pe 39828 ka bill tha, card se pay kiyaa",39828,food,card,,
Movie ticket booking INR 18702,18702,entertainment,upi,,
Car loan EMI INR 34036,34036,emi,card,,
Electricity bill payment INR 5974,5974,utilities,upi,,
Electronics shopping INR 23877,23877,shopping,cash,,
Pizza delivery INR 17308,17308,food,cash,,
Mutual fund SIP INR 17752,17752,investment,cash,,
Mutual fund SIP INR 23788,23788,investment,card,,
Concert ticket INR 36845,36845,entertainment,cash,,
concert ticket dekha 27935 rs. lgaa upi se diye,27935,entertainment,upi,,
48478 rs. ka bike loan emi installment upi se diye,48478,emi,upi,,
Concert ticket INR 374,374,entertainment,card,,
Car loan EMI INR 34415,34415,emi,upi,,
Library fee INR 36913,36913,education,card,,
Ola cab INR 2635,2635,travel,cash,,
fixed deposit investment me 29666 rupye invest kiya upi se,29666,investment,upi,,
College fees payment INR 8326,8326,education,card,,
online course subscription ka course 19277 rupaiye me liya cash se pay kiya,19277,education,cash,,
Water bill INR 29117,29117,utilities,upi,,
fixed deposit investment ka SIP 6145 rs cash se bhara,6145,investment,cash,,
library fee ka course 17884 rupay me lya card se pay kya,17884,education,card,,
electricity bill payment ka bill 29054 rupaye upi se bhra,29054,utilities,upi,,
Food court payment INR 31721,31721,food,cash,,
aaj gas bill payment ka 9327 rupaye ka bill cash se bharra,9327,utilities,cash,,
Doctor consultation INR 10767,10767,healthcare,card,,
aaj fixed deposit investment me 27078 rupaiye lagaye cash se,27078,investment,cash,,
aaj crypto investment me 33358 rupaye lagaye cash se,33358,investment,cash,,
college fees payment ki fees 16296 rupaiye upi se bhra,16296,education,upi,,
padhai ke liye college fees payment pe 31636 rupaye kharchaa kya card se,31636,education,card,,
Electricity bill payment INR 30742,30742,utilities,card,,
Internet recharge INR 11822,11822,utilities,cash,,
Water bill INR 43970,43970,utilities,cash,,
padhai ke liye exam fee pe 27495 rupye kharchaa kiya card se,27495,education,card,,
fixed deposit investment me 7112 rupaiye invest kia cash se,7112,investment,cash,,
Bus ticket INR 1343,1343,travel,card,,
movie ticket booking ka ticket 25188 rupye me liya card se,25188,entertainment,card,,
College fees payment INR 38858,38858,education,card,,
flight ticket booking ki ticket 17108 rupaye me book kiya cash se,17108,travel,cash,,
6098 rupye ka order diy amazon purchase pe card se,6098,shopping,card,,
Food court payment INR 14271,14271,food,cash,,
College fees payment INR 25267,25267,education,upi,,
Car loan EMI INR 40478,40478,emi,cash,,
netflix subscription dekha 27710 rupye laga upi se diyee,27710,entertainment,upi,,
home loan emi EMI 35959 rupaiye kat gaye card se,35959,emi,card,,
Movie ticket booking INR 25810,25810,entertainment,card,,
3714 rs ka hospital bill bill aaya cash se pay kia,3714,healthcare,cash,,
Credit card EMI INR 23158,23158,emi,upi,,
fixed deposit investment me 32603 rupaiye invest kiyaa cash se,32603,investment,cash,,
Internet recharge INR 29616,29616,utilities,cash,,
Home loan EMI INR 23614,23614,emi,cash,,
water bill ka bill 14032 rupye cash se bharaa,14032,utilities,cash,,
Hotel booking INR 3420,3420,travel,upi,,
33540 rupye die library fee ke liye card se,33540,education,card,,
amazon purchase se 2074 rupaye ka shopping kiya upi se,2074,shopping,upi,,
Hospital bill INR 5693,5693,healthcare,cash,,
aaj food court payment se khana order kia 16634 rupaiye cash se die,16634,food,cash,,
bike loan emi ki EMI 18417 rs cash se bhara,18417,emi,cash,,
Clothing store bill INR 11444,11444,shopping,card,,
Netflix subscription INR 26325,26325,entertainment,cash,,
Online course subscription INR 16715,16715,education,cash,,
30049 rupay ka mobile recharge bill pay kiyaa upi se,30049,utilities,upi,,
gas bill payment ka bill 27948 rupye upi se bharra,27948,utilities,upi,,
Bike loan EMI INR 40892,40892,emi,upi,,
Zomato dinner INR 19750,19750,food,card,,
19934 rupye diye exam fee ke liye cash se,19934,education,cash,,
mutual fund sip me 25243 rupaiye invest kiyaa upi se,25243,investment,upi,,
movie ticket booking dekha 24704 rupaiye lgaa upi se diye,24704,entertainment,upi,,
netflix subscription ka subscription 47586 rs card se renew kiyaa,47586,entertainment,card,,
7448 rupaye lagaa train ticket irctc me upi se diye,7448,travel,upi,,
padhai ke liye library fee pe 19008 rupye karcha kya upi se,19008,education,upi,,
aaj crypto investment me 45893 rs lagaye upi se,45893,investment,upi,,
36068 rupay lagaa uber ride me card se diy,36068,travel,card,,
28623 rs. ka order die clothing store bill pe cash se,28623,shopping,cash,,
online flipkart order se 11624 ka saman liya cash se pay kia,11624,shopping,cash,,
323 rupye ka car loan emi installment card se diy,323,emi,card,,
Electricity bill payment INR 30172,30172,utilities,upi,,
hospital bill me 531 rupaye karcha hua upi se diy,531,healthcare,upi,,
doctor consultation me 1732 rupaye kharchaa hua upi se die,1732,healthcare,upi,,
39137 rupye ka medical test charges bill aaya card se pay kia,39137,healthcare,card,,
fixed deposit investment me 37429 rupay invest kya cash se,37429,investment,cash,,
"zomato dinner pe 44483 ka bill tha, cash se pay kia",44483,food,cash,,
aaj water bill ka 895 rupaye ka bill cash se bharaa,895,utilities,cash,,
college fees payment ki fees 25534 rupay upi se bhra,25534,education,upi,,
internet recharge recharge kya 31454 rs. cash se,31454,utilities,cash,,
swiggy order me 19333 rupay ka khana khaya cash se,19333,food,cash,,
gas bill payment recharge kiyaa 14827 rs. upi se,14827,utilities,upi,,
stock purchase me 33304 rupaiye invest kya cash se,33304,investment,cash,,
15134 rs. kharch kia concert ticket pe card se,15134,entertainment,card,,
electronics shopping pe shopping kiya 1669 rupaiye kharch cash se,1669,shopping,cash,,
mobile recharge recharge kiya 24584 rupay card se,24584,utilities,card,,
flight ticket booking ki ticket 26143 rupay me book kia cash se,26143,travel,cash,,
Credit card EMI INR 44190,44190,emi,card,,
Mutual fund SIP INR 37591,37591,investment,upi,,
online clothing store bill se 15482 ka saman liyaa upi se pay kiyaa,15482,shopping,upi,,
fixed deposit investment me 19919 rupaiye invest kya upi se,19919,investment,upi,,
31388 rs. stock purchase me daale card se,31388,investment,card,,
zomato dinner me 11245 rs ka khana khayaa upi se,11245,food,upi,,
Game purchase INR 28738,28738,entertainment,upi,,
Stock purchase INR 24554,24554,investment,card,,
concert ticket dekha 4773 rupay lagaa upi se diye,4773,entertainment,upi,,
Online course subscription INR 29985,29985,education,cash,,
car loan emi EMI 12240 rupay kat gaye upi se,12240,emi,upi,,
ola cab ka kiraya 42331 rs diyee card se,42331,travel,card,,
Lunch at hotel INR 24900,24900,food,card,,
34148 rupye laga bus ticket me card se die,34148,travel,card,,
Electricity bill payment INR 24224,24224,utilities,cash,,
30528 rupaye ka order die electronics shopping pe cash se,30528,shopping,cash,,
<script>alert('xss')</script>,,misc,UPIID123,,
movie ticket booking ka ticket 24630 rs me lia card se,24630,entertainment,card,,
crypto investment me 24978 rupaye invest kiya cash se,24978,investment,cash,,
7561 rupye ka order diyee flipkart order pe upi se,7561,shopping,upi,,
medical test charges me 45014 rs khrcha hua card se diy,45014,healthcare,card,,
32397 rupye ka home loan emi installment cash se die,32397,emi,cash,,
online clothing store bill se 47901 ka saman liyaa upi se pay kiya,47901,shopping,upi,,
Library fee INR 2380,2380,education,card,,
pizza delivery ka khana 7360 rs. me aaya upi se diy,7360,food,upi,,
Hotel booking INR 26129,26129,travel,cash,,
netflix subscription ka ticket 25638 rupay me liya cash se,25638,entertainment,cash,,
Doctor consultation INR 29282,29282,healthcare,upi,,
Flipkart order INR 34577,34577,shopping,upi,,
44178 rupaye ka doctor consultation bill aaya upi se pay kiya,44178,healthcare,upi,,
Restaurant bill INR 34963,34963,food,card,,
home loan emi ki EMI 33876 rupye upi se bhra,33876,emi,upi,,
Netflix subscription INR 22985,22985,entertainment,card,,
Hotel booking INR 7258,7258,travel,upi,,
bus ticket ka kiraya 33860 rupye diyee card se,33860,travel,card,,
Electricity bill payment INR 6047,6047,utilities,card,,
Home loan EMI INR 3590,3590,emi,cash,,
game purchase ka subscription 9851 rupaye upi se renew kiya,9851,entertainment,upi,,
padhai ke liye college fees payment pe 26976 rupaye kharchaa kya cash se,26976,education,cash,,
medical test charges pe 37538 rupay khrcha hui davai pe cash se,37538,healthcare,cash,,
loan ka personal loan installment 44553 rupaye upi se pay kiya,44553,emi,upi,,
loan ka home loan emi 24074 rs card se pay kiyaa,24074,emi,card,,
Crypto investment INR 17828,17828,investment,cash,,
movie ticket booking dekha 28234 rupaye laga cash se die,28234,entertainment,cash,,
Hotel booking INR 6088,6088,travel,upi,,
Internet recharge INR 25831,25831,utilities,upi,,
padhai ke liye college fees payment pe 12431 rupay kharch kya cash se,12431,education,cash,,
29616 rupaye ka internet recharge bill pay kiya cash se,29616,utilities,cash,,
bus ticket ka kiraya 18298 rupay diye cash se,18298,travel,cash,,
Pizza delivery INR 44063,44063,food,card,,
Online course subscription INR 34201,34201,education,cash,,
crypto investment ka SIP 45710 rupye upi se bharra,45710,investment,upi,,
Electricity bill payment INR 20791,20791,utilities,upi,,
College fees payment INR 9478,9478,education,upi,,
Movie ticket booking INR 36416,36416,entertainment,cash,,
33527 rupye ka water bill bill pay kya cash se,33527,utilities,cash,,
College fees payment INR 31636,31636,education,card,,
exam fee ki fees 26811 rupaiye cash se bhara,26811,education,cash,,
aaj flight ticket booking liyaa 5546 rupye card se pay kia,5546,travel,card,,
Personal loan installment INR 46233,46233,emi,card,,
Personal loan installment INR 4835,4835,emi,card,,
loan ka bike loan emi 9065 rs cash se pay kiya,9065,emi,cash,,
game purchase ka ticket 10115 rupaye me liya cash se,10115,entertainment,cash,,
College fees payment INR 726,726,education,card,,
14584 rupaiye ka order diy flipkart order pe card se,14584,shopping,card,,
33132 rs. diyee library fee ke liye cash se,33132,education,cash,,
Clothing store bill INR 20837,20837,shopping,cash,,
water bill recharge kia 40559 rs. card se,40559,utilities,card,,
water bill ka bill 19159 rupaye upi se bharra,19159,utilities,upi,,
19891 rs ka water bill bill pay kiyaa cash se,19891,utilities,cash,,
credit card emi ki EMI 45012 rs. card se bhra,45012,emi,card,,
Exam fee INR 25148,25148,education,cash,,
Mobile recharge INR 2749,2749,utilities,cash,,
clothing store bill pe shopping kiya 1349 rs. kharch upi se,1349,shopping,upi,,
doctor consultation pe 4611 rupye khrcha hui davai pe upi se,4611,healthcare,upi,,
Internet recharge INR 9745,9745,utilities,upi,,
Medical test charges INR 9367,9367,healthcare,upi,,
Cafe coffee INR 25210,25210,food,upi,,
home loan emi ki EMI 41887 rupay cash se bhra,41887,emi,cash,,
internet recharge ka bill 10176 rupay card se bharaa,10176,utilities,card,,
Home loan EMI INR 31475,31475,emi,cash,,
bus ticket ka kiraya 37942 rupaiye diyee upi se,37942,travel,upi,,
padhai ke liye college fees payment pe 43809 rupaye khrcha kia cash se,43809,education,cash,,
aaj water bill ka 7041 rupay ka bill upi se bharaa,7041,utilities,upi,,
electricity bill payment ka bill 4711 rs. card se bhara,4711,utilities,card,,
Netflix subscription INR 30396,30396,entertainment,upi,,
water bill ka bill 43004 rupay cash se bharra,43004,utilities,cash,,
NaN,NaN,misc,bitcoin,,
Library fee INR 32736,32736,education,card,,
47832 rs. ka order diy flipkart order pe upi se,47832,shopping,upi,,
water bill recharge kiya 27329 rupay card se,27329,utilities,card,,
23001 rs. ka order diy flipkart order pe cash se,23001,shopping,cash,,
electronics shopping se 24762 rupaiye ka shopping kia card se,24762,shopping,card,,
7966 rupaye karcha kia zomato dinner pe card se,7966,food,card,,
home loan emi ki EMI 19615 rupaye upi se bhara,19615,emi,upi,,
Online shopping payment INR 24262,24262,shopping,card,,
online flipkart order se 14584 ka saman liyaa card se pay kiyaa,14584,shopping,card,,
Concert ticket INR 4589,4589,entertainment,upi,,
hotel booking ka kiraya 40076 rupye diyee upi se,40076,travel,upi,,
Library fee INR 48494,48494,education,upi,,
16122 rupye lgaa train ticket irctc me cash se diyee,16122,travel,cash,,
Movie ticket booking INR 39259,39259,entertainment,cash,,
electronics shopping se 35118 rs. ka shopping kia cash se,35118,shopping,cash,,
Game purchase INR 18101,18101,entertainment,upi,,
14604 rs. kharcha kiya netflix subscription pe cash se,14604,entertainment,cash,,
Movie ticket booking INR 9710,9710,entertainment,cash,,
fixed deposit investment me 19730 rupye invest kya card se,19730,investment,card,,
stock purchase me 43998 rupaye invest kiya cash se,43998,investment,cash,,
water bill recharge kiya 29161 rs card se,29161,utilities,card,,
Water bill INR 36512,36512,utilities,upi,,
49431 rupay karcha kya netflix subscription pe cash se,49431,entertainment,cash,,
electricity bill payment ka bill 8408 rupaiye card se bhra,8408,utilities,card,,
aaj hotel booking lya 2662 rupaiye card se pay kia,2662,travel,card,,
Internet recharge INR 44254,44254,utilities,card,,
flight ticket booking ki ticket 9306 rupye me book kia cash se,9306,travel,cash,,
24084 rs ka credit card emi installment card se diyee,24084,emi,card,,
game purchase ka ticket 30331 rs. me lya card se,30331,entertainment,card,,
Mobile recharge INR 29124,29124,utilities,cash,,
"food court payment pe 31649 ka bill tha, card se pay kya",31649,food,card,,
pizza delivery ka khana 29088 rupaiye me aaya card se diye,29088,food,card,,
3697 rupaiye diye library fee ke liye upi se,3697,education,upi,,
aaj flight ticket booking lya 13828 rupaiye cash se pay kya,13828,travel,cash,,
online amazon purchase se 4912 ka saman lia cash se pay kia,4912,shopping,cash,,
Bike loan EMI INR 16476,16476,emi,card,,
loan ka bike loan emi 26217 rupay upi se pay kiyaa,26217,emi,upi,,
Pizza delivery INR 20048,20048,food,card,,
doctor ke yahan 20050 rs lga card se diye,20050,healthcare,card,,
padhai ke liye college fees payment pe 5965 rs kharchaa kya cash se,5965,education,cash,,
49896 rs die college fees payment ke liye cash se,49896,education,cash,,
uber ride ka kiraya 11240 rupay die cash se,11240,travel,cash,,
loan ka car loan emi 13374 rupaiye card se pay kiyaa,13374,emi,card,,
33497 rs die college fees payment ke liye card se,33497,education,card,,
crypto investment me 37116 rupaye invest kiyaa card se,37116,investment,card,,
aaj mobile recharge ka 26243 rupaye ka bill upi se bhra,26243,utilities,upi,,
ppf contribution me 40619 rs invest kiya cash se,40619,investment,cash,,
9851 rupye karcha kia game purchase pe upi se,9851,entertainment,upi,,
internet recharge recharge kiya 5277 rupaye cash se,5277,utilities,cash,,
online shopping payment se 39393 rs ka shopping kya cash se,39393,shopping,cash,,
aaj ppf contribution me 32937 rupaiye lagaye upi se,32937,investment,upi,,
aaj mutual fund sip me 40850 rupaye lagaye upi se,40850,investment,upi,,
10294 rupaye khrcha kiyaa cafe coffee pe card se,10294,food,card,,
Lunch at hotel INR 15735,15735,food,upi,,
zomato dinner ka khana 5891 rs me aaya card se diyee,5891,food,card,,
online clothing store bill se 37826 ka saman liyaa upi se pay kiyaa,37826,shopping,upi,,
pharmacy medicine purchase me 29146 rupay kharch hua card se diy,29146,healthcare,card,,
Mutual fund SIP INR 19116,19116,investment,upi,,
hospital bill pe 20533 rupye kharcha hui davai pe card se,20533,healthcare,card,,
crypto investment me 46867 rupaye invest kiyaa upi se,46867,investment,upi,,
restaurant bill me 2873 rupaye ka khana khya cash se,2873,food,cash,,
train ticket irctc ka kiraya 32406 rs. die upi se,32406,travel,upi,,
47450 rupay diye exam fee ke liye upi se,47450,education,upi,,
electricity bill payment ka bill 27240 rs. card se bhra,27240,utilities,card,,
online electronics shopping se 36965 ka saman liyaa upi se pay kiya,36965,shopping,upi,,
medical test charges pe 38477 rs. karcha hui davai pe upi se,38477,healthcare,upi,,
aaj crypto investment me 24978 rupaiye lagaye cash se,24978,investment,cash,,
credit card emi EMI 36474 rupaiye kat gaye card se,36474,emi,card,,
22011 rupaiye diye college fees payment ke liye card se,22011,education,card,,
aaj electricity bill payment ka 35515 rupaye ka bill card se bhra,35515,utilities,card,,
Library fee INR 22571,22571,education,card,,
clothing store bill se 6460 rupay ka shopping kya cash se,6460,shopping,cash,,
Library fee INR 37277,37277,education,upi,,
aaj ola cab lya 44562 rs. upi se pay kiyaa,44562,travel,upi,,
movie ticket booking ka subscription 6229 rupaye cash se renew kiyaa,6229,entertainment,cash,,
Pharmacy medicine purchase INR 29599,29599,healthcare,upi,,
online shopping payment pe shopping kia 45731 rupaye khrcha card se,45731,shopping,card,,
restaurant bill ka khana 20167 rupaiye me aaya upi se diye,20167,food,upi,,
9789 rupaye diyee exam fee ke liye upi se,9789,education,upi,,
doctor consultation pe 3844 rupye karcha hui davai pe upi se,3844,healthcare,upi,,
Gas bill payment INR 26303,26303,utilities,upi,,
medical test charges pe 809 rupye kharch hui davai pe card se,809,healthcare,card,,
Internet recharge INR 15801,15801,utilities,upi,,
padhai ke liye exam fee pe 10277 rupaye kharchaa kiyaa cash se,10277,education,cash,,
personal loan installment ki EMI 4835 rupaiye card se bharra,4835,emi,card,,
Internet recharge INR 17874,17874,utilities,cash,,
lunch at hotel me 21906 rupay ka khana khayaa cash se,21906,food,cash,,
1995 rupye ka electricity bill payment bill pay kiyaa cash se,1995,utilities,cash,,
Fixed deposit investment INR 46466,46466,investment,cash,,
22269 rs die library fee ke liye upi se,22269,education,upi,,
personal loan installment EMI 7707 rs kat gaye cash se,7707,emi,cash,,
48247 rs. stock purchase me daale upi se,48247,investment,upi,,
Doctor consultation INR 27763,27763,healthcare,card,,
game purchase ka subscription 32168 rupaiye upi se renew kiya,32168,entertainment,upi,,
Movie ticket booking INR 5717,5717,entertainment,cash,,
aaj mutual fund sip me 11654 rupaye lagaye upi se,11654,investment,upi,,
39397 rs. ka order die electronics shopping pe card se,39397,shopping,card,,
19094 rupye khrcha kiya game purchase pe card se,19094,entertainment,card,,
movie ticket booking dekha 41387 rupaiye lgaa card se diyee,41387,entertainment,card,,
Personal loan installment INR 11182,11182,emi,cash,,
Hospital bill INR 19497,19497,healthcare,upi,,
Electronics shopping INR 5457,5457,shopping,card,,
Crypto investment INR 40968,40968,investment,card,,
movie ticket booking ka ticket 44916 rupye me liya cash se,44916,entertainment,cash,,
concert ticket ka ticket 25656 rupay me lia upi se,25656,entertainment,upi,,
Credit card EMI INR 36474,36474,emi,card,,
aaj ola cab lia 39182 rupaye card se pay kia,39182,travel,card,,
Gas bill payment INR 17191,17191,utilities,card,,
10326 rs ppf contribution me daale upi se,10326,investment,upi,,
library fee ki fees 24502 rs. upi se bharra,24502,education,upi,,
padhai ke liye college fees payment pe 46812 rs kharcha kya upi se,46812,education,upi,,
Ola cab INR 30259,30259,travel,card,,
aaj stock purchase me 6000 rupaiye lagaye upi se,6000,investment,upi,,
personal loan installment EMI 46460 rs. kat gaye card se,46460,emi,card,,
Electronics shopping INR 39697,39697,shopping,cash,,
Online shopping payment INR 13853,13853,shopping,cash,,
Hotel booking INR 23767,23767,travel,cash,,
34406 rupay diy online course subscription ke liye cash se,34406,education,cash,,
ola cab ka kiraya 49362 rs. diyee upi se,49362,travel,upi,,
netflix subscription ka subscription 39170 rs upi se renew kya,39170,entertainment,upi,,
Stock purchase INR 22381,22381,investment,card,,
concert ticket dekha 374 rupay lga card se die,374,entertainment,card,,
Movie ticket booking INR 24630,24630,entertainment,card,,
Game purchase INR 3341,3341,entertainment,cash,,
hotel booking ka kiraya 8563 rs diy cash se,8563,travel,cash,,
20803 rs ka credit card emi installment upi se diy,20803,emi,upi,,
29173 rupay ka gas bill payment bill pay kya upi se,29173,utilities,upi,,
concert ticket ka subscription 3386 rupaiye card se renew kiyaa,3386,entertainment,card,,
Uber ride INR 15275,15275,travel,card,,
Mobile recharge INR 16947,16947,utilities,upi,,
credit card emi ki EMI 6773 rupye card se bharaa,6773,emi,card,,
2192 rs fixed deposit investment me daale upi se,2192,investment,upi,,
37569 rs. ka doctor consultation bill aaya upi se pay kya,37569,healthcare,upi,,
mobile recharge recharge kia 2749 rupay cash se,2749,utilities,cash,,
Flight ticket booking INR 26563,26563,travel,cash,,
Pharmacy medicine purchase INR 39175,39175,healthcare,card,,
Pizza delivery INR 31059,31059,food,upi,,
mutual fund sip ka SIP 40850 rs. upi se bhra,40850,investment,upi,,
medical test charges pe 33876 rupaye kharchaa hui davai pe cash se,33876,healthcare,cash,,
hotel booking ka kiraya 30916 rs die cash se,30916,travel,cash,,
Messy outlier tx UPIID123,0,blabla,,,
6543 rupay kharch kiyaa restaurant bill pe upi se,6543,food,upi,,
mobile recharge ka bill 27181 rupaye upi se bharaa,27181,utilities,upi,,
Game purchase INR 31459,31459,entertainment,upi,,
Bus ticket INR 30094,30094,travel,cash,,
Internet recharge INR 18591,18591,utilities,cash,,
aaj fixed deposit investment me 39918 rupye lagaye upi se,39918,investment,upi,,
online shopping payment pe shopping kiya 25020 rupaye kharch card se,25020,shopping,card,,
doctor ke yahan 41090 rs. lgaa cash se diyee,41090,healthcare,cash,,
Medical test charges INR 35053,35053,healthcare,card,,
library fee ka course 11011 rupye me lya upi se pay kya,11011,education,upi,,
College fees payment INR 1445,1445,education,card,,
College fees payment INR 39634,39634,education,cash,,
30864 rupaiye kharchaa kya concert ticket pe cash se,30864,entertainment,cash,,
crypto investment me 1449 rs. invest kiya upi se,1449,investment,upi,,
Mobile recharge INR 36204,36204,utilities,card,,
concert ticket dekha 4477 rupaiye laga card se diye,4477,entertainment,card,,
Fixed deposit investment INR 30859,30859,investment,upi,,
home loan emi EMI 47884 rs kat gaye cash se,47884,emi,cash,,
Electronics shopping INR 48887,48887,shopping,card,,
aaj gas bill payment ka 28512 rupaiye ka bill upi se bharaa,28512,utilities,upi,,
doctor consultation me 11534 rupaye kharch hua card se die,11534,healthcare,card,,
85 rupay ka order diye flipkart order pe upi se,85,shopping,upi,,
game purchase ka subscription 13930 rupye cash se renew kiyaa,13930,entertainment,cash,,
mobile recharge ka bill 23961 rs. upi se bhara,23961,utilities,upi,,
internet recharge ka bill 23178 rs upi se bhra,23178,utilities,upi,,
Internet recharge INR 40058,40058,utilities,upi,,
3255 rupye kharcha kia movie ticket booking pe upi se,3255,entertainment,upi,,
Netflix subscription INR 45880,45880,entertainment,upi,,
38827 rupay diyee exam fee ke liye card se,38827,education,card,,
netflix subscription dekha 26325 rupay lgaa cash se diy,26325,entertainment,cash,,
mutual fund sip ka SIP 38853 rupay cash se bharaa,38853,investment,cash,,
padhai ke liye online course subscription pe 11767 rupaye khrcha kia card se,11767,education,card,,
Hospital bill INR 9347,9347,healthcare,upi,,
movie ticket booking dekha 16561 rs lagaa card se diyee,16561,entertainment,card,,
Personal loan installment INR 32174,32174,emi,cash,,
Online shopping payment INR 36980,36980,shopping,upi,,
loan ka credit card emi 49835 rupay upi se pay kia,49835,emi,upi,,
Bike loan EMI INR 24098,24098,emi,upi,,
doctor ke yahan 11190 rupay laga cash se diy,11190,healthcare,cash,,
netflix subscription dekha 20976 rs. lagaa upi se diyee,20976,entertainment,upi,,
aaj internet recharge ka 11381 rupaye ka bill card se bhra,11381,utilities,card,,
Lunch at hotel INR 48069,48069,food,upi,,
ola cab ka kiraya 2635 rupay diyee cash se,2635,travel,cash,,
14301 rupaiye crypto investment me daale cash se,14301,investment,cash,,
Cafe coffee INR 3363,3363,food,cash,,
Pharmacy medicine purchase INR 36623,36623,healthcare,card,,
mutual fund sip ka SIP 11890 rs cash se bhra,11890,investment,cash,,
electricity bill payment ka bill 22813 rupye upi se bhara,22813,utilities,upi,,
Gas bill payment INR 28512,28512,utilities,upi,,
Gas bill payment INR 22533,22533,utilities,cash,,
hospital bill me 36188 rupye kharcha hua card se diyee,36188,healthcare,card,,
Train ticket IRCTC INR 45323,45323,travel,cash,,
Car loan EMI INR 23881,23881,emi,upi,,
movie ticket booking ka subscription 8464 rupye upi se renew kiyaa,8464,entertainment,upi,,
Electricity bill payment INR 15685,15685,utilities,cash,,
NaN,99999999,1234,csh,,
38957 rs lagaa ola cab me cash se die,38957,travel,cash,,
Concert ticket INR 49006,49006,entertainment,upi,,
45535 rs ka water bill bill pay kia upi se,45535,utilities,upi,,
doctor consultation pe 31944 rupye kharch hui davai pe upi se,31944,healthcare,upi,,
Medical test charges INR 15450,15450,healthcare,card,,
bus ticket ki ticket 3513 rs. me book kiya upi se,3513,travel,upi,,
ola cab ka kiraya 20016 rupaiye die card se,20016,travel,card,,
concert ticket ka ticket 23278 rs. me liyaa card se,23278,entertainment,card,,
Lunch at hotel INR 48956,48956,food,cash,,
stock purchase ka SIP 6839 rupaye cash se bhra,6839,investment,cash,,
electricity bill payment recharge kiya 17842 rupay cash se,17842,utilities,cash,,
Train ticket IRCTC INR 43359,43359,travel,cash,,
padhai ke liye library fee pe 11015 rupaiye kharch kia card se,11015,education,card,,
Hospital bill INR 15995,15995,healthcare,card,,
Mutual fund SIP INR 22206,22206,investment,card,,
Food court payment INR 36351,36351,food,cash,,
aaj hotel booking liyaa 15647 rupaiye upi se pay kia,15647,travel,upi,,
uber ride ki ticket 36125 rupay me book kiya cash se,36125,travel,cash,,
Bus ticket INR 22543,22543,travel,cash,,
Personal loan installment INR 14154,14154,emi,upi,,
aaj mobile recharge ka 9771 rupaye ka bill card se bharra,9771,utilities,card,,
Exam fee INR 45218,45218,education,upi,,
"food court payment pe 36854 ka bill tha, upi se pay kiyaa",36854,food,upi,,
online clothing store bill se 6460 ka saman liyaa cash se pay kia,6460,shopping,cash,,
online online shopping payment se 901 ka saman liya card se pay kia,901,shopping,card,,
movie ticket booking dekha 19303 rupye lagaa card se diy,19303,entertainment,card,,
Crypto investment INR 13623,13623,investment,card,,
Amazon purchase INR 47700,47700,shopping,card,,
Water bill INR 29012,29012,utilities,cash,,
Electricity bill payment INR 34525,34525,utilities,upi,,
49646 rupaye ka mobile recharge bill pay kiya cash se,49646,utilities,cash,,
Bike loan EMI INR 10898,10898,emi,card,,
online course subscription ki fees 13129 rupye cash se bharra,13129,education,cash,,
internet recharge ka bill 23791 rupaiye upi se bharaa,23791,utilities,upi,,
doctor ke yahan 31165 rs. lagaa cash se diyee,31165,healthcare,cash,,
aaj water bill ka 47023 rupaye ka bill card se bhra,47023,utilities,card,,
Credit card EMI INR 3826,3826,emi,cash,,
hospital bill pe 7971 rupye karcha hui davai pe upi se,7971,healthcare,upi,,
Train ticket IRCTC INR 46430,46430,travel,card,,
bike loan emi EMI 15301 rs kat gaye card se,15301,emi,card,,
Online course subscription INR 46130,46130,education,cash,,
hospital bill pe 22106 rupaye kharchaa hui davai pe upi se,22106,healthcare,upi,,
internet recharge ka bill 858 rupye upi se bhara,858,utilities,upi,,
online clothing store bill se 1106 ka saman liyaa card se pay kia,1106,shopping,card,,
flight ticket booking ka kiraya 33304 rupye diye card se,33304,travel,card,,
online online shopping payment se 17118 ka saman liya upi se pay kiya,17118,shopping,upi,,
hospital bill pe 35078 rupaiye kharch hui davai pe card se,35078,healthcare,card,,
2587 rs. lagaa train ticket irctc me upi se diyee,2587,travel,upi,,
Clothing store bill INR 6839,6839,shopping,upi,,
mutual fund sip me 22421 rupye invest kiyaa cash se,22421,investment,cash,,
aaj swiggy order se khana order kiya 8223 rupye card se diyee,8223,food,card,,
Netflix subscription INR 46371,46371,entertainment,cash,,
Movie ticket booking INR 45309,45309,entertainment,cash,,
42179 rs diy library fee ke liye cash se,42179,education,cash,,
28093 rupaye laga flight ticket booking me upi se diy,28093,travel,upi,,
movie ticket booking ka ticket 47455 rupaye me lia cash se,47455,entertainment,cash,,
14731 rupye laga uber ride me cash se die,14731,travel,cash,,
Flipkart order INR 21079,21079,shopping,card,,
College fees payment INR 9654,9654,education,upi,,
30635 rupye ka order diy flipkart order pe card se,30635,shopping,card,,
Hospital bill INR 12866,12866,healthcare,cash,,
Crypto investment INR 41159,41159,investment,cash,,
24458 rs diy exam fee ke liye cash se,24458,education,cash,,
Hospital bill INR 5508,5508,healthcare,upi,,
aaj lunch at hotel se khana order kiyaa 11536 rupaye cash se diye,11536,food,cash,,
Zomato dinner INR 12682,12682,food,upi,,
clothing store bill pe shopping kia 12317 rupaye kharchaa cash se,12317,shopping,cash,,
Game purchase INR 36837,36837,entertainment,upi,,
Netflix subscription INR 44429,44429,entertainment,upi,,
car loan emi ki EMI 7385 rupaye upi se bharra,7385,emi,upi,,
32072 rupay ka gas bill payment bill pay kya cash se,32072,utilities,cash,,
padhai ke liye college fees payment pe 23579 rupye kharcha kya card se,23579,education,card,,
aaj restaurant bill se khana order kiya 9884 rupaiye card se diye,9884,food,card,,
aaj uber ride lya 30516 rs. cash se pay kia,30516,travel,cash,,
14429 rs karcha kiyaa netflix subscription pe card se,14429,entertainment,card,,
153 rupye ka order diy flipkart order pe cash se,153,shopping,cash,,
,"1,000",unknown,paypal,,
aaj electricity bill payment ka 35074 rupay ka bill cash se bhra,35074,utilities,cash,,
game purchase dekha 15248 rupay laga cash se die,15248,entertainment,cash,,
16286 rupaye ka home loan emi installment card se diyee,16286,emi,card,,
electronics shopping se 4714 rupye ka shopping kiyaa card se,4714,shopping,card,,
netflix subscription dekha 45880 rupaye lga upi se diye,45880,entertainment,upi,,
Swiggy order INR 48947,48947,food,cash,,
Gas bill payment INR 20240,20240,utilities,card,,
aaj ola cab liyaa 29615 rs card se pay kiyaa,29615,travel,card,,
33897 rupaiye ka personal loan installment installment cash se diyee,33897,emi,cash,,
car loan emi EMI 24241 rupye kat gaye cash se,24241,emi,cash,,
Game purchase INR 17331,17331,entertainment,upi,,
game purchase ka ticket 572 rupay me liya upi se,572,entertainment,upi,,
College fees payment INR 22917,22917,education,cash,,
car loan emi ki EMI 12715 rupye card se bhra,12715,emi,card,,
47888 rupaiye laga uber ride me card se diyee,47888,travel,card,,
Clothing store bill INR 40392,40392,shopping,card,,
Restaurant bill INR 18853,18853,food,cash,,
concert ticket ka ticket 4826 rs me liyaa cash se,4826,entertainment,cash,,
gas bill payment recharge kia 567 rs card se,567,utilities,card,,
aaj electricity bill payment ka 30742 rupye ka bill card se bhra,30742,utilities,card,,
Online course subscription INR 5919,5919,education,card,,
Personal loan installment INR 13403,13403,emi,card,,
concert ticket dekha 43142 rs. lga cash se diye,43142,entertainment,cash,,
car loan emi ki EMI 27099 rupay cash se bhara,27099,emi,cash,,
online shopping payment pe shopping kia 40053 rs kharchaa upi se,40053,shopping,upi,,
"pizza delivery pe 10990 ka bill tha, card se pay kiya",10990,food,card,,
Uber ride INR 11714,11714,travel,card,,
Mutual fund SIP INR 46878,46878,investment,upi,,
Train ticket IRCTC INR 29870,29870,travel,card,,
31255 rupaiye ka gas bill payment bill pay kya card se,31255,utilities,card,,
Uber ride INR 20585,20585,travel,upi,,
Exam fee INR 22610,22610,education,upi,,
online course subscription ka course 9282 rs me lia upi se pay kiya,9282,education,upi,,
Uber ride INR 4051,4051,travel,card,,
concert ticket ka ticket 44464 rupay me lya card se,44464,entertainment,card,,
aaj electricity bill payment ka 21912 rupye ka bill cash se bhra,21912,utilities,cash,,
45733 rupaiye ka order diye amazon purchase pe card se,45733,shopping,card,,
online shopping payment se 22094 rs ka shopping kya card se,22094,shopping,card,,
pharmacy medicine purchase pe 466 rupaiye kharch hui davai pe upi se,466,healthcare,upi,,
online clothing store bill se 37971 ka saman liyaa card se pay kya,37971,shopping,card,,
Food court payment INR 24972,24972,food,card,,
"food court payment pe 26177 ka bill tha, card se pay kiyaa",26177,food,card,,
mobile recharge recharge kya 23961 rs upi se,23961,utilities,upi,,
library fee ki fees 48494 rupye upi se bharra,48494,education,upi,,
Ola cab INR 48007,48007,travel,upi,,
pizza delivery ka khana 11281 rupaiye me aaya card se diy,11281,food,card,,
3320 rs. ka electricity bill payment bill pay kya card se,3320,utilities,card,,
Concert ticket INR 3683,3683,entertainment,upi,,
Lunch at hotel INR 6374,6374,food,cash,,
2558 rupay lgaa flight ticket booking me cash se die,2558,travel,cash,,
online course subscription ki fees 6077 rs. card se bhara,6077,education,card,,
Fixed deposit investment INR 19919,19919,investment,upi,,
exam fee ki fees 2661 rupye card se bharaa,2661,education,card,,
crypto investment ka SIP 25553 rs. cash se bharaa,25553,investment,cash,,
NaN,-100,misc,ccard,,
uber ride ki ticket 19069 rupaye me book kiya upi se,19069,travel,upi,,
Ola cab INR 15297,15297,travel,card,,
pizza delivery ka khana 4340 rs. me aaya cash se die,4340,food,cash,,
Bus ticket INR 3513,3513,travel,upi,,
concert ticket dekha 26213 rupaiye laga cash se diy,26213,entertainment,cash,,
Flight ticket booking INR 1848,1848,travel,card,,
Amazon purchase INR 28251,28251,shopping,cash,,
personal loan installment EMI 27032 rupaye kat gaye cash se,27032,emi,cash,,
Personal loan installment INR 1923,1923,emi,upi,,
doctor consultation me 24325 rupay kharcha hua cash se die,24325,healthcare,cash,,
Medical test charges INR 25798,25798,healthcare,card,,
college fees payment ka course 14185 rs. me lia upi se pay kiyaa,14185,education,upi,,
Library fee INR 30966,30966,education,cash,,
aaj ppf contribution me 45386 rupye lagaye cash se,45386,investment,cash,,
PPF contribution INR 15410,15410,investment,cash,,
drop table users;,-5000,shopping_err,csh,,
loan ka home loan emi 880 rupye upi se pay kia,880,emi,upi,,
10328 rupay khrcha kia pizza delivery pe card se,10328,food,card,,
hospital bill pe 21350 rupay khrcha hui davai pe card se,21350,healthcare,card,,
gas bill payment recharge kiyaa 29268 rupye upi se,29268,utilities,upi,,
Online course subscription INR 22641,22641,education,card,,
Exam fee INR 45907,45907,education,cash,,
aaj water bill ka 41332 rupye ka bill upi se bhara,41332,utilities,upi,,
aaj fixed deposit investment me 7587 rupaye lagaye card se,7587,investment,card,,
online course subscription ka course 43356 rs. me liya card se pay kia,43356,education,card,,
28323 rs. kharch kiyaa lunch at hotel pe card se,28323,food,card,,
online shopping payment pe shopping kya 43860 rs kharcha upi se,43860,shopping,upi,,
hospital bill me 30519 rs kharch hua upi se diye,30519,healthcare,upi,,
Hospital bill INR 21350,21350,healthcare,card,,
Train ticket IRCTC INR 27210,27210,travel,upi,,
padhai ke liye college fees payment pe 28384 rs. kharchaa kya upi se,28384,education,upi,,
doctor ke yahan 38867 rupay lagaa card se diy,38867,healthcare,card,,
Library fee INR 23335,23335,education,cash,,
Uber ride INR 10923,10923,travel,cash,,
"restaurant bill pe 42640 ka bill tha, card se pay kia",42640,food,card,,
netflix subscription dekha 32986 rs. lgaa card se diyee,32986,entertainment,card,,
electronics shopping pe shopping kia 5676 rupaye karcha cash se,5676,shopping,cash,,
18071 rs stock purchase me daale upi se,18071,investment,upi,,
online electronics shopping se 14090 ka saman lia card se pay kia,14090,shopping,card,,
Exam fee INR 11944,11944,education,cash,,
Hospital bill INR 15311,15311,healthcare,cash,,
game purchase ka subscription 18744 rs. card se renew kya,18744,entertainment,card,,
Flipkart order INR 36444,36444,shopping,cash,,
concert ticket ka ticket 43449 rupaiye me lia upi se,43449,entertainment,upi,,
Bus ticket INR 39136,39136,travel,card,,
Movie ticket booking INR 29891,29891,entertainment,upi,,
concert ticket ka subscription 46062 rupay upi se renew kia,46062,entertainment,upi,,
Water bill INR 47699,47699,utilities,cash,,
31239 rupye diy library fee ke liye card se,31239,education,card,,
credit card emi ki EMI 30593 rupye upi se bharra,30593,emi,upi,,
Medical test charges INR 14234,14234,healthcare,card,,
doctor ke yahan 22876 rs laga upi se diye,22876,healthcare,upi,,
Mutual fund SIP INR 48417,48417,investment,upi,,
37495 rs. ka medical test charges bill aaya upi se pay kiyaa,37495,healthcare,upi,,
aaj mobile recharge ka 19686 rupaiye ka bill cash se bharaa,19686,utilities,cash,,
gas bill payment ka bill 25140 rupye cash se bharaa,25140,utilities,cash,,
Game purchase INR 27132,27132,entertainment,upi,,
hospital bill pe 35447 rupaye karcha hui davai pe card se,35447,healthcare,card,,
hospital bill pe 2002 rupay karcha hui davai pe card se,2002,healthcare,card,,
flight ticket booking ka kiraya 44386 rs diy cash se,44386,travel,cash,,
Credit card EMI INR 27143,27143,emi,cash,,
Gas bill payment INR 32913,32913,utilities,cash,,
Game purchase INR 48230,48230,entertainment,card,,
internet recharge ka bill 31819 rupaiye card se bhra,31819,utilities,card,,
Hospital bill INR 43349,43349,healthcare,cash,,
fixed deposit investment me 10273 rupye invest kya card se,10273,investment,card,,
Car loan EMI INR 24241,24241,emi,cash,,
doctor ke yahan 37776 rs. laga cash se diy,37776,healthcare,cash,,
Ola cab INR 49362,49362,travel,upi,,
concert ticket ka subscription 14680 rs card se renew kiya,14680,entertainment,card,,
Movie ticket booking INR 42274,42274,entertainment,card,,
Hotel booking INR 38461,38461,travel,card,,
aaj water bill ka 19085 rupaiye ka bill card se bharaa,19085,utilities,card,,
42065 rupaye ka credit card emi installment upi se diye,42065,emi,upi,,
doctor consultation me 36641 rupay khrcha hua card se diyee,36641,healthcare,card,,
2452 rupay ka doctor consultation bill aaya card se pay kiya,2452,healthcare,card,,
Concert ticket INR 23278,23278,entertainment,card,,
aaj pizza delivery se khana order kya 25118 rupye upi se die,25118,food,upi,,
aaj fixed deposit investment me 2162 rupaiye lagaye card se,2162,investment,card,,
aaj bus ticket liyaa 42708 rupay card se pay kiya,42708,travel,card,,
Flight ticket booking INR 605,605,travel,cash,,
Water bill INR 25802,25802,utilities,cash,,
Amazon purchase INR 32963,32963,shopping,card,,
42294 rupye ka medical test charges bill aaya card se pay kya,42294,healthcare,card,,
doctor consultation me 41843 rupaiye karcha hua cash se diyee,41843,healthcare,cash,,
Medical test charges INR 25302,25302,healthcare,card,,
electronics shopping se 26856 rs. ka shopping kiyaa cash se,26856,shopping,cash,,
Game purchase INR 48487,48487,entertainment,cash,,
aaj crypto investment me 17430 rupye lagaye upi se,17430,investment,upi,,
gas bill payment recharge kiya 4389 rupaye cash se,4389,utilities,cash,,
Uber ride INR 27817,27817,travel,upi,,
Online course subscription INR 9282,9282,education,upi,,
47125 rupye ka mobile recharge bill pay kiya cash se,47125,utilities,cash,,
Stock purchase INR 29807,29807,investment,upi,,
doctor ke yahan 9436 rupaiye laga upi se diyee,9436,healthcare,upi,,
online clothing store bill se 21553 ka saman liyaa cash se pay kiyaa,21553,shopping,cash,,
Doctor consultation INR 33890,33890,healthcare,upi,,
Exam fee INR 47436,47436,education,card,,
aaj flight ticket booking lia 28733 rs upi se pay kya,28733,travel,upi,,
home loan emi EMI 41171 rs. kat gaye cash se,41171,emi,cash,,
Medical test charges INR 47620,47620,healthcare,upi,,
44503 rupay mutual fund sip me daale cash se,44503,investment,cash,,
Electronics shopping INR 15385,15385,shopping,upi,,
Hospital bill INR 18226,18226,healthcare,cash,,
electricity bill payment ka bill 14615 rupaiye cash se bhra,14615,utilities,cash,,
26303 rupye ka gas bill payment bill pay kiyaa upi se,26303,utilities,upi,,
Hospital bill INR 19353,19353,healthcare,cash,,
Pharmacy medicine purchase INR 466,466,healthcare,upi,,
electronics shopping se 26135 rupaiye ka shopping kia cash se,26135,shopping,cash,,
30172 rs ka electricity bill payment bill pay kiya upi se,30172,utilities,upi,,
36308 rupaye ka pharmacy medicine purchase bill aaya upi se pay kya,36308,healthcare,upi,,
clothing store bill se 23851 rupaye ka shopping kiyaa cash se,23851,shopping,cash,,
Crypto investment INR 22753,22753,investment,upi,,
electronics shopping se 19849 rs. ka shopping kiya card se,19849,shopping,card,,
Pizza delivery INR 2321,2321,food,card,,
Movie ticket booking INR 33981,33981,entertainment,card,,
padhai ke liye online course subscription pe 9216 rupay kharch kiya cash se,9216,education,cash,,
aaj bus ticket lya 5083 rupaiye card se pay kiyaa,5083,travel,card,,
loan ka bike loan emi 6310 rupaye cash se pay kiyaa,6310,emi,cash,,
zomato dinner me 20401 rupye ka khana khaya card se,20401,food,card,,
37493 rupaiye lgaa uber ride me upi se diyee,37493,travel,upi,,
mobile recharge recharge kia 24008 rs. cash se,24008,utilities,cash,,
food court payment me 11846 rupaye ka khana khayaa card se,11846,food,card,,
stock purchase me 23337 rs invest kiya cash se,23337,investment,cash,,
Internet recharge INR 29138,29138,utilities,upi,,
home loan emi ki EMI 10123 rupay upi se bhra,10123,emi,upi,,
game purchase ka subscription 46497 rs. card se renew kya,46497,entertainment,card,,
Pizza delivery INR 43871,43871,food,card,,
medical test charges me 33147 rupaye khrcha hua upi se diyee,33147,healthcare,upi,,
stock purchase me 33039 rupaiye invest kya card se,33039,investment,card,,
10808 rs. diy exam fee ke liye cash se,10808,education,cash,,
Movie ticket booking INR 8987,8987,entertainment,cash,,
Movie ticket booking INR 21260,21260,entertainment,upi,,
game purchase ka ticket 47320 rupay me lia upi se,47320,entertainment,upi,,
Pharmacy medicine purchase INR 20444,20444,healthcare,card,,
mobile recharge recharge kiya 12651 rupaiye card se,12651,utilities,card,,
gas bill payment recharge kya 9639 rupaye card se,9639,utilities,card,,
padhai ke liye online course subscription pe 5953 rupaiye karcha kya card se,5953,education,card,,
Gas bill payment INR 15752,15752,utilities,cash,,
bike loan emi EMI 28505 rupay kat gaye upi se,28505,emi,upi,,
49376 rupaye ka order diy flipkart order pe cash se,49376,shopping,cash,,
cafe coffee ka khana 13309 rupye me aaya card se diyee,13309,food,card,,
14436 rupye kharch kiya zomato dinner pe card se,14436,food,card,,
5031 rupaye ka doctor consultation bill aaya upi se pay kiya,5031,healthcare,upi,,
34726 rupaiye ka medical test charges bill aaya card se pay kya,34726,healthcare,card,,
Fixed deposit investment INR 34056,34056,investment,card,,
aaj gas bill payment ka 15752 rupay ka bill cash se bhara,15752,utilities,cash,,
Flight ticket booking INR 44386,44386,travel,cash,,
Bus ticket INR 45010,45010,travel,card,,
aaj gas bill payment ka 43253 rs ka bill upi se bharaa,43253,utilities,upi,,
Online shopping payment INR 17813,17813,shopping,cash,,
Hotel booking INR 14079,14079,travel,card,,
Restaurant bill INR 27348,27348,food,card,,
Electronics shopping INR 42952,42952,shopping,card,,
pizza delivery ka khana 21288 rupay me aaya card se die,21288,food,card,,
Flipkart order INR 15402,15402,shopping,cash,,
online electronics shopping se 1279 ka saman lia cash se pay kya,1279,shopping,cash,,
online online shopping payment se 25020 ka saman liya card se pay kya,25020,shopping,card,,
online online shopping payment se 8697 ka saman lia upi se pay kya,8697,shopping,upi,,
exam fee ki fees 49850 rupye cash se bharaa,49850,education,cash,,
padhai ke liye exam fee pe 11944 rs khrcha kya cash se,11944,education,cash,,
concert ticket dekha 4589 rs. laga upi se die,4589,entertainment,upi,,
doctor ke yahan 45682 rupaiye lagaa upi se diy,45682,healthcare,upi,,
"zomato dinner pe 1174 ka bill tha, upi se pay kiya",1174,food,upi,,
doctor consultation me 7063 rs. kharch hua upi se diyee,7063,healthcare,upi,,
Messy outlier tx 123,five hundred,blabla,unknown,,EDA test row
Home loan EMI INR 45648,45648,emi,upi,,
exam fee ka course 35813 rupye me liyaa upi se pay kiyaa,35813,education,upi,,
flipkart order se 30802 rupay ka shopping kia card se,30802,shopping,card,,
Fixed deposit investment INR 39699,39699,investment,cash,,
31681 rs. kharch kiyaa lunch at hotel pe card se,31681,food,card,,
doctor ke yahan 20775 rs laga cash se diyee,20775,healthcare,cash,,
Bus ticket INR 38166,38166,travel,upi,,
Water bill INR 16780,16780,utilities,cash,,
Netflix subscription INR 13588,13588,entertainment,card,,
Uber ride INR 48648,48648,travel,card,,
Bike loan EMI INR 47671,47671,emi,cash,,
Amazon purchase INR 45076,45076,shopping,card,,
<script>alert('xss')</script>,0,1234,123,,EDA test row
loan ka car loan emi 28609 rs. upi se pay kiya,28609,emi,upi,,
Fixed deposit investment INR 11950,11950,investment,cash,,
library fee ka course 24668 rupay me liya upi se pay kya,24668,education,upi,,
Internet recharge INR 36322,36322,utilities,card,,
gas bill payment recharge kya 14373 rupaye card se,14373,utilities,card,,
Electronics shopping INR 32202,32202,shopping,upi,,
crypto investment ka SIP 47099 rupaiye upi se bhara,47099,investment,upi,,
aaj crypto investment me 48109 rupye lagaye card se,48109,investment,card,,
27143 rupaye ka credit card emi installment cash se diye,27143,emi,cash,,
"swiggy order pe 22516 ka bill tha, card se pay kia",22516,food,card,,
21877 rs. ka water bill bill pay kiya card se,21877,utilities,card,,
loan ka home loan emi 26067 rupye upi se pay kiya,26067,emi,upi,,
21693 rupaye diyee college fees payment ke liye upi se,21693,education,upi,,
netflix subscription dekha 30862 rs lgaa cash se die,30862,entertainment,cash,,
Exam fee INR 24031,24031,education,upi,,
Electricity bill payment INR 26538,26538,utilities,card,,
water bill ka bill 2955 rupye card se bhra,2955,utilities,card,,
padhai ke liye exam fee pe 10808 rupay kharchaa kiyaa cash se,10808,education,cash,,
Uber ride INR 9791,9791,travel,cash,,
Electronics shopping INR 4520,4520,shopping,cash,,
pharmacy medicine purchase pe 2679 rs. karcha hui davai pe card se,2679,healthcare,card,,
padhai ke liye college fees payment pe 23615 rupye khrcha kiya card se,23615,education,card,,
Movie ticket booking INR 14138,14138,entertainment,upi,,
Pharmacy medicine purchase INR 580,580,healthcare,card,,
exam fee ki fees 4452 rs. upi se bhara,4452,education,upi,,
padhai ke liye library fee pe 23560 rupaiye karcha kiya upi se,23560,education,upi,,
pharmacy medicine purchase me 30547 rupaye khrcha hua cash se diy,30547,healthcare,cash,,
home loan emi ki EMI 14104 rupaiye card se bharaa,14104,emi,card,,
Ola cab INR 47568,47568,travel,card,,
Personal loan installment INR 10468,10468,emi,card,,
Uber ride INR 5465,5465,travel,cash,,
College fees payment INR 48871,48871,education,card,,
netflix subscription dekha 39961 rupye laga card se die,39961,entertainment,card,,
fixed deposit investment me 30859 rupay invest kiya upi se,30859,investment,upi,,
swiggy order me 13447 rupaye ka khana khaya upi se,13447,food,upi,,
33039 rupye stock purchase me daale card se,33039,investment,card,,
31109 rupye ka mobile recharge bill pay kya upi se,31109,utilities,upi,,
medical test charges pe 12222 rupaiye kharch hui davai pe upi se,12222,healthcare,upi,,
padhai ke liye college fees payment pe 6398 rupye khrcha kia upi se,6398,education,upi,,
ppf contribution me 45711 rs. invest kia card se,45711,investment,card,,
mutual fund sip ka SIP 36651 rupaye cash se bhara,36651,investment,cash,,
padhai ke liye online course subscription pe 4956 rs khrcha kiyaa card se,4956,education,card,,
Internet recharge INR 32133,32133,utilities,upi,,
aaj flight ticket booking liya 1751 rupaye upi se pay kiya,1751,travel,upi,,
loan ka personal loan installment 28180 rupaye upi se pay kiya,28180,emi,upi,,
Concert ticket INR 35160,35160,entertainment,upi,,
water bill recharge kya 45535 rupaiye upi se,45535,utilities,upi,,
bus ticket ki ticket 42731 rupaiye me book kiyaa card se,42731,travel,card,,
Electronics shopping INR 45290,45290,shopping,upi,,
Bike loan EMI INR 16762,16762,emi,upi,,
flipkart order se 44903 rupye ka shopping kya upi se,44903,shopping,upi,,
PPF contribution INR 45711,45711,investment,card,,
Netflix subscription INR 24215,24215,entertainment,card,,
clothing store bill se 6839 rupaiye ka shopping kiya upi se,6839,shopping,upi,,
Messy outlier tx unknown,-5000,1234,csh,NULL,
Bus ticket INR 36707,36707,travel,card,,
fixed deposit investment me 32378 rupye invest kiyaa card se,32378,investment,card,,
doctor ke yahan 41748 rupay laga upi se die,41748,healthcare,upi,,
loan ka car loan emi 32150 rs. upi se pay kya,32150,emi,upi,,
Gas bill payment INR 18171,18171,utilities,upi,,
medical test charges me 11779 rs kharcha hua card se diye,11779,healthcare,card,,
padhai ke liye online course subscription pe 37189 rs. kharchaa kia upi se,37189,education,upi,,
crypto investment ka SIP 4046 rupaye cash se bhara,4046,investment,cash,,
5391 rupye ka electricity bill payment bill pay kia upi se,5391,utilities,upi,,
48051 rs. ka internet recharge bill pay kia cash se,48051,utilities,cash,,
pharmacy medicine purchase me 22876 rs kharchaa hua upi se diyee,22876,healthcare,upi,,
Personal loan installment INR 30264,30264,emi,card,,
Game purchase INR 19395,19395,entertainment,cash,,
Food court payment INR 42649,42649,food,card,,
Electricity bill payment INR 14615,14615,utilities,cash,,
gas bill payment ka bill 26372 rupaye upi se bhra,26372,utilities,upi,,
loan ka credit card emi 45623 rupaye cash se pay kiyaa,45623,emi,cash,,
"cafe coffee pe 18341 ka bill tha, cash se pay kya",18341,food,cash,,
320 rupaiye crypto investment me daale card se,320,investment,card,,
36478 rs ka credit card emi installment upi se diyee,36478,emi,upi,,
aaj internet recharge ka 27050 rupay ka bill card se bharra,27050,utilities,card,,
Personal loan installment INR 35907,35907,emi,cash,,
restaurant bill ka khana 13817 rupaiye me aaya cash se diyee,13817,food,cash,,
Flight ticket booking INR 23117,23117,travel,cash,,
33672 rs kharchaa kiyaa game purchase pe upi se,33672,entertainment,upi,,
concert ticket ka subscription 26153 rupye cash se renew kiya,26153,entertainment,cash,,
online shopping payment pe shopping kya 18234 rupye kharcha card se,18234,shopping,card,,
Gas bill payment INR 44208,44208,utilities,upi,,
aaj mobile recharge ka 23268 rs ka bill card se bharaa,23268,utilities,card,,
Electricity bill payment INR 38078,38078,utilities,card,,
Train ticket IRCTC INR 46737,46737,travel,upi,,
Medical test charges INR 48915,48915,healthcare,cash,,
train ticket irctc ki ticket 10952 rupaye me book kya upi se,10952,travel,upi,,
restaurant bill ka khana 34963 rs me aaya card se diy,34963,food,card,,
Netflix subscription INR 27710,27710,entertainment,upi,,
Concert ticket INR 23106,23106,entertainment,card,,
Swiggy order INR 14311,14311,food,upi,,
electronics shopping pe shopping kiya 41378 rs karcha cash se,41378,shopping,cash,,
Crypto investment INR 16475,16475,investment,upi,,
Cafe coffee INR 16796,16796,food,upi,,
Clothing store bill INR 19838,19838,shopping,cash,,
mutual fund sip ka SIP 21721 rupaiye card se bharra,21721,investment,card,,
restaurant bill ka khana 29463 rupaye me aaya cash se diye,29463,food,cash,,
Hospital bill INR 9210,9210,healthcare,upi,,
1436 rupay lga uber ride me card se diye,1436,travel,card,,
Stock purchase INR 6839,6839,investment,cash,,
Hotel booking INR 37064,37064,travel,card,,
mobile recharge recharge kiya 39667 rs upi se,39667,utilities,upi,,
aaj pizza delivery se khana order kia 43675 rupay card se diy,43675,food,card,,
48976 rupye die exam fee ke liye card se,48976,education,card,,
Electricity bill payment INR 33688,33688,utilities,upi,,
Internet recharge INR 16904,16904,utilities,card,,
College fees payment INR 8322,8322,education,card,,
Food court payment INR 5065,5065,food,card,,
13657 rupay khrcha kiyaa concert ticket pe upi se,13657,entertainment,upi,,
fixed deposit investment me 9720 rupay invest kia upi se,9720,investment,upi,,
Mutual fund SIP INR 36370,36370,investment,card,,
aaj crypto investment me 8940 rs lagaye upi se,8940,investment,upi,,
aaj bus ticket liya 7912 rupye cash se pay kiya,7912,travel,cash,,
Credit card EMI INR 49197,49197,emi,upi,,
Water bill INR 5346,5346,utilities,cash,,
Ola cab INR 8904,8904,travel,card,,
hospital bill pe 21406 rs. khrcha hui davai pe card se,21406,healthcare,card,,
movie ticket booking ka ticket 25256 rs me lia cash se,25256,entertainment,cash,,
doctor ke yahan 49755 rs lagaa card se diyee,49755,healthcare,card,,
PPF contribution INR 7218,7218,investment,cash,,
exam fee ki fees 44781 rupaiye upi se bhara,44781,education,upi,,
Movie ticket booking INR 20331,20331,entertainment,cash,,
Electricity bill payment INR 35105,35105,utilities,upi,,
doctor ke yahan 13162 rupye lga card se diye,13162,healthcare,card,,
aaj gas bill payment ka 25686 rupaiye ka bill cash se bhra,25686,utilities,cash,,
water bill ka bill 30048 rupaye card se bharaa,30048,utilities,card,,
aaj electricity bill payment ka 11746 rs. ka bill upi se bhara,11746,utilities,upi,,
aaj swiggy order se khana order kya 42215 rupaye card se diy,42215,food,card,,
27495 rs diye exam fee ke liye card se,27495,education,card,,
27346 rupaye kharchaa kya game purchase pe cash se,27346,entertainment,cash,,
uber ride ki ticket 40875 rupaye me book kia card se,40875,travel,card,,
electronics shopping pe shopping kya 39697 rs. kharcha cash se,39697,shopping,cash,,
Gas bill payment INR 19316,19316,utilities,card,,
restaurant bill me 7262 rupay ka khana khaya card se,7262,food,card,,
online online shopping payment se 40887 ka saman liyaa cash se pay kiyaa,40887,shopping,cash,,
game purchase dekha 31392 rupaiye lagaa cash se diy,31392,entertainment,cash,,
Game purchase INR 22278,22278,entertainment,upi,,
Mobile recharge INR 12664,12664,utilities,cash,,
38893 rupay ppf contribution me daale upi se,38893,investment,upi,,
mobile recharge recharge kia 12539 rupaiye cash se,12539,utilities,cash,,
2688 rs. fixed deposit investment me daale cash se,2688,investment,cash,,
doctor ke yahan 16715 rupaye lgaa upi se diyee,16715,healthcare,upi,,
concert ticket dekha 44659 rupaiye lagaa card se diye,44659,entertainment,card,,
Hospital bill INR 6019,6019,healthcare,upi,,
College fees payment INR 30618,30618,education,upi,,
12217 rupye ka home loan emi installment upi se diyee,12217,emi,upi,,
doctor ke yahan 10598 rs. lagaa upi se die,10598,healthcare,upi,,
Swiggy order INR 26610,26610,food,upi,,
9334 rupay lgaa bus ticket me upi se diy,9334,travel,upi,,
Mutual fund SIP INR 17689,17689,investment,cash,,
12799 rs lga train ticket irctc me upi se diyee,12799,travel,upi,,
aaj train ticket irctc lia 12799 rs upi se pay kiya,12799,travel,upi,,
Stock purchase INR 49415,49415,investment,cash,,
Pizza delivery INR 25303,25303,food,cash,,
College fees payment INR 24317,24317,education,upi,,
hospital bill me 40591 rupye kharcha hua cash se diye,40591,healthcare,cash,,
loan ka bike loan emi 47834 rs card se pay kya,47834,emi,card,,
flipkart order pe shopping kiya 16125 rupaye karcha cash se,16125,shopping,cash,,
mutual fund sip me 867 rs. invest kia upi se,867,investment,upi,,
Water bill INR 41771,41771,utilities,upi,,
credit card emi ki EMI 45302 rupay card se bharaa,45302,emi,card,,
Mobile recharge INR 30885,30885,utilities,cash,,
gas bill payment ka bill 23449 rupaiye upi se bharra,23449,utilities,upi,,
amazon purchase pe shopping kia 41061 rs. kharch upi se,41061,shopping,upi,,
Hospital bill INR 20418,20418,healthcare,card,,
library fee ki fees 751 rs. cash se bhara,751,education,cash,,
padhai ke liye online course subscription pe 28784 rupay khrcha kia upi se,28784,education,upi,,
stock purchase me 9886 rupaiye invest kia card se,9886,investment,card,,
Flipkart order INR 48091,48091,shopping,cash,,
game purchase dekha 11089 rupay laga upi se die,11089,entertainment,upi,,
Food court payment INR 23041,23041,food,cash,,
Doctor consultation INR 27525,27525,healthcare,upi,,
medical test charges me 19930 rupye kharchaa hua upi se diye,19930,healthcare,upi,,
pharmacy medicine purchase me 27393 rupaiye khrcha hua cash se diye,27393,healthcare,cash,,
College fees payment INR 41913,41913,education,cash,,
aaj cafe coffee se khana order kya 40519 rupye card se diyee,40519,food,card,,
Pharmacy medicine purchase INR 49333,49333,healthcare,cash,,
Amazon purchase INR 657,657,shopping,upi,,
electricity bill payment recharge kiya 44217 rs upi se,44217,utilities,upi,,
padhai ke liye exam fee pe 10008 rs karcha kiyaa cash se,10008,education,cash,,
flipkart order pe shopping kiya 30021 rs khrcha upi se,30021,shopping,upi,,
train ticket irctc ka kiraya 13581 rupye diye upi se,13581,travel,upi,,
Train ticket IRCTC INR 32509,32509,travel,cash,,
36813 rupaye ppf contribution me daale upi se,36813,investment,upi,,
Pharmacy medicine purchase INR 36348,36348,healthcare,cash,,
College fees payment INR 46812,46812,education,upi,,
Concert ticket INR 10970,10970,entertainment,card,,
exam fee ki fees 39658 rupaye cash se bhra,39658,education,cash,,
Flipkart order INR 38338,38338,shopping,card,,
doctor ke yahan 20601 rs. laga cash se diyee,20601,healthcare,cash,,
online course subscription ki fees 7142 rupay upi se bharaa,7142,education,upi,,
doctor ke yahan 26939 rupaiye lgaa upi se diyee,26939,healthcare,upi,,
"cafe coffee pe 16726 ka bill tha, upi se pay kiya",16726,food,upi,,
concert ticket dekha 41070 rupay lga card se die,41070,entertainment,card,,
5666 rs. lga flight ticket booking me card se diy,5666,travel,card,,
loan ka car loan emi 18042 rs. cash se pay kya,18042,emi,cash,,
39961 rupay karcha kya netflix subscription pe card se,39961,entertainment,card,,
exam fee ka course 17400 rupaiye me liyaa card se pay kia,17400,education,card,,
hospital bill me 21582 rupay kharchaa hua card se diy,21582,healthcare,card,,
Cafe coffee INR 29805,29805,food,cash,,
Flipkart order INR 14678,14678,shopping,cash,,
Water bill INR 29161,29161,utilities,card,,
45105 rupye ka water bill bill pay kya upi se,45105,utilities,upi,,
!@#$%^&*(),-5000,,UPIID123,,
Netflix subscription INR 20976,20976,entertainment,upi,,
aaj zomato dinner se khana order kiyaa 29782 rupaiye card se diy,29782,food,card,,
aaj cafe coffee se khana order kya 41101 rupye upi se die,41101,food,upi,,
Restaurant bill INR 25605,25605,food,cash,,
aaj lunch at hotel se khana order kiya 46553 rs upi se diye,46553,food,upi,,
Cafe coffee INR 19608,19608,food,cash,,
Netflix subscription INR 34171,34171,entertainment,upi,,
24187 rupye kharcha kiya zomato dinner pe cash se,24187,food,cash,,
Mutual fund SIP INR 47289,47289,investment,card,,
Food court payment INR 5263,5263,food,upi,,
Car loan EMI INR 6376,6376,emi,cash,,
hospital bill me 32281 rupay karcha hua card se diy,32281,healthcare,card,,
medical test charges me 7218 rupay khrcha hua card se diye,7218,healthcare,card,,
Clothing store bill INR 45779,45779,shopping,cash,,
padhai ke liye exam fee pe 42339 rupay kharch kiyaa card se,42339,education,card,,
Pharmacy medicine purchase INR 18609,18609,healthcare,upi,,
Electricity bill payment INR 28914,28914,utilities,card,,
Hospital bill INR 10982,10982,healthcare,cash,,
doctor ke yahan 10982 rupaye lga cash se diyee,10982,healthcare,cash,,
32137 rupaye kharch kiyaa movie ticket booking pe card se,32137,entertainment,card,,
flipkart order pe shopping kiya 16890 rs khrcha cash se,16890,shopping,cash,,
Flight ticket booking INR 28002,28002,travel,card,,
48699 rupaiye ka hospital bill bill aaya cash se pay kiya,48699,healthcare,cash,,
44036 rupay kharch kiya swiggy order pe upi se,44036,food,upi,,
Mobile recharge INR 39124,39124,utilities,upi,,
padhai ke liye college fees payment pe 37583 rupaiye kharchaa kia upi se,37583,education,upi,,
Flipkart order INR 43147,43147,shopping,cash,,
23583 rupay ka order diy amazon purchase pe upi se,23583,shopping,upi,,
1863 rupaiye ka medical test charges bill aaya upi se pay kya,1863,healthcare,upi,,
swiggy order me 20666 rupay ka khana khya card se,20666,food,card,,
41844 rs kharchaa kia food court payment pe upi se,41844,food,upi,,
uber ride ka kiraya 4091 rupye die card se,4091,travel,card,,
bike loan emi ki EMI 43549 rupay card se bhara,43549,emi,card,,
online course subscription ka course 45638 rs. me liyaa upi se pay kiyaa,45638,education,upi,,
41109 rs. ka internet recharge bill pay kia cash se,41109,utilities,cash,,
online flipkart order se 9875 ka saman lya cash se pay kiya,9875,shopping,cash,,
aaj ola cab lya 27841 rs upi se pay kia,27841,travel,upi,,
aaj flight ticket booking liya 23466 rs upi se pay kiyaa,23466,travel,upi,,
medical test charges me 24323 rupye kharch hua cash se diyee,24323,healthcare,cash,,
Pizza delivery INR 43675,43675,food,card,,
Medical test charges INR 24364,24364,healthcare,cash,,
bus ticket ka kiraya 15145 rs diye upi se,15145,travel,upi,,
Game purchase INR 34664,34664,entertainment,upi,,
netflix subscription ka subscription 47708 rupaye cash se renew kiya,47708,entertainment,cash,,
"swiggy order pe 11840 ka bill tha, cash se pay kiya",11840,food,cash,,
Netflix subscription INR 19752,19752,entertainment,upi,,
movie ticket booking ka subscription 30918 rupaiye cash se renew kiya,30918,entertainment,cash,,
aaj ola cab lia 32694 rupye upi se pay kiyaa,32694,travel,upi,,
online clothing store bill se 12703 ka saman lia upi se pay kiya,12703,shopping,upi,,
aaj train ticket irctc lya 18636 rupaye upi se pay kiya,18636,travel,upi,,
loan ka personal loan installment 14867 rupaye upi se pay kiyaa,14867,emi,upi,,
train ticket irctc ki ticket 16286 rs me book kiya card se,16286,travel,card,,
Credit card EMI INR 17815,17815,emi,upi,,
Zomato dinner INR 12503,12503,food,upi,,
Electronics shopping INR 34476,34476,shopping,card,,
Pizza delivery INR 27901,27901,food,card,,
padhai ke liye online course subscription pe 30249 rupaiye khrcha kiyaa upi se,30249,education,upi,,
Amazon purchase INR 41075,41075,shopping,card,,
fixed deposit investment ka SIP 46466 rs cash se bhra,46466,investment,cash,,
Flipkart order INR 11624,11624,shopping,cash,,
lunch at hotel me 15735 rupay ka khana khya upi se,15735,food,upi,,
Netflix subscription INR 14429,14429,entertainment,card,,
loan ka personal loan installment 42245 rupaye cash se pay kiyaa,42245,emi,cash,,
College fees payment INR 44925,44925,education,cash,,
College fees payment INR 2477,2477,education,cash,,
Flipkart order INR 21042,21042,shopping,card,,
water bill recharge kya 20587 rs upi se,20587,utilities,upi,,
aaj bus ticket lia 1126 rupay card se pay kia,1126,travel,card,,
aaj ola cab lya 8904 rupaiye card se pay kiya,8904,travel,card,,
Clothing store bill INR 47901,47901,shopping,upi,,
ppf contribution me 36136 rupaye invest kia cash se,36136,investment,cash,,
aaj gas bill payment ka 34108 rupye ka bill card se bharra,34108,utilities,card,,
padhai ke liye online course subscription pe 21234 rs kharcha kia card se,21234,education,card,,
water bill ka bill 3280 rupaiye upi se bharaa,3280,utilities,upi,,
Electronics shopping INR 39951,39951,shopping,upi,,
amazon purchase se 32804 rupay ka shopping kiya cash se,32804,shopping,cash,,
Stock purchase INR 36662,36662,investment,upi,,
Online course subscription INR 11641,11641,education,card,,
35160 rupye kharchaa kia concert ticket pe upi se,35160,entertainment,upi,,
49429 rs ka gas bill payment bill pay kya upi se,49429,utilities,upi,,
car loan emi EMI 10617 rupay kat gaye cash se,10617,emi,cash,,
college fees payment ka course 24209 rupay me lya card se pay kia,24209,education,card,,
crypto investment me 43099 rs. invest kia upi se,43099,investment,upi,,
electronics shopping se 5457 rs. ka shopping kiya card se,5457,shopping,card,,
Bike loan EMI INR 48478,48478,emi,upi,,
online shopping payment pe shopping kya 33556 rupaiye khrcha cash se,33556,shopping,cash,,
Movie ticket booking INR 18234,18234,entertainment,upi,,
game purchase ka ticket 34581 rupay me lia card se,34581,entertainment,card,,
padhai ke liye exam fee pe 42825 rupye kharchaa kiya upi se,42825,education,upi,,
48091 rs. ka order die flipkart order pe cash se,48091,shopping,cash,,
concert ticket ka subscription 24539 rs. upi se renew kiyaa,24539,entertainment,upi,,
Lunch at hotel INR 23346,23346,food,card,,
concert ticket dekha 29784 rupay lagaa upi se diye,29784,entertainment,upi,,
Flight ticket booking INR 32362,32362,travel,upi,,
medical test charges me 15450 rupaiye kharchaa hua card se diy,15450,healthcare,card,,
Car loan EMI INR 8583,8583,emi,upi,,
electronics shopping pe shopping kiyaa 9790 rupay kharcha upi se,9790,shopping,upi,,
Clothing store bill INR 5655,5655,shopping,upi,,
Credit card EMI INR 34815,34815,emi,cash,,
Electricity bill payment INR 10971,10971,utilities,upi,,
Cafe coffee INR 18686,18686,food,cash,,
electricity bill payment ka bill 34378 rupaiye upi se bharra,34378,utilities,upi,,
Water bill INR 4121,4121,utilities,card,,
Bus ticket INR 31440,31440,travel,card,,
Hospital bill INR 8187,8187,healthcare,upi,,
movie ticket booking ka subscription 15998 rupaiye upi se renew kiyaa,15998,entertainment,upi,,
Flight ticket booking INR 42708,42708,travel,cash,,
internet recharge ka bill 18093 rs. card se bharaa,18093,utilities,card,,
exam fee ki fees 8687 rupye cash se bharaa,8687,education,cash,,
aaj train ticket irctc lya 28378 rs card se pay kiyaa,28378,travel,card,,
netflix subscription ka ticket 44520 rs. me lya cash se,44520,entertainment,cash,,
Crypto investment INR 7492,7492,investment,cash,,
bike loan emi ki EMI 28615 rupaiye upi se bharra,28615,emi,upi,,
car loan emi ki EMI 28609 rupay upi se bharaa,28609,emi,upi,,
Crypto investment INR 11482,11482,investment,card,,
mutual fund sip me 17643 rupaye invest kiyaa upi se,17643,investment,upi,,
Bike loan EMI INR 39036,39036,emi,upi,,
Electronics shopping INR 36965,36965,shopping,upi,,
Doctor consultation INR 27400,27400,healthcare,upi,,
mutual fund sip ka SIP 23788 rs. card se bhara,23788,investment,card,,
16366 rs. ka bike loan emi installment upi se diy,16366,emi,upi,,
34108 rupaiye ka gas bill payment bill pay kiya card se,34108,utilities,card,,
amazon purchase pe shopping kia 3064 rupye kharch card se,3064,shopping,card,,
bike loan emi ki EMI 32567 rupye cash se bhara,32567,emi,cash,,
Online course subscription INR 43356,43356,education,card,,
Personal loan installment INR 6146,6146,emi,cash,,
Messy outlier tx ccard,"1,000",unknown,bitcoin,,
Game purchase INR 24508,24508,entertainment,upi,,
flight ticket booking ka kiraya 29593 rupaiye diy card se,29593,travel,card,,
fixed deposit investment me 18091 rupaiye invest kiya upi se,18091,investment,upi,,
Exam fee INR 42339,42339,education,card,,
Online course subscription INR 15122,15122,education,upi,,
water bill ka bill 47023 rupay card se bhra,47023,utilities,card,,
personal loan installment ki EMI 49273 rs cash se bharaa,49273,emi,cash,,
exam fee ki fees 19878 rs card se bharra,19878,education,card,,
medical test charges me 18302 rs. kharch hua card se diy,18302,healthcare,card,,
college fees payment ki fees 40397 rupye cash se bhara,40397,education,cash,,
Home loan EMI INR 34817,34817,emi,upi,,
netflix subscription ka subscription 7863 rupye cash se renew kia,7863,entertainment,cash,,
fixed deposit investment me 25057 rs. invest kia card se,25057,investment,card,,
pharmacy medicine purchase pe 47524 rs khrcha hui davai pe upi se,47524,healthcare,upi,,
home loan emi EMI 14384 rupaye kat gaye cash se,14384,emi,cash,,
Ola cab INR 27973,27973,travel,card,,
online online shopping payment se 10037 ka saman liyaa cash se pay kya,10037,shopping,cash,,
flight ticket booking ki ticket 605 rs me book kiya cash se,605,travel,cash,,
aaj uber ride lia 32464 rs cash se pay kiya,32464,travel,cash,,
Concert ticket INR 32412,32412,entertainment,cash,,
pizza delivery me 29088 rs. ka khana khayaa card se,29088,food,card,,
Mobile recharge INR 44010,44010,utilities,cash,,
PPF contribution INR 34072,34072,investment,cash,,
Netflix subscription INR 7217,7217,entertainment,cash,,
doctor ke yahan 36271 rupaiye lgaa cash se diye,36271,healthcare,cash,,
home loan emi EMI 30868 rupaiye kat gaye card se,30868,emi,card,,
Cafe coffee INR 27812,27812,food,cash,,
PPF contribution INR 17144,17144,investment,card,,
Movie ticket booking INR 21756,21756,entertainment,cash,,
padhai ke liye online course subscription pe 49136 rupye kharcha kia cash se,49136,education,cash,,
Train ticket IRCTC INR 2587,2587,travel,upi,,
25259 rupye ka medical test charges bill aaya upi se pay kiyaa,25259,healthcare,upi,,
water bill ka bill 15760 rupye cash se bhra,15760,utilities,cash,,
medical test charges pe 36229 rs kharch hui davai pe card se,36229,healthcare,card,,
48298 rs karcha kya food court payment pe cash se,48298,food,cash,,
bike loan emi ki EMI 28540 rupye upi se bhra,28540,emi,upi,,
Uber ride INR 7532,7532,travel,cash,,
crypto investment ka SIP 39012 rupaiye upi se bharaa,39012,investment,upi,,
netflix subscription dekha 45562 rupye lga card se diye,45562,entertainment,card,,
Personal loan installment INR 16273,16273,emi,cash,,
25196 rupye ka bike loan emi installment upi se diye,25196,emi,upi,,
aaj train ticket irctc liyaa 45319 rupye cash se pay kya,45319,travel,cash,,
internet recharge ka bill 46920 rupaiye upi se bharra,46920,utilities,upi,,
loan ka home loan emi 43373 rupye card se pay kiya,43373,emi,card,,
online online shopping payment se 25211 ka saman liyaa upi se pay kiyaa,25211,shopping,upi,,
crypto investment me 17430 rupye invest kia upi se,17430,investment,upi,,
41392 rs diy library fee ke liye upi se,41392,education,upi,,
internet recharge recharge kya 35735 rupaiye cash se,35735,utilities,cash,,
fixed deposit investment me 16524 rs. invest kiya card se,16524,investment,card,,
gas bill payment recharge kya 10664 rupaiye card se,10664,utilities,card,,
Crypto investment INR 1057,1057,investment,upi,,
5925 rs diye online course subscription ke liye cash se,5925,education,cash,,
ppf contribution me 17144 rs. invest kia card se,17144,investment,card,,
pharmacy medicine purchase me 37498 rs. karcha hua cash se diy,37498,healthcare,cash,,
Gas bill payment INR 49419,49419,utilities,upi,,
Electricity bill payment INR 43742,43742,utilities,card,,
aaj mobile recharge ka 12664 rupaye ka bill cash se bharra,12664,utilities,cash,,
online electronics shopping se 40392 ka saman liyaa cash se pay kiyaa,40392,shopping,cash,,
Clothing store bill INR 8992,8992,shopping,upi,,
aaj gas bill payment ka 23695 rs. ka bill cash se bharra,23695,utilities,cash,,
16424 rupaiye ka mobile recharge bill pay kia card se,16424,utilities,card,,
train ticket irctc ki ticket 43359 rs. me book kiyaa cash se,43359,travel,cash,,
41660 rupye crypto investment me daale cash se,41660,investment,cash,,
car loan emi ki EMI 17416 rupay card se bhra,17416,emi,card,,
pharmacy medicine purchase pe 14492 rupaye kharcha hui davai pe card se,14492,healthcare,card,,
Stock purchase INR 19372,19372,investment,card,,
Swiggy order INR 12694,12694,food,card,,
aaj crypto investment me 48460 rs lagaye card se,48460,investment,card,,
Netflix subscription INR 27635,27635,entertainment,upi,,
padhai ke liye online course subscription pe 17133 rs. karcha kia card se,17133,education,card,,
Personal loan installment INR 25772,25772,emi,card,,
medical test charges pe 7713 rupay kharch hui davai pe cash se,7713,healthcare,cash,,
Pizza delivery INR 37935,37935,food,card,,
Swiggy order INR 40642,40642,food,card,,
electricity bill payment ka bill 49276 rupaye card se bharaa,49276,utilities,card,,
concert ticket ka ticket 36845 rupaye me liya cash se,36845,entertainment,cash,,
29206 rupye ka pharmacy medicine purchase bill aaya upi se pay kya,29206,healthcare,upi,,
concert ticket dekha 29670 rupye lgaa upi se diy,29670,entertainment,upi,,
Library fee INR 28891,28891,education,cash,,
Online shopping payment INR 25020,25020,shopping,card,,
17611 rupaiye lgaa uber ride me cash se diye,17611,travel,cash,,
aaj swiggy order se khana order kiya 42173 rs card se diye,42173,food,card,,
netflix subscription ka ticket 34899 rs me liyaa card se,34899,entertainment,card,,
44179 rupaye diyee college fees payment ke liye upi se,44179,education,upi,,
Exam fee INR 24447,24447,education,upi,,
Stock purchase INR 24909,24909,investment,card,,
water bill ka bill 27033 rs card se bharaa,27033,utilities,card,,
electronics shopping pe shopping kiyaa 8199 rs. karcha cash se,8199,shopping,cash,,
online clothing store bill se 5797 ka saman lia card se pay kiyaa,5797,shopping,card,,
home loan emi EMI 39947 rupaye kat gaye upi se,39947,emi,upi,,
"cafe coffee pe 25450 ka bill tha, upi se pay kiya",25450,food,upi,,
mobile recharge ka bill 14465 rs upi se bharra,14465,utilities,upi,,
"lunch at hotel pe 9226 ka bill tha, upi se pay kia",9226,food,upi,,
online shopping payment se 21177 rs ka shopping kiya upi se,21177,shopping,upi,,
Amazon purchase INR 36114,36114,shopping,card,,
movie ticket booking ka subscription 11506 rs. upi se renew kiya,11506,entertainment,upi,,
bike loan emi ki EMI 19302 rs cash se bhra,19302,emi,cash,,
Hospital bill INR 15019,15019,healthcare,card,,
Bike loan EMI INR 12296,12296,emi,cash,,
personal loan installment ki EMI 35907 rs cash se bhara,35907,emi,cash,,
46224 rupaye ka electricity bill payment bill pay kya cash se,46224,utilities,cash,,
medical test charges me 47323 rupay kharch hua cash se diyee,47323,healthcare,cash,,
doctor ke yahan 35454 rupaye laga upi se diy,35454,healthcare,upi,,
College fees payment INR 6934,6934,education,cash,,
game purchase ka ticket 6697 rs me lya cash se,6697,entertainment,cash,,
Fixed deposit investment INR 11307,11307,investment,upi,,
aaj uber ride lya 11240 rupye cash se pay kiya,11240,travel,cash,,
Electronics shopping INR 23971,23971,shopping,card,,
Food court payment INR 3471,3471,food,upi,,
pizza delivery ka khana 35842 rupaiye me aaya cash se diy,35842,food,cash,,
game purchase ka subscription 7336 rupye cash se renew kiyaa,7336,entertainment,cash,,
personal loan installment ki EMI 5391 rupye upi se bharaa,5391,emi,upi,,
netflix subscription dekha 12228 rupaiye lgaa card se die,12228,entertainment,card,,
padhai ke liye online course subscription pe 24146 rupay khrcha kiyaa cash se,24146,education,cash,,
medical test charges pe 39844 rupye khrcha hui davai pe upi se,39844,healthcare,upi,,
movie ticket booking ka subscription 32022 rupay cash se renew kia,32022,entertainment,cash,,
ola cab ka kiraya 32694 rupaye diy upi se,32694,travel,upi,,
12317 rs ka order die clothing store bill pe cash se,12317,shopping,cash,,
15932 rs. ka doctor consultation bill aaya upi se pay kiyaa,15932,healthcare,upi,,
47992 rupaye diye exam fee ke liye cash se,47992,education,cash,,
electronics shopping se 25464 rs ka shopping kiya upi se,25464,shopping,upi,,
43652 rs ka order diyee online shopping payment pe upi se,43652,shopping,upi,,
Flight ticket booking INR 32051,32051,travel,card,,
29431 rupye die exam fee ke liye upi se,29431,education,upi,,
38509 rs. ka water bill bill pay kiya upi se,38509,utilities,upi,,
concert ticket dekha 12775 rs lgaa card se die,12775,entertainment,card,,
electronics shopping se 26312 rs ka shopping kya card se,26312,shopping,card,,
Hotel booking INR 18272,18272,travel,cash,,
fixed deposit investment ka SIP 7885 rupaye card se bhara,7885,investment,card,,
15122 rupaye diyee online course subscription ke liye upi se,15122,education,upi,,
Bike loan EMI INR 38103,38103,emi,cash,,
medical test charges pe 48915 rupaye karcha hui davai pe cash se,48915,healthcare,cash,,
Electronics shopping INR 24389,24389,shopping,upi,,
36390 rupaiye ka personal loan installment installment card se diy,36390,emi,card,,
33087 rupay ka pharmacy medicine purchase bill aaya cash se pay kya,33087,healthcare,cash,,
College fees payment INR 10335,10335,education,upi,,
38881 rs ka car loan emi installment card se diyee,38881,emi,card,,
zomato dinner ka khana 1950 rupye me aaya cash se diy,1950,food,cash,,
bike loan emi EMI 26366 rupay kat gaye upi se,26366,emi,upi,,
Doctor consultation INR 3844,3844,healthcare,upi,,
pharmacy medicine purchase me 17428 rupay kharchaa hua upi se diyee,17428,healthcare,upi,,
Gas bill payment INR 15130,15130,utilities,card,,
water bill recharge kya 47699 rs cash se,47699,utilities,cash,,
hotel booking ki ticket 1116 rupaiye me book kiyaa upi se,1116,travel,upi,,
library fee ka course 31098 rupaiye me liya upi se pay kia,31098,education,upi,,
game purchase ka ticket 38459 rs me lia upi se,38459,entertainment,upi,,
Online shopping payment INR 46279,46279,shopping,card,,
Flight ticket booking INR 11752,11752,travel,card,,
8115 rs ka order die online shopping payment pe upi se,8115,shopping,upi,,
loan ka car loan emi 44096 rupye cash se pay kiya,44096,emi,cash,,
Internet recharge INR 13505,13505,utilities,card,,
21306 rs lagaa hotel booking me upi se die,21306,travel,upi,,
Netflix subscription INR 8853,8853,entertainment,upi,,
gas bill payment recharge kiyaa 24221 rupye upi se,24221,utilities,upi,,
Water bill INR 1830,1830,utilities,upi,,
fixed deposit investment ka SIP 696 rs card se bharra,696,investment,card,,
online shopping payment se 26486 rupay ka shopping kiya cash se,26486,shopping,cash,,
Pizza delivery INR 32270,32270,food,cash,,
online electronics shopping se 14073 ka saman liya upi se pay kiyaa,14073,shopping,upi,,
Cafe coffee INR 41101,41101,food,upi,,
uber ride ki ticket 37677 rupaiye me book kia cash se,37677,travel,cash,,
Hospital bill INR 25636,25636,healthcare,card,,
Uber ride INR 30139,30139,travel,card,,
aaj stock purchase me 43474 rupaye lagaye upi se,43474,investment,upi,,
online flipkart order se 48627 ka saman lya card se pay kya,48627,shopping,card,,
!@#$%^&*(),99999999,error,ccard,,EDA test row
29449 rs. ka credit card emi installment cash se diye,29449,emi,cash,,
netflix subscription ka subscription 3365 rs upi se renew kya,3365,entertainment,upi,,
Clothing store bill INR 39724,39724,shopping,card,,
aaj uber ride liyaa 35008 rs cash se pay kiya,35008,travel,cash,,
aaj flight ticket booking lya 46270 rupay upi se pay kiya,46270,travel,upi,,
Pharmacy medicine purchase INR 39723,39723,healthcare,cash,,
Personal loan installment INR 23480,23480,emi,upi,,
Pharmacy medicine purchase INR 39841,39841,healthcare,card,,
hospital bill pe 24670 rupay kharchaa hui davai pe cash se,24670,healthcare,cash,,
Clothing store bill INR 45765,45765,shopping,upi,,
Online course subscription INR 4185,4185,education,cash,,
aaj gas bill payment ka 18171 rupye ka bill upi se bharaa,18171,utilities,upi,,
doctor consultation pe 4953 rupye kharcha hui davai pe upi se,4953,healthcare,upi,,
concert ticket ka ticket 36962 rupaye me liya cash se,36962,entertainment,cash,,
doctor ke yahan 23470 rupay laga upi se diy,23470,healthcare,upi,,
Fixed deposit investment INR 45655,45655,investment,card,,
Crypto investment INR 38550,38550,investment,card,,
movie ticket booking ka ticket 22657 rupaiye me lya cash se,22657,entertainment,cash,,
credit card emi EMI 27833 rupaiye kat gaye cash se,27833,emi,cash,,
Car loan EMI INR 7944,7944,emi,upi,,
49493 rupaiye diye library fee ke liye upi se,49493,education,upi,,
online electronics shopping se 9613 ka saman liyaa card se pay kia,9613,shopping,card,,
Crypto investment INR 30273,30273,investment,cash,,
Restaurant bill INR 31261,31261,food,cash,,
aaj uber ride liya 49631 rupaiye cash se pay kiya,49631,travel,cash,,
amazon purchase se 3064 rs ka shopping kia card se,3064,shopping,card,,
home loan emi EMI 8513 rupay kat gaye upi se,8513,emi,upi,,
49400 rs ka water bill bill pay kiya cash se,49400,utilities,cash,,
Stock purchase INR 48968,48968,investment,upi,,
flight ticket booking ka kiraya 23668 rs. diy cash se,23668,travel,cash,,
pharmacy medicine purchase me 16564 rupaiye karcha hua cash se diye,16564,healthcare,cash,,
Car loan EMI INR 21693,21693,emi,card,,
bike loan emi EMI 4969 rupay kat gaye cash se,4969,emi,cash,,
flipkart order pe shopping kiyaa 49009 rs. kharcha upi se,49009,shopping,upi,,
PPF contribution INR 36232,36232,investment,card,,
39658 rupye die exam fee ke liye cash se,39658,education,cash,,
49627 rupay ka hospital bill bill aaya cash se pay kia,49627,healthcare,cash,,
PPF contribution INR 21593,21593,investment,upi,,
stock purchase ka SIP 27031 rs card se bharaa,27031,investment,card,,
Internet recharge INR 36202,36202,utilities,cash,,
uber ride ka kiraya 49739 rs. diyee upi se,49739,travel,upi,,
internet recharge ka bill 9732 rupay cash se bhara,9732,utilities,cash,,
online course subscription ki fees 38191 rupaiye upi se bharaa,38191,education,upi,,
Mobile recharge INR 27181,27181,utilities,upi,,
Online shopping payment INR 45178,45178,shopping,cash,,
Ola cab INR 48597,48597,travel,upi,,
47366 rs laga train ticket irctc me cash se diyee,47366,travel,cash,,
aaj crypto investment me 40968 rs. lagaye card se,40968,investment,card,,
Clothing store bill INR 6460,6460,shopping,cash,,
Online course subscription INR 48116,48116,education,card,,
Flipkart order INR 16263,16263,shopping,cash,,
9065 rs. ka bike loan emi installment cash se diy,9065,emi,cash,,
game purchase ka ticket 31308 rupaye me lya cash se,31308,entertainment,cash,,
hospital bill me 43349 rs kharchaa hua cash se diy,43349,healthcare,cash,,
gas bill payment recharge kiya 38818 rs. cash se,38818,utilities,cash,,
netflix subscription ka subscription 32986 rupaiye card se renew kiya,32986,entertainment,card,,
Internet recharge INR 430,430,utilities,upi,,
electricity bill payment ka bill 11469 rupaiye cash se bharra,11469,utilities,cash,,
library fee ka course 10971 rupaiye me liyaa upi se pay kia,10971,education,upi,,
30236 rupaiye khrcha kya food court payment pe upi se,30236,food,upi,,
1088 rs. ka medical test charges bill aaya card se pay kia,1088,healthcare,card,,
aaj mutual fund sip me 16400 rupay lagaye cash se,16400,investment,cash,,
Concert ticket INR 46062,46062,entertainment,upi,,
Amazon purchase INR 26863,26863,shopping,upi,,
online course subscription ki fees 49691 rs cash se bharra,49691,education,cash,,
8066 rs die college fees payment ke liye cash se,8066,education,cash,,
electricity bill payment recharge kiya 13294 rupay upi se,13294,utilities,upi,,
zomato dinner me 35920 rupay ka khana khaaya card se,35920,food,card,,
Library fee INR 13858,13858,education,upi,,
Electricity bill payment INR 22182,22182,utilities,cash,,
bus ticket ki ticket 6287 rs. me book kiya upi se,6287,travel,upi,,
aaj crypto investment me 37116 rs. lagaye card se,37116,investment,card,,
49904 rupay diyee online course subscription ke liye upi se,49904,education,upi,,
car loan emi ki EMI 19068 rupaye card se bharra,19068,emi,card,,
Exam fee INR 11466,11466,education,upi,,
17816 rupaye ka electricity bill payment bill pay kya upi se,17816,utilities,upi,,
Clothing store bill INR 17766,17766,shopping,card,,
aaj hotel booking liya 19263 rs cash se pay kiyaa,19263,travel,cash,,
aaj lunch at hotel se khana order kiyaa 11147 rupye card se die,11147,food,card,,
Train ticket IRCTC INR 29030,29030,travel,card,,
loan ka bike loan emi 30805 rupaiye upi se pay kia,30805,emi,upi,,
49053 rupaye ka credit card emi installment card se diye,49053,emi,card,,
Internet recharge INR 26265,26265,utilities,card,,
ola cab ki ticket 23750 rupye me book kiyaa upi se,23750,travel,upi,,
loan ka car loan emi 26267 rupay card se pay kiya,26267,emi,card,,
train ticket irctc ki ticket 38303 rupye me book kiya cash se,38303,travel,cash,,
Messy outlier tx csh,NaN,,bitcoin,,EDA test row
39699 rs fixed deposit investment me daale cash se,39699,investment,cash,,
train ticket irctc ki ticket 39157 rupaye me book kiyaa card se,39157,travel,card,,
bus ticket ka kiraya 23312 rupay diye cash se,23312,travel,cash,,
Hotel booking INR 6313,6313,travel,upi,,
Personal loan installment INR 17551,17551,emi,card,,
Movie ticket booking INR 11506,11506,entertainment,upi,,
Concert ticket INR 8531,8531,entertainment,upi,,
pharmacy medicine purchase me 32333 rupaiye kharch hua upi se diyee,32333,healthcare,upi,,
College fees payment INR 23735,23735,education,card,,
padhai ke liye library fee pe 31273 rs kharchaa kya card se,31273,education,card,,
aaj flight ticket booking liyaa 39000 rupye upi se pay kia,39000,travel,upi,,
32920 rupay ka personal loan installment installment cash se die,32920,emi,cash,,
aaj bus ticket liyaa 30749 rupye upi se pay kia,30749,travel,upi,,
food court payment me 7103 rupay ka khana khaaya upi se,7103,food,upi,,
"cafe coffee pe 44825 ka bill tha, cash se pay kia",44825,food,cash,,
Internet recharge INR 27050,27050,utilities,card,,
ppf contribution me 36574 rs. invest kia upi se,36574,investment,upi,,
movie ticket booking ka ticket 19831 rs me liyaa card se,19831,entertainment,card,,
29968 rs ka credit card emi installment cash se diye,29968,emi,cash,,
677 rupay diyee college fees payment ke liye cash se,677,education,cash,,
Internet recharge INR 8619,8619,utilities,cash,,
Library fee INR 30949,30949,education,upi,,
padhai ke liye college fees payment pe 41709 rs. karcha kya upi se,41709,education,upi,,
electricity bill payment recharge kiyaa 36325 rupay cash se,36325,utilities,cash,,
amazon purchase pe shopping kya 36114 rupaye kharch card se,36114,shopping,card,,
7480 rs ka internet recharge bill pay kiya card se,7480,utilities,card,,
aaj restaurant bill se khana order kiyaa 13363 rupay cash se diy,13363,food,cash,,
medical test charges pe 31104 rupaiye kharch hui davai pe upi se,31104,healthcare,upi,,
Internet recharge INR 36022,36022,utilities,card,,
PPF contribution INR 25508,25508,investment,cash,,
loan ka bike loan emi 6795 rs. card se pay kiyaa,6795,emi,card,,
Mobile recharge INR 36986,36986,utilities,cash,,
Hotel booking INR 18365,18365,travel,upi,,
Stock purchase INR 37360,37360,investment,upi,,
Doctor consultation INR 31107,31107,healthcare,upi,,
Flight ticket booking INR 18699,18699,travel,cash,,
padhai ke liye college fees payment pe 29907 rupaiye kharcha kiyaa cash se,29907,education,cash,,
Fixed deposit investment INR 15181,15181,investment,card,,
home loan emi ki EMI 39290 rs cash se bharra,39290,emi,cash,,
Concert ticket INR 19807,19807,entertainment,card,,
Mobile recharge INR 14526,14526,utilities,cash,,
restaurant bill me 11521 rupay ka khana khaaya cash se,11521,food,cash,,
PPF contribution INR 1178,1178,investment,upi,,
aaj mutual fund sip me 12900 rupye lagaye cash se,12900,investment,cash,,
1923 rupye ka personal loan installment installment upi se diye,1923,emi,upi,,
pharmacy medicine purchase me 42619 rupye kharchaa hua card se diyee,42619,healthcare,card,,
Restaurant bill INR 9532,9532,food,card,,
water bill recharge kya 18748 rupay card se,18748,utilities,card,,
Amazon purchase INR 1683,1683,shopping,cash,,
movie ticket booking ka ticket 28234 rupye me lya cash se,28234,entertainment,cash,,
7326 rs. diyee exam fee ke liye card se,7326,education,card,,
stock purchase me 25510 rupaye invest kya cash se,25510,investment,cash,,
amazon purchase pe shopping kiya 27721 rupye karcha cash se,27721,shopping,cash,,
doctor ke yahan 41265 rupaiye lagaa upi se diye,41265,healthcare,upi,,
Gas bill payment INR 44286,44286,utilities,upi,,
43837 rs lagaa uber ride me cash se diy,43837,travel,cash,,
electronics shopping pe shopping kiya 10415 rupay khrcha card se,10415,shopping,card,,
hospital bill pe 16432 rupaiye kharch hui davai pe card se,16432,healthcare,card,,
Cafe coffee INR 33621,33621,food,upi,,
mutual fund sip me 25450 rs invest kiyaa card se,25450,investment,card,,
Crypto investment INR 37344,37344,investment,upi,,
Credit card EMI INR 12312,12312,emi,card,,
24983 rupaiye ka personal loan installment installment cash se diye,24983,emi,cash,,
online shopping payment pe shopping kia 32066 rs kharcha card se,32066,shopping,card,,
loan ka credit card emi 42536 rupye card se pay kiyaa,42536,emi,card,,
loan ka home loan emi 32397 rs. cash se pay kiya,32397,emi,cash,,
gas bill payment recharge kiya 27948 rupaye upi se,27948,utilities,upi,,
Water bill INR 29107,29107,utilities,card,,
Internet recharge INR 39778,39778,utilities,card,,
Personal loan installment INR 2915,2915,emi,upi,,
Pharmacy medicine purchase INR 22272,22272,healthcare,card,,
Doctor consultation INR 16440,16440,healthcare,upi,,
Personal loan installment INR 47998,47998,emi,upi,,
pharmacy medicine purchase me 40150 rupay karcha hua card se diye,40150,healthcare,card,,
padhai ke liye library fee pe 17952 rupaye kharcha kia upi se,17952,education,upi,,
aaj pizza delivery se khana order kya 30158 rupay upi se diy,30158,food,upi,,
credit card emi EMI 35650 rs kat gaye card se,35650,emi,card,,
netflix subscription ka subscription 37523 rupaiye card se renew kya,37523,entertainment,card,,
Bike loan EMI INR 17710,17710,emi,cash,,
Bus ticket INR 35276,35276,travel,card,,
car loan emi ki EMI 49197 rupay upi se bharaa,49197,emi,upi,,
cafe coffee ka khana 25210 rupay me aaya upi se diye,25210,food,upi,,
exam fee ki fees 42339 rupaiye card se bharaa,42339,education,card,,
37499 rs lga train ticket irctc me card se die,37499,travel,card,,
24008 rupaiye ka mobile recharge bill pay kia cash se,24008,utilities,cash,,
28769 rs kharchaa kiyaa cafe coffee pe cash se,28769,food,cash,,
28611 rupaiye ka bike loan emi installment cash se diyee,28611,emi,cash,,
Game purchase INR 30065,30065,entertainment,card,,
41958 rupaiye ka pharmacy medicine purchase bill aaya cash se pay kia,41958,healthcare,cash,,
Doctor consultation INR 26046,26046,healthcare,card,,
Online course subscription INR 1808,1808,education,upi,,
Flipkart order INR 17650,17650,shopping,cash,,
exam fee ka course 23412 rupye me lya card se pay kya,23412,education,card,,
43356 rs. die online course subscription ke liye card se,43356,education,card,,
Exam fee INR 34303,34303,education,card,,
1140 rupaye ka order diyee electronics shopping pe upi se,1140,shopping,upi,,
doctor consultation me 9903 rupay kharch hua cash se diy,9903,healthcare,cash,,
medical test charges pe 20876 rupaye kharchaa hui davai pe card se,20876,healthcare,card,,
home loan emi EMI 23625 rs. kat gaye card se,23625,emi,card,,
car loan emi EMI 31047 rupaiye kat gaye card se,31047,emi,card,,
lunch at hotel ka khana 43199 rupay me aaya card se die,43199,food,card,,
Messy outlier tx unknown,"1,000",blabla,ccard,,EDA test row
Online course subscription INR 39465,39465,education,upi,,
Hospital bill INR 20018,20018,healthcare,upi,,
aaj ppf contribution me 31717 rupaiye lagaye cash se,31717,investment,cash,,
doctor consultation me 19780 rupay kharcha hua card se die,19780,healthcare,card,,
Train ticket IRCTC INR 28434,28434,travel,card,,
loan ka credit card emi 41944 rupaye cash se pay kia,41944,emi,cash,,
29985 rs diyee online course subscription ke liye cash se,29985,education,cash,,
flight ticket booking ki ticket 8787 rupaye me book kya cash se,8787,travel,cash,,
internet recharge recharge kiya 11631 rupaye upi se,11631,utilities,upi,,
clothing store bill pe shopping kiya 36186 rupay kharch card se,36186,shopping,card,,
aaj ppf contribution me 17648 rupaye lagaye cash se,17648,investment,cash,,
water bill ka bill 44497 rupaye upi se bhra,44497,utilities,upi,,
food court payment me 5422 rupay ka khana khaaya cash se,5422,food,cash,,
aaj lunch at hotel se khana order kiyaa 41395 rupaye card se diyee,41395,food,card,,
Hotel booking INR 16537,16537,travel,upi,,
Flipkart order INR 44903,44903,shopping,upi,,
online electronics shopping se 24389 ka saman lia upi se pay kiyaa,24389,shopping,upi,,
flipkart order pe shopping kia 47760 rs kharchaa card se,47760,shopping,card,,
Online shopping payment INR 22813,22813,shopping,cash,,
Concert ticket INR 14786,14786,entertainment,cash,,
loan ka credit card emi 34866 rupay cash se pay kiya,34866,emi,cash,,
Mobile recharge INR 13054,13054,utilities,card,,
Water bill INR 19891,19891,utilities,cash,,
exam fee ka course 28470 rupaye me liya cash se pay kiya,28470,education,cash,,
Flight ticket booking INR 36652,36652,travel,upi,,
mobile recharge ka bill 39235 rupaye card se bharra,39235,utilities,card,,
31910 rupaiye ka gas bill payment bill pay kiya card se,31910,utilities,card,,
Mobile recharge INR 978,978,utilities,card,,
Pizza delivery INR 35842,35842,food,cash,,
flipkart order se 19969 rs ka shopping kya cash se,19969,shopping,cash,,
aaj uber ride liya 32055 rupaiye upi se pay kya,32055,travel,upi,,
Zomato dinner INR 14676,14676,food,cash,,
college fees payment ka course 43212 rupye me liyaa cash se pay kya,43212,education,cash,,
Pharmacy medicine purchase INR 20624,20624,healthcare,cash,,
Lunch at hotel INR 38184,38184,food,card,,
Internet recharge INR 42716,42716,utilities,cash,,
34325 rupaye diy exam fee ke liye upi se,34325,education,upi,,
padhai ke liye exam fee pe 41105 rupaye kharchaa kia cash se,41105,education,cash,,
Clothing store bill INR 45382,45382,shopping,cash,,
Netflix subscription INR 39343,39343,entertainment,upi,,
car loan emi ki EMI 13612 rs. upi se bharaa,13612,emi,upi,,
Online shopping payment INR 28001,28001,shopping,upi,,
16288 rs ka water bill bill pay kya upi se,16288,utilities,upi,,
cafe coffee me 42014 rupaiye ka khana khayaa card se,42014,food,card,,
movie ticket booking dekha 32741 rupaye lgaa cash se diy,32741,entertainment,cash,,
Cafe coffee INR 28790,28790,food,cash,,
fixed deposit investment me 1472 rs invest kya cash se,1472,investment,cash,,
internet recharge recharge kya 36322 rs card se,36322,utilities,card,,
loan ka bike loan emi 31978 rupaye upi se pay kiyaa,31978,emi,upi,,
library fee ki fees 7422 rs. cash se bhra,7422,education,cash,,
Pizza delivery INR 4807,4807,food,cash,,
aaj zomato dinner se khana order kiyaa 24354 rupaye card se diy,24354,food,card,,
17874 rupay ka internet recharge bill pay kya cash se,17874,utilities,cash,,
Internet recharge INR 5611,5611,utilities,upi,,
28283 rupye kharch kia swiggy order pe card se,28283,food,card,,
Hotel booking INR 2072,2072,travel,card,,
bus ticket ka kiraya 27129 rupaiye diyee card se,27129,travel,card,,
3975 rs ka medical test charges bill aaya card se pay kiyaa,3975,healthcare,card,,
PPF contribution INR 25285,25285,investment,card,,
,NaN,blabla,123,NY,
Bike loan EMI INR 8461,8461,emi,cash,,
Food court payment INR 49495,49495,food,upi,,
Zomato dinner INR 14436,14436,food,card,,
Online course subscription INR 49077,49077,education,card,,
restaurant bill ka khana 31520 rupaiye me aaya card se diy,31520,food,card,,
mobile recharge ka bill 19578 rupaiye upi se bharra,19578,utilities,upi,,
personal loan installment EMI 6793 rupaiye kat gaye card se,6793,emi,card,,
library fee ki fees 5239 rs. card se bharra,5239,education,card,,
Food court payment INR 38482,38482,food,card,,
mutual fund sip me 44781 rupaiye invest kia cash se,44781,investment,cash,,
40149 rupye diyee online course subscription ke liye upi se,40149,education,upi,,
zomato dinner ka khana 3063 rupay me aaya cash se die,3063,food,cash,,
Flipkart order INR 37009,37009,shopping,cash,,
4078 rupye ka credit card emi installment upi se die,4078,emi,upi,,
flipkart order se 11696 rupay ka shopping kia upi se,11696,shopping,upi,,
aaj stock purchase me 22381 rupaiye lagaye card se,22381,investment,card,,
48752 rs ka doctor consultation bill aaya upi se pay kiya,48752,healthcare,upi,,
personal loan installment ki EMI 19784 rupaye upi se bhara,19784,emi,upi,,
electronics shopping pe shopping kiyaa 26152 rs. karcha cash se,26152,shopping,cash,,
44519 rupye ka internet recharge bill pay kia upi se,44519,utilities,upi,,
Doctor consultation INR 9721,9721,healthcare,card,,
aaj stock purchase me 9065 rs. lagaye card se,9065,investment,card,,
32511 rupye stock purchase me daale cash se,32511,investment,cash,,
hotel booking ki ticket 38983 rupye me book kya cash se,38983,travel,cash,,
Gas bill payment INR 23449,23449,utilities,upi,,
credit card emi ki EMI 1521 rupay cash se bhara,1521,emi,cash,,
Exam fee INR 8687,8687,education,cash,,
43675 rupye kharchaa kiyaa pizza delivery pe card se,43675,food,card,,
gas bill payment recharge kya 26142 rs card se,26142,utilities,card,,
flipkart order pe shopping kiya 7484 rupaye kharch upi se,7484,shopping,upi,,
10194 rs. ka medical test charges bill aaya cash se pay kiyaa,10194,healthcare,cash,,
flipkart order se 46141 rs. ka shopping kiyaa upi se,46141,shopping,upi,,
pharmacy medicine purchase pe 43277 rs karcha hui davai pe cash se,43277,healthcare,cash,,
doctor consultation me 42096 rs. khrcha hua upi se diye,42096,healthcare,upi,,
aaj ola cab liya 20826 rupay upi se pay kiya,20826,travel,upi,,
16947 rs ka mobile recharge bill pay kia upi se,16947,utilities,upi,,
43421 rupaye lga bus ticket me cash se die,43421,travel,cash,,
Zomato dinner INR 18931,18931,food,upi,,
aaj uber ride lia 44447 rupye upi se pay kya,44447,travel,upi,,
29022 rupye khrcha kya zomato dinner pe upi se,29022,food,upi,,
Mobile recharge INR 744,744,utilities,cash,,
Game purchase INR 49878,49878,entertainment,card,,
6229 rupye khrcha kiya movie ticket booking pe cash se,6229,entertainment,cash,,
concert ticket dekha 49006 rupye lga upi se die,49006,entertainment,upi,,
online course subscription ka course 45602 rs me liyaa card se pay kiya,45602,education,card,,
movie ticket booking ka subscription 27554 rupay upi se renew kya,27554,entertainment,upi,,
car loan emi ki EMI 19165 rs upi se bhara,19165,emi,upi,,
Uber ride INR 32440,32440,travel,upi,,
doctor consultation me 20103 rupaye khrcha hua cash se diye,20103,healthcare,cash,,
flipkart order se 4517 rupay ka shopping kya upi se,4517,shopping,upi,,
Mobile recharge INR 3382,3382,utilities,upi,,
20823 rupye ka order diye online shopping payment pe upi se,20823,shopping,upi,,
Uber ride INR 31505,31505,travel,upi,,
online online shopping payment se 26486 ka saman liyaa cash se pay kya,26486,shopping,cash,,
42352 rupay ka doctor consultation bill aaya upi se pay kiyaa,42352,healthcare,upi,,
43699 rs ka home loan emi installment upi se diy,43699,emi,upi,,
electricity bill payment ka bill 38239 rupaiye card se bharaa,38239,utilities,card,,
flight ticket booking ki ticket 3656 rupaiye me book kiya cash se,3656,travel,cash,,
aaj gas bill payment ka 37260 rupaye ka bill upi se bharra,37260,utilities,upi,,
ppf contribution ka SIP 36232 rupay card se bhara,36232,investment,card,,
Water bill INR 24489,24489,utilities,cash,,
aaj swiggy order se khana order kya 16473 rupaye cash se diye,16473,food,cash,,
hotel booking ki ticket 48605 rupaiye me book kya cash se,48605,travel,cash,,
Exam fee INR 29565,29565,education,card,,
Movie ticket booking INR 37582,37582,entertainment,cash,,
Exam fee INR 48092,48092,education,cash,,
fixed deposit investment me 11307 rupay invest kya upi se,11307,investment,upi,,
bus ticket ki ticket 38166 rupay me book kiya upi se,38166,travel,upi,,
Clothing store bill INR 25400,25400,shopping,cash,,
hotel booking ka kiraya 19497 rupye die upi se,19497,travel,upi,,
online amazon purchase se 22123 ka saman lia cash se pay kya,22123,shopping,cash,,
Online course subscription INR 49409,49409,education,cash,,
fixed deposit investment ka SIP 33525 rs. upi se bhra,33525,investment,upi,,
9676 rupay ka home loan emi installment upi se diy,9676,emi,upi,,
electronics shopping se 9613 rupaiye ka shopping kiya card se,9613,shopping,card,,
crypto investment me 37344 rupay invest kiya upi se,37344,investment,upi,,
car loan emi EMI 27099 rupaye kat gaye cash se,27099,emi,cash,,
Restaurant bill INR 42609,42609,food,upi,,
aaj zomato dinner se khana order kia 34026 rs. upi se diyee,34026,food,upi,,
45301 rupaiye karcha kya concert ticket pe card se,45301,entertainment,card,,
35581 rupaiye lgaa hotel booking me card se diye,35581,travel,card,,
Hotel booking INR 1732,1732,travel,cash,,
Doctor consultation INR 12005,12005,healthcare,cash,,
42907 rs. ka water bill bill pay kya upi se,42907,utilities,upi,,
"pizza delivery pe 28106 ka bill tha, card se pay kiyaa",28106,food,card,,
personal loan installment EMI 14657 rupaiye kat gaye cash se,14657,emi,cash,,
Electricity bill payment INR 42141,42141,utilities,card,,
30426 rs. ka order diye online shopping payment pe cash se,30426,shopping,cash,,
pharmacy medicine purchase me 43638 rupaiye kharchaa hua cash se diye,43638,healthcare,cash,,
Library fee INR 3611,3611,education,card,,
9742 rupaiye kharch kia netflix subscription pe cash se,9742,entertainment,cash,,
30887 rupay ka order diy electronics shopping pe upi se,30887,shopping,upi,,
Restaurant bill INR 24805,24805,food,card,,
personal loan installment ki EMI 43037 rupaiye cash se bhra,43037,emi,cash,,
Pizza delivery INR 39216,39216,food,card,,
hospital bill me 6019 rupye kharchaa hua upi se die,6019,healthcare,upi,,
Clothing store bill INR 36186,36186,shopping,card,,
Car loan EMI INR 810,810,emi,card,,
"food court payment pe 28038 ka bill tha, cash se pay kiya",28038,food,cash,,
20381 rupaiye ka personal loan installment installment cash se diye,20381,emi,cash,,
Hotel booking INR 30104,30104,travel,upi,,
pharmacy medicine purchase pe 6862 rupaiye kharch hui davai pe upi se,6862,healthcare,upi,,
41630 rs ka credit card emi installment cash se diyee,41630,emi,cash,,
"swiggy order pe 28134 ka bill tha, upi se pay kiyaa",28134,food,upi,,
car loan emi ki EMI 34570 rupye cash se bharra,34570,emi,cash,,
College fees payment INR 37010,37010,education,card,,
Flipkart order INR 47294,47294,shopping,upi,,
flight ticket booking ka kiraya 26563 rs. die cash se,26563,travel,cash,,
Game purchase INR 7591,7591,entertainment,upi,,
fixed deposit investment ka SIP 2162 rupaiye card se bharra,2162,investment,card,,
Restaurant bill INR 300,300,food,cash,,
8386 rs. fixed deposit investment me daale upi se,8386,investment,upi,,
online clothing store bill se 25802 ka saman liyaa cash se pay kiyaa,25802,shopping,cash,,
Amazon purchase INR 37900,37900,shopping,card,,
40156 rupye ka home loan emi installment cash se diye,40156,emi,cash,,
15644 rs. ka medical test charges bill aaya cash se pay kiyaa,15644,healthcare,cash,,
library fee ka course 35144 rupye me lia upi se pay kiya,35144,education,upi,,
movie ticket booking ka subscription 40367 rupaiye cash se renew kya,40367,entertainment,cash,,
lunch at hotel me 9226 rupye ka khana khaaya upi se,9226,food,upi,,
swiggy order me 4981 rs. ka khana khaaya card se,4981,food,card,,
aaj flight ticket booking lya 36899 rupay upi se pay kia,36899,travel,upi,,
Online course subscription INR 19277,19277,education,cash,,
fixed deposit investment ka SIP 23165 rupye cash se bhara,23165,investment,cash,,
cafe coffee ka khana 43463 rupye me aaya cash se diye,43463,food,cash,,
Home loan EMI INR 11338,11338,emi,card,,
Movie ticket booking INR 23808,23808,entertainment,upi,,
Mobile recharge INR 31539,31539,utilities,cash,,
aaj water bill ka 19826 rupaiye ka bill card se bhara,19826,utilities,card,,
Bus ticket INR 7912,7912,travel,cash,,
Pizza delivery INR 37591,37591,food,card,,
Pharmacy medicine purchase INR 45683,45683,healthcare,upi,,
personal loan installment ki EMI 4558 rs. cash se bhra,4558,emi,cash,,
game purchase dekha 22229 rs. laga cash se die,22229,entertainment,cash,,
17705 rupay ka order diy flipkart order pe upi se,17705,shopping,upi,,
,NULL,error,unknown,,
padhai ke liye library fee pe 8529 rs. kharch kya cash se,8529,education,cash,,
mutual fund sip me 47414 rupaiye invest kiyaa upi se,47414,investment,upi,,
23094 rupay ka bike loan emi installment upi se diyee,23094,emi,upi,,
Train ticket IRCTC INR 36083,36083,travel,card,,
concert ticket ka ticket 44659 rs me lia card se,44659,entertainment,card,,
Flipkart order INR 46871,46871,shopping,cash,,
College fees payment INR 4284,4284,education,card,,
library fee ki fees 18052 rupaiye card se bhra,18052,education,card,,
online course subscription ki fees 20194 rupaiye cash se bhra,20194,education,cash,,
Home loan EMI INR 40156,40156,emi,cash,,
Credit card EMI INR 4691,4691,emi,cash,,
Uber ride INR 49631,49631,travel,cash,,
loan ka bike loan emi 27453 rupaiye cash se pay kiya,27453,emi,cash,,
pizza delivery ka khana 16094 rupaye me aaya cash se diyee,16094,food,cash,,
Restaurant bill INR 13817,13817,food,cash,,
26882 rs diyee library fee ke liye card se,26882,education,card,,
Mutual fund SIP INR 10870,10870,investment,cash,,
credit card emi ki EMI 16106 rs upi se bhara,16106,emi,upi,,
Pizza delivery INR 33930,33930,food,cash,,
Hotel booking INR 2524,2524,travel,card,,
netflix subscription ka subscription 6162 rs upi se renew kiya,6162,entertainment,upi,,
Stock purchase INR 48390,48390,investment,upi,,
Bike loan EMI INR 47781,47781,emi,cash,,
doctor ke yahan 49333 rupaiye laga cash se diy,49333,healthcare,cash,,
Mobile recharge INR 32935,32935,utilities,upi,,
Credit card EMI INR 41630,41630,emi,cash,,
mutual fund sip ka SIP 34797 rs cash se bhara,34797,investment,cash,,
padhai ke liye library fee pe 19137 rs. karcha kiyaa cash se,19137,education,cash,,
Personal loan installment INR 21065,21065,emi,card,,
crypto investment me 18793 rupaiye invest kiya card se,18793,investment,card,,
personal loan installment EMI 19110 rupye kat gaye upi se,19110,emi,upi,,
31616 rupaiye diy library fee ke liye upi se,31616,education,upi,,
Concert ticket INR 13657,13657,entertainment,upi,,
bus ticket ka kiraya 45010 rupye diye card se,45010,travel,card,,
14763 rs kharch kya game purchase pe card se,14763,entertainment,card,,
Concert ticket INR 49889,49889,entertainment,cash,,
Doctor consultation INR 11534,11534,healthcare,card,,
Home loan EMI INR 8734,8734,emi,cash,,
clothing store bill pe shopping kia 28121 rs kharch cash se,28121,shopping,cash,,
Personal loan installment INR 32675,32675,emi,cash,,
aaj zomato dinner se khana order kia 39480 rupay card se diyee,39480,food,card,,
bike loan emi EMI 32437 rupye kat gaye upi se,32437,emi,upi,,
water bill ka bill 15979 rs. cash se bharra,15979,utilities,cash,,
movie ticket booking ka ticket 44726 rupye me lia upi se,44726,entertainment,upi,,
31556 rs stock purchase me daale card se,31556,investment,card,,
netflix subscription dekha 46344 rupaye lga cash se diy,46344,entertainment,cash,,
aaj crypto investment me 44613 rs. lagaye card se,44613,investment,card,,
college fees payment ki fees 41709 rs. upi se bhara,41709,education,upi,,
doctor consultation me 33890 rupay khrcha hua upi se die,33890,healthcare,upi,,
Netflix subscription INR 15107,15107,entertainment,cash,,
Movie ticket booking INR 20013,20013,entertainment,cash,,
aaj mutual fund sip me 32104 rupye lagaye cash se,32104,investment,cash,,
Movie ticket booking INR 28234,28234,entertainment,cash,,
Game purchase INR 45540,45540,entertainment,upi,,
Doctor consultation INR 31944,31944,healthcare,upi,,
47561 rupaiye ka order die online shopping payment pe upi se,47561,shopping,upi,,
padhai ke liye exam fee pe 36760 rupaye kharchaa kia cash se,36760,education,cash,,
Pharmacy medicine purchase INR 16953,16953,healthcare,cash,,
Electronics shopping INR 14073,14073,shopping,upi,,
Train ticket IRCTC INR 23223,23223,travel,upi,,
Gas bill payment INR 9036,9036,utilities,card,,
Hospital bill INR 16432,16432,healthcare,card,,
doctor ke yahan 11434 rs lga cash se diy,11434,healthcare,cash,,
12968 rupaiye ka water bill bill pay kia upi se,12968,utilities,upi,,
doctor consultation pe 12778 rupay khrcha hui davai pe card se,12778,healthcare,card,,
hospital bill me 18187 rs. khrcha hua cash se die,18187,healthcare,cash,,
Mutual fund SIP INR 16400,16400,investment,cash,,
bike loan emi ki EMI 4969 rupaye cash se bhara,4969,emi,cash,,
Flight ticket booking INR 29089,29089,travel,upi,,
PPF contribution INR 19450,19450,investment,cash,,
Electricity bill payment INR 11746,11746,utilities,upi,,
doctor ke yahan 19887 rupay laga card se diy,19887,healthcare,card,,
aaj water bill ka 9222 rupaiye ka bill upi se bhara,9222,utilities,upi,,
Credit card EMI INR 49053,49053,emi,card,,
44570 rupye laga train ticket irctc me upi se die,44570,travel,upi,,
doctor ke yahan 5598 rupay lga upi se diy,5598,healthcare,upi,,
Gas bill payment INR 45338,45338,utilities,upi,,
library fee ki fees 36859 rs. card se bharra,36859,education,card,,
pharmacy medicine purchase pe 36623 rs kharcha hui davai pe card se,36623,healthcare,card,,
Hospital bill INR 8143,8143,healthcare,card,,
25772 rupaiye ka personal loan installment installment card se diy,25772,emi,card,,
Internet recharge INR 25681,25681,utilities,upi,,
Bus ticket INR 945,945,travel,upi,,
Flight ticket booking INR 22674,22674,travel,upi,,
Clothing store bill INR 39608,39608,shopping,upi,,
padhai ke liye library fee pe 35316 rs. kharchaa kiya card se,35316,education,card,,
uber ride ki ticket 22900 rs me book kia cash se,22900,travel,cash,,
College fees payment INR 5459,5459,education,cash,,
aaj mobile recharge ka 28183 rupaye ka bill cash se bhra,28183,utilities,cash,,
electricity bill payment ka bill 29527 rupaye cash se bharaa,29527,utilities,cash,,
movie ticket booking ka ticket 27775 rupaye me lia cash se,27775,entertainment,cash,,
Water bill INR 36630,36630,utilities,upi,,
aaj mutual fund sip me 7821 rupay lagaye upi se,7821,investment,upi,,
Electronics shopping INR 35959,35959,shopping,card,,
aaj gas bill payment ka 41676 rupye ka bill cash se bharaa,41676,utilities,cash,,
amazon purchase pe shopping kiya 6035 rupay kharcha card se,6035,shopping,card,,
Flipkart order INR 22732,22732,shopping,card,,
loan ka personal loan installment 23480 rupay upi se pay kiya,23480,emi,upi,,
medical test charges pe 24894 rs karcha hui davai pe card se,24894,healthcare,card,,
movie ticket booking ka subscription 24850 rupaye cash se renew kya,24850,entertainment,cash,,
online course subscription ka course 24644 rupaye me lia card se pay kya,24644,education,card,,
Amazon purchase INR 42949,42949,shopping,cash,,
Electronics shopping INR 17942,17942,shopping,cash,,
Food court payment INR 19195,19195,food,cash,,
36204 rs ka mobile recharge bill pay kya card se,36204,utilities,card,,
Fixed deposit investment INR 31918,31918,investment,card,,
Hotel booking INR 6247,6247,travel,card,,
drop table users;,-100,error,bitcoin,Delhi,
32913 rupaiye diye library fee ke liye card se,32913,education,card,,
Mobile recharge INR 35322,35322,utilities,cash,,
Stock purchase INR 18334,18334,investment,card,,
cafe coffee ka khana 41101 rupaye me aaya upi se diye,41101,food,upi,,
loan ka personal loan installment 9371 rs. cash se pay kiya,9371,emi,cash,,
Internet recharge INR 97,97,utilities,upi,,
internet recharge recharge kiya 3846 rs. card se,3846,utilities,card,,
home loan emi ki EMI 9676 rupaiye upi se bharra,9676,emi,upi,,
Home loan EMI INR 22961,22961,emi,card,,
aaj electricity bill payment ka 15647 rupaye ka bill card se bharra,15647,utilities,card,,
Swiggy order INR 17195,17195,food,cash,,
Game purchase INR 7336,7336,entertainment,cash,,
exam fee ka course 18842 rs me lia upi se pay kiya,18842,education,upi,,
fixed deposit investment ka SIP 9720 rs upi se bhara,9720,investment,upi,,
32305 rs ka bike loan emi installment card se die,32305,emi,card,,
doctor ke yahan 4868 rs lgaa upi se diy,4868,healthcare,upi,,
43315 rupaye ka hospital bill bill aaya upi se pay kiya,43315,healthcare,upi,,
27516 rupye fixed deposit investment me daale cash se,27516,investment,cash,,
medical test charges me 34351 rupaye khrcha hua upi se die,34351,healthcare,upi,,
Flight ticket booking INR 40549,40549,travel,card,,
Messy outlier tx csh,,1234,paypal,,
aaj uber ride lya 5149 rs. card se pay kiya,5149,travel,card,,
doctor ke yahan 22378 rupay lga cash se die,22378,healthcare,cash,,
clothing store bill pe shopping kiya 46921 rupay kharcha card se,46921,shopping,card,,
28353 rupaye lga uber ride me cash se die,28353,travel,cash,,
padhai ke liye online course subscription pe 44788 rupay kharcha kia upi se,44788,education,upi,,
Home loan EMI INR 21364,21364,emi,cash,,
Hospital bill INR 3714,3714,healthcare,cash,,
43127 rupaye ka mobile recharge bill pay kia upi se,43127,utilities,upi,,
online shopping payment se 32349 rupye ka shopping kia card se,32349,shopping,card,,
Exam fee INR 35813,35813,education,upi,,
44568 rupay ka order diy online shopping payment pe cash se,44568,shopping,cash,,
flight ticket booking ka kiraya 35678 rupay diye upi se,35678,travel,upi,,
18147 rs. ka personal loan installment installment card se die,18147,emi,card,,
23117 rs. lgaa flight ticket booking me cash se diyee,23117,travel,cash,,
hospital bill me 23059 rs. karcha hua upi se diye,23059,healthcare,upi,,
8844 rupaiye diyee library fee ke liye cash se,8844,education,cash,,
5487 rupaye kharchaa kiya restaurant bill pe upi se,5487,food,upi,,
42837 rupaye ka credit card emi installment upi se die,42837,emi,upi,,
hotel booking ka kiraya 18365 rs. die upi se,18365,travel,upi,,
bus ticket ki ticket 28292 rs me book kiya card se,28292,travel,card,,
pharmacy medicine purchase pe 22662 rupay karcha hui davai pe cash se,22662,healthcare,cash,,
aaj fixed deposit investment me 10483 rupaiye lagaye card se,10483,investment,card,,
Online shopping payment INR 33556,33556,shopping,cash,,
Concert ticket INR 26153,26153,entertainment,cash,,
online amazon purchase se 7778 ka saman lia upi se pay kiya,7778,shopping,upi,,
zomato dinner ka khana 21097 rs. me aaya card se diye,21097,food,card,,
fixed deposit investment ka SIP 22197 rupaiye cash se bhra,22197,investment,cash,,
cafe coffee me 1881 rupaye ka khana khayaa cash se,1881,food,cash,,
Personal loan installment INR 16248,16248,emi,cash,,
Internet recharge INR 35735,35735,utilities,cash,,
train ticket irctc ki ticket 24205 rs me book kiyaa cash se,24205,travel,cash,,
padhai ke liye exam fee pe 42598 rupaye kharch kya cash se,42598,education,cash,,
Hotel booking INR 12424,12424,travel,card,,
electronics shopping pe shopping kiya 45290 rs. kharcha upi se,45290,shopping,upi,,
amazon purchase pe shopping kiya 32963 rupye kharchaa card se,32963,shopping,card,,
Netflix subscription INR 38748,38748,entertainment,cash,,
Flight ticket booking INR 42126,42126,travel,card,,
loan ka home loan emi 4014 rs cash se pay kya,4014,emi,cash,,
Flight ticket booking INR 20033,20033,travel,card,,
electricity bill payment ka bill 9913 rupay upi se bharaa,9913,utilities,upi,,
aaj mobile recharge ka 36260 rupye ka bill upi se bharra,36260,utilities,upi,,
aaj crypto investment me 320 rs. lagaye card se,320,investment,card,,
48704 rs. karcha kia movie ticket booking pe cash se,48704,entertainment,cash,,
Crypto investment INR 15658,15658,investment,card,,
hospital bill me 38882 rs kharcha hua card se diye,38882,healthcare,card,,
ppf contribution ka SIP 7499 rupaye upi se bhra,7499,investment,upi,,
padhai ke liye online course subscription pe 29473 rs karcha kiyaa card se,29473,education,card,,
mutual fund sip ka SIP 28513 rs. cash se bharaa,28513,investment,cash,,
Amazon purchase INR 49638,49638,shopping,cash,,
Hospital bill INR 34199,34199,healthcare,cash,,
online clothing store bill se 1638 ka saman liyaa card se pay kya,1638,shopping,card,,
42155 rupay diy library fee ke liye card se,42155,education,card,,
Gas bill payment INR 11766,11766,utilities,upi,,
39801 rs ka order diye clothing store bill pe upi se,39801,shopping,upi,,
concert ticket ka ticket 45288 rs. me lya card se,45288,entertainment,card,,
Zomato dinner INR 5891,5891,food,card,,
padhai ke liye online course subscription pe 39585 rupay khrcha kiyaa cash se,39585,education,cash,,
aaj flight ticket booking liyaa 15892 rupye card se pay kiya,15892,travel,card,,
aaj ppf contribution me 22709 rs. lagaye card se,22709,investment,card,,
Pharmacy medicine purchase INR 40280,40280,healthcare,upi,,
online flipkart order se 4365 ka saman liya card se pay kiyaa,4365,shopping,card,,
46784 rs ka order die flipkart order pe upi se,46784,shopping,upi,,
Home loan EMI INR 24074,24074,emi,card,,
15847 rs. lga bus ticket me card se diyee,15847,travel,card,,
pizza delivery ka khana 41159 rupaiye me aaya cash se diy,41159,food,cash,,
loan ka credit card emi 19345 rupye cash se pay kya,19345,emi,cash,,
online electronics shopping se 8188 ka saman lia card se pay kya,8188,shopping,card,,
aaj ola cab liyaa 38957 rs cash se pay kiya,38957,travel,cash,,
38425 rs ka gas bill payment bill pay kia cash se,38425,utilities,cash,,
34482 rs. ka gas bill payment bill pay kya upi se,34482,utilities,upi,,
Movie ticket booking INR 31467,31467,entertainment,upi,,
pizza delivery me 4293 rupay ka khana khaaya cash se,4293,food,cash,,
Movie ticket booking INR 32046,32046,entertainment,upi,,
bus ticket ka kiraya 48924 rupye diy cash se,48924,travel,cash,,
23246 rupaiye ka doctor consultation bill aaya upi se pay kia,23246,healthcare,upi,,
padhai ke liye library fee pe 7653 rupaye kharch kya cash se,7653,education,cash,,
Pizza delivery INR 4340,4340,food,cash,,
Amazon purchase INR 6035,6035,shopping,card,,
Pizza delivery INR 9497,9497,food,upi,,
loan ka bike loan emi 31641 rupaiye cash se pay kya,31641,emi,cash,,
restaurant bill ka khana 30005 rs me aaya upi se die,30005,food,upi,,
Movie ticket booking INR 17898,17898,entertainment,upi,,
Concert ticket INR 15664,15664,entertainment,card,,
Car loan EMI INR 26267,26267,emi,card,,
Hospital bill INR 21406,21406,healthcare,card,,
college fees payment ka course 6028 rupaiye me lia card se pay kiyaa,6028,education,card,,
39165 rupay kharchaa kiya concert ticket pe cash se,39165,entertainment,cash,,
college fees payment ka course 41625 rs me liya card se pay kya,41625,education,card,,
Medical test charges INR 23120,23120,healthcare,cash,,
Movie ticket booking INR 24734,24734,entertainment,card,,
20622 rupaye ka mobile recharge bill pay kiyaa cash se,20622,utilities,cash,,
Zomato dinner INR 40748,40748,food,card,,
Exam fee INR 22114,22114,education,cash,,
Car loan EMI INR 28609,28609,emi,upi,,
Food court payment INR 23172,23172,food,upi,,
Water bill INR 12500,12500,utilities,card,,
online electronics shopping se 11805 ka saman liya upi se pay kiyaa,11805,shopping,upi,,
padhai ke liye online course subscription pe 49659 rupay kharcha kiyaa upi se,49659,education,upi,,
loan ka personal loan installment 27707 rs cash se pay kiyaa,27707,emi,cash,,
Flipkart order INR 46784,46784,shopping,upi,,
amazon purchase se 4912 rupaye ka shopping kia cash se,4912,shopping,cash,,
Concert ticket INR 451,451,entertainment,cash,,
library fee ka course 13858 rs. me liya upi se pay kiya,13858,education,upi,,
online course subscription ka course 17206 rs. me lia cash se pay kiyaa,17206,education,cash,,
10407 rupye ka bike loan emi installment upi se diyee,10407,emi,upi,,
aaj train ticket irctc liyaa 6057 rs cash se pay kiyaa,6057,travel,cash,,
fixed deposit investment ka SIP 29666 rs. upi se bhara,29666,investment,upi,,
Netflix subscription INR 3365,3365,entertainment,upi,,
crypto investment ka SIP 17828 rupay cash se bhra,17828,investment,cash,,
movie ticket booking dekha 24734 rs. lgaa card se die,24734,entertainment,card,,
2165 rs. ka order diy amazon purchase pe upi se,2165,shopping,upi,,
39945 rupaye ka mobile recharge bill pay kiya upi se,39945,utilities,upi,,
aaj zomato dinner se khana order kya 37232 rupay cash se diye,37232,food,cash,,
Fixed deposit investment INR 33525,33525,investment,upi,,
flight ticket booking ki ticket 30310 rs. me book kiyaa card se,30310,travel,card,,
Gas bill payment INR 26372,26372,utilities,upi,,
movie ticket booking ka ticket 27308 rupay me lya card se,27308,entertainment,card,,
Home loan EMI INR 39266,39266,emi,upi,,
aaj mutual fund sip me 28524 rupaye lagaye card se,28524,investment,card,,
21195 rs. ka car loan emi installment upi se diy,21195,emi,upi,,
aaj electricity bill payment ka 25908 rupaiye ka bill card se bhra,25908,utilities,card,,
padhai ke liye online course subscription pe 24274 rupye kharch kiya cash se,24274,education,cash,,
Flight ticket booking INR 29041,29041,travel,upi,,
Uber ride INR 38543,38543,travel,cash,,
loan ka home loan emi 7700 rupaye cash se pay kiyaa,7700,emi,cash,,
45779 rs. ka order diyee clothing store bill pe cash se,45779,shopping,cash,,
Game purchase INR 42944,42944,entertainment,cash,,
Doctor consultation INR 24325,24325,healthcare,cash,,
bike loan emi EMI 16102 rs. kat gaye upi se,16102,emi,upi,,
Personal loan installment INR 43570,43570,emi,card,,
restaurant bill me 21693 rs. ka khana khaya upi se,21693,food,upi,,
mobile recharge recharge kia 30885 rupye cash se,30885,utilities,cash,,
Exam fee INR 42566,42566,education,card,,
internet recharge recharge kya 39180 rs. cash se,39180,utilities,cash,,
Pizza delivery INR 25118,25118,food,upi,,
Ola cab INR 2014,2014,travel,upi,,
Pharmacy medicine purchase INR 25354,25354,healthcare,card,,
mutual fund sip me 1555 rs invest kiya card se,1555,investment,card,,
pizza delivery me 44409 rupaiye ka khana khya upi se,44409,food,upi,,
aaj internet recharge ka 36956 rupye ka bill card se bhara,36956,utilities,card,,
47506 rupay ka hospital bill bill aaya upi se pay kiya,47506,healthcare,upi,,
41382 rupaiye ka credit card emi installment cash se diy,41382,emi,cash,,
aaj crypto investment me 13140 rs. lagaye cash se,13140,investment,cash,,
47373 rupye die college fees payment ke liye cash se,47373,education,cash,,
10898 rs ka bike loan emi installment card se die,10898,emi,card,,
18636 rupye crypto investment me daale card se,18636,investment,card,,
medical test charges me 48915 rupay kharcha hua cash se diy,48915,healthcare,cash,,
Gas bill payment INR 21053,21053,utilities,card,,
College fees payment INR 6028,6028,education,card,,
41779 rs diyee college fees payment ke liye upi se,41779,education,upi,,
,-100,,,,
Game purchase INR 31170,31170,entertainment,card,,
online flipkart order se 37749 ka saman lya cash se pay kiya,37749,shopping,cash,,
18436 rupaiye ka order diye clothing store bill pe cash se,18436,shopping,cash,,
flight ticket booking ki ticket 19656 rupaye me book kiya cash se,19656,travel,cash,,
Movie ticket booking INR 49979,49979,entertainment,card,,
Gas bill payment INR 46550,46550,utilities,upi,,
train ticket irctc ki ticket 45319 rupaiye me book kya cash se,45319,travel,cash,,
aaj electricity bill payment ka 6153 rupaye ka bill cash se bhara,6153,utilities,cash,,
Exam fee INR 647,647,education,card,,
doctor consultation pe 39056 rs. karcha hui davai pe cash se,39056,healthcare,cash,,
game purchase ka subscription 15942 rupaiye upi se renew kiyaa,15942,entertainment,upi,,
Cafe coffee INR 5185,5185,food,cash,,
loan ka car loan emi 13612 rupay upi se pay kiya,13612,emi,upi,,
Zomato dinner INR 37529,37529,food,card,,
exam fee ki fees 45213 rs. cash se bhara,45213,education,cash,,
Game purchase INR 27117,27117,entertainment,cash,,
clothing store bill se 22435 rupaiye ka shopping kiyaa cash se,22435,shopping,cash,,
Concert ticket INR 4868,4868,entertainment,card,,
6294 rupye ka order diyee amazon purchase pe card se,6294,shopping,card,,
clothing store bill pe shopping kiyaa 34590 rs kharchaa upi se,34590,shopping,upi,,
47320 rupaye karcha kiya game purchase pe upi se,47320,entertainment,upi,,
Online shopping payment INR 32137,32137,shopping,card,,
uber ride ki ticket 25985 rupaiye me book kya card se,25985,travel,card,,
fixed deposit investment ka SIP 37429 rupaiye cash se bhara,37429,investment,cash,,
Flipkart order INR 37749,37749,shopping,cash,,
Game purchase INR 30591,30591,entertainment,cash,,
37110 rupaiye ka personal loan installment installment cash se diyee,37110,emi,cash,,
Swiggy order INR 43889,43889,food,card,,
padhai ke liye college fees payment pe 23027 rupay karcha kia cash se,23027,education,cash,,
loan ka credit card emi 34947 rs. cash se pay kia,34947,emi,cash,,
pizza delivery me 44802 rupye ka khana khaaya card se,44802,food,card,,
uber ride ka kiraya 36125 rupye diye cash se,36125,travel,cash,,
26265 rs. ka internet recharge bill pay kia card se,26265,utilities,card,,
personal loan installment EMI 38357 rupay kat gaye card se,38357,emi,card,,
Credit card EMI INR 39387,39387,emi,card,,
water bill ka bill 6762 rs. upi se bhra,6762,utilities,upi,,
23280 rupaye ka order diy online shopping payment pe upi se,23280,shopping,upi,,
electricity bill payment recharge kiya 32951 rs upi se,32951,utilities,upi,,
library fee ki fees 11075 rupaiye upi se bhara,11075,education,upi,,
zomato dinner me 25126 rupaye ka khana khayaa card se,25126,food,card,,
Movie ticket booking INR 45134,45134,entertainment,upi,,
cafe coffee me 32502 rs ka khana khya card se,32502,food,card,,
"food court payment pe 23128 ka bill tha, cash se pay kya",23128,food,cash,,
21888 rupaye diyee college fees payment ke liye cash se,21888,education,cash,,
5912 rupaye ka order diy amazon purchase pe upi se,5912,shopping,upi,,
netflix subscription dekha 10997 rupye lagaa upi se die,10997,entertainment,upi,,
Online course subscription INR 39467,39467,education,cash,,
home loan emi EMI 880 rupay kat gaye upi se,880,emi,upi,,
pharmacy medicine purchase pe 9530 rupye khrcha hui davai pe card se,9530,healthcare,card,,
Electronics shopping INR 14090,14090,shopping,card,,
Mobile recharge INR 9465,9465,utilities,card,,
Medical test charges INR 18938,18938,healthcare,card,,
ola cab ka kiraya 27973 rupaiye diye card se,27973,travel,card,,
doctor ke yahan 8716 rupaiye laga cash se diye,8716,healthcare,cash,,
Online course subscription INR 48052,48052,education,cash,,
online course subscription ki fees 6406 rs upi se bhra,6406,education,upi,,
Train ticket IRCTC INR 15981,15981,travel,card,,
Internet recharge INR 11560,11560,utilities,cash,,
Concert ticket INR 25484,25484,entertainment,cash,,
concert ticket dekha 29754 rupye lgaa card se diy,29754,entertainment,card,,
Internet recharge INR 43076,43076,utilities,card,,
amazon purchase se 42466 rs ka shopping kiya upi se,42466,shopping,upi,,
netflix subscription ka subscription 18577 rupaiye upi se renew kia,18577,entertainment,upi,,
College fees payment INR 22621,22621,education,cash,,
Stock purchase INR 27586,27586,investment,cash,,
32913 rupye ka gas bill payment bill pay kiyaa cash se,32913,utilities,cash,,
aaj food court payment se khana order kiyaa 19891 rupay cash se diyee,19891,food,cash,,
Crypto investment INR 24245,24245,investment,card,,
loan ka bike loan emi 46244 rs. upi se pay kiyaa,46244,emi,upi,,
netflix subscription dekha 19849 rs lgaa upi se diy,19849,entertainment,upi,,
gas bill payment recharge kiyaa 15717 rs upi se,15717,utilities,upi,,
college fees payment ka course 26976 rs. me liyaa cash se pay kiya,26976,education,cash,,
stock purchase me 49415 rs invest kia cash se,49415,investment,cash,,
Fixed deposit investment INR 22197,22197,investment,cash,,
amazon purchase se 2334 rs. ka shopping kiya cash se,2334,shopping,cash,,
doctor consultation pe 31646 rupaiye kharcha hui davai pe cash se,31646,healthcare,cash,,
Exam fee INR 13362,13362,education,upi,,
gas bill payment recharge kya 29727 rupay upi se,29727,utilities,upi,,
mobile recharge recharge kiyaa 35169 rupaiye card se,35169,utilities,card,,
ppf contribution me 15410 rupaiye invest kiya cash se,15410,investment,cash,,
movie ticket booking ka subscription 2151 rupaiye cash se renew kiya,2151,entertainment,cash,,
aaj internet recharge ka 10668 rs ka bill card se bhra,10668,utilities,card,,
Water bill INR 49187,49187,utilities,cash,,
7971 rupaye ka hospital bill bill aaya upi se pay kiyaa,7971,healthcare,upi,,
aaj train ticket irctc liyaa 22696 rupaye cash se pay kiya,22696,travel,cash,,
18404 rs. khrcha kiya pizza delivery pe cash se,18404,food,cash,,
Mobile recharge INR 24138,24138,utilities,cash,,
19176 rupay kharch kya movie ticket booking pe cash se,19176,entertainment,cash,,
padhai ke liye exam fee pe 41405 rupaiye kharcha kiyaa cash se,41405,education,cash,,
College fees payment INR 6776,6776,education,cash,,
movie ticket booking ka subscription 22586 rupay cash se renew kiya,22586,entertainment,cash,,
Fixed deposit investment INR 3942,3942,investment,cash,,
Electricity bill payment INR 9913,9913,utilities,upi,,
Personal loan installment INR 46460,46460,emi,card,,
Doctor consultation INR 44178,44178,healthcare,upi,,
"zomato dinner pe 4467 ka bill tha, cash se pay kia",4467,food,cash,,
loan ka car loan emi 11326 rupay cash se pay kia,11326,emi,cash,,
padhai ke liye library fee pe 26851 rs. kharcha kia cash se,26851,education,cash,,
Movie ticket booking INR 47649,47649,entertainment,cash,,
aaj hotel booking liyaa 27266 rupaye cash se pay kiyaa,27266,travel,cash,,
Car loan EMI INR 17046,17046,emi,cash,,
ola cab ka kiraya 20434 rupaiye die upi se,20434,travel,upi,,
27436 rupaiye kharchaa kiya zomato dinner pe card se,27436,food,card,,
mobile recharge recharge kya 15825 rs upi se,15825,utilities,upi,,
Cafe coffee INR 44976,44976,food,upi,,
pharmacy medicine purchase me 27734 rupaye karcha hua card se diy,27734,healthcare,card,,
39740 rupaye ka order die online shopping payment pe cash se,39740,shopping,cash,,
netflix subscription ka ticket 319 rupaiye me lya upi se,319,entertainment,upi,,
Pharmacy medicine purchase INR 41244,41244,healthcare,cash,,
lunch at hotel me 32420 rupaiye ka khana khya cash se,32420,food,cash,,
Fixed deposit investment INR 27078,27078,investment,cash,,
Lunch at hotel INR 11560,11560,food,card,,
Water bill INR 17680,17680,utilities,card,,
Pizza delivery INR 22821,22821,food,card,,
Electronics shopping INR 23387,23387,shopping,card,,
Credit card EMI INR 4598,4598,emi,card,,
Bike loan EMI INR 3838,3838,emi,upi,,
Doctor consultation INR 19329,19329,healthcare,cash,,
online flipkart order se 11229 ka saman lya upi se pay kya,11229,shopping,upi,,
Pharmacy medicine purchase INR 43277,43277,healthcare,cash,,
39959 rupye ka order diy online shopping payment pe cash se,39959,shopping,cash,,
Flipkart order INR 13775,13775,shopping,upi,,
Game purchase INR 38459,38459,entertainment,upi,,
doctor ke yahan 34510 rupye lagaa upi se diy,34510,healthcare,upi,,
Online course subscription INR 39599,39599,education,cash,,
Water bill INR 3443,3443,utilities,cash,,
Medical test charges INR 15308,15308,healthcare,card,,
amazon purchase se 27646 rupay ka shopping kya card se,27646,shopping,card,,
Water bill INR 35381,35381,utilities,card,,
hospital bill pe 21218 rupye karcha hui davai pe cash se,21218,healthcare,cash,,
College fees payment INR 17740,17740,education,upi,,
flight ticket booking ka kiraya 8408 rupaiye die upi se,8408,travel,upi,,
stock purchase me 30344 rupay invest kiya upi se,30344,investment,upi,,
Water bill INR 13181,13181,utilities,cash,,
Hospital bill INR 39608,39608,healthcare,card,,
Ola cab INR 41413,41413,travel,cash,,
movie ticket booking ka ticket 21469 rs. me liya upi se,21469,entertainment,upi,,
loan ka bike loan emi 36230 rupaye cash se pay kya,36230,emi,cash,,
crypto investment me 40323 rupaiye invest kiya upi se,40323,investment,upi,,
flight ticket booking ka kiraya 22674 rupye diy upi se,22674,travel,upi,,
Internet recharge INR 30397,30397,utilities,upi,,
aaj ola cab lia 37464 rupye card se pay kiya,37464,travel,card,,
45682 rs. ka doctor consultation bill aaya upi se pay kiyaa,45682,healthcare,upi,,
mobile recharge recharge kia 31848 rs cash se,31848,utilities,cash,,
Electronics shopping INR 13531,13531,shopping,upi,,
college fees payment ka course 44925 rupaiye me liya cash se pay kiya,44925,education,cash,,
10617 rupaye ka car loan emi installment cash se diye,10617,emi,cash,,
padhai ke liye college fees payment pe 24252 rs. kharchaa kia cash se,24252,education,cash,,
13090 rs ka gas bill payment bill pay kya upi se,13090,utilities,upi,,
Hotel booking INR 29995,29995,travel,card,,
Pharmacy medicine purchase INR 29638,29638,healthcare,card,,
aaj fixed deposit investment me 19730 rupaye lagaye card se,19730,investment,card,,
electronics shopping se 26374 rs. ka shopping kya cash se,26374,shopping,cash,,
Car loan EMI INR 44096,44096,emi,cash,,
electronics shopping se 15287 rs ka shopping kya cash se,15287,shopping,cash,,
swiggy order ka khana 4981 rupay me aaya card se diyee,4981,food,card,,
"restaurant bill pe 10615 ka bill tha, upi se pay kya",10615,food,upi,,
online online shopping payment se 2714 ka saman liyaa cash se pay kya,2714,shopping,cash,,
ppf contribution ka SIP 38893 rupay upi se bhra,38893,investment,upi,,
Water bill INR 20587,20587,utilities,upi,,
39327 rupay ppf contribution me daale cash se,39327,investment,cash,,
Pizza delivery INR 20821,20821,food,upi,,
Hospital bill INR 41265,41265,healthcare,upi,,
doctor ke yahan 31104 rupay lgaa upi se diyee,31104,healthcare,upi,,
lunch at hotel me 4222 rupay ka khana khya cash se,4222,food,cash,,
bus ticket ki ticket 34213 rs me book kia cash se,34213,travel,cash,,
29421 rs diyee library fee ke liye upi se,29421,education,upi,,
fixed deposit investment ka SIP 3942 rs cash se bharra,3942,investment,cash,,
"pizza delivery pe 27883 ka bill tha, card se pay kiyaa",27883,food,card,,
Medical test charges INR 14129,14129,healthcare,upi,,
zomato dinner ka khana 18931 rupay me aaya upi se diy,18931,food,upi,,
Movie ticket booking INR 5127,5127,entertainment,upi,,
stock purchase me 45951 rupaye invest kya cash se,45951,investment,cash,,
Water bill INR 20320,20320,utilities,cash,,
Gas bill payment INR 28275,28275,utilities,cash,,
exam fee ki fees 41155 rupaye upi se bhara,41155,education,upi,,
lunch at hotel me 3464 rupaiye ka khana khaaya card se,3464,food,card,,
Flipkart order INR 30504,30504,shopping,card,,
medical test charges pe 25798 rupay karcha hui davai pe card se,25798,healthcare,card,,
Online shopping payment INR 901,901,shopping,card,,
34817 rupaiye ka home loan emi installment upi se diyee,34817,emi,upi,,
Mutual fund SIP INR 15651,15651,investment,card,,
ppf contribution ka SIP 24209 rupaye upi se bharaa,24209,investment,upi,,
internet recharge recharge kiya 430 rupaiye upi se,430,utilities,upi,,
Train ticket IRCTC INR 30025,30025,travel,card,,
exam fee ki fees 49707 rupaiye card se bharaa,49707,education,card,,
Uber ride INR 47888,47888,travel,card,,
10277 rupay diy exam fee ke liye cash se,10277,education,cash,,
Doctor consultation INR 20050,20050,healthcare,card,,
Mutual fund SIP INR 36651,36651,investment,cash,,
library fee ka course 7205 rupye me liyaa card se pay kya,7205,education,card,,
concert ticket ka ticket 34216 rs. me lya card se,34216,entertainment,card,,
restaurant bill ka khana 23891 rupaiye me aaya upi se diye,23891,food,upi,,
gas bill payment recharge kiya 1592 rupye upi se,1592,utilities,upi,,
37738 rs karcha kia zomato dinner pe upi se,37738,food,upi,,
Hotel booking INR 34626,34626,travel,upi,,
aaj electricity bill payment ka 45390 rs ka bill cash se bhra,45390,utilities,cash,,
Fixed deposit investment INR 43331,43331,investment,upi,,
Ola cab INR 42385,42385,travel,card,,
internet recharge recharge kiya 47509 rs upi se,47509,utilities,upi,,
movie ticket booking ka ticket 5717 rupaiye me liyaa cash se,5717,entertainment,cash,,
Flipkart order INR 85,85,shopping,upi,,
8887 rupaye diyee online course subscription ke liye upi se,8887,education,upi,,
swiggy order me 40642 rupaye ka khana khaya card se,40642,food,card,,
online shopping payment pe shopping kia 7855 rs. kharchaa card se,7855,shopping,card,,
Swiggy order INR 11840,11840,food,cash,,
hotel booking ka kiraya 16613 rupaiye diyee upi se,16613,travel,upi,,
11641 rupaye diy online course subscription ke liye card se,11641,education,card,,
Train ticket IRCTC INR 16286,16286,travel,card,,
aaj stock purchase me 18668 rupay lagaye upi se,18668,investment,upi,,
game purchase ka subscription 42944 rupay cash se renew kiya,42944,entertainment,cash,,
doctor consultation me 28799 rupaiye kharchaa hua card se die,28799,healthcare,card,,
Doctor consultation INR 5598,5598,healthcare,upi,,
movie ticket booking ka subscription 20331 rupay cash se renew kiya,20331,entertainment,cash,,
internet recharge ka bill 39180 rs. cash se bhara,39180,utilities,cash,,
pharmacy medicine purchase pe 48996 rupye khrcha hui davai pe cash se,48996,healthcare,cash,,
online course subscription ki fees 21234 rs. card se bhra,21234,education,card,,
crypto investment me 8940 rupaiye invest kia upi se,8940,investment,upi,,
Home loan EMI INR 8513,8513,emi,upi,,
personal loan installment EMI 8186 rs. kat gaye upi se,8186,emi,upi,,
internet recharge recharge kia 15356 rupye upi se,15356,utilities,upi,,
Hotel booking INR 6859,6859,travel,card,,
31657 rupaiye kharcha kiya lunch at hotel pe card se,31657,food,card,,
Electronics shopping INR 26856,26856,shopping,cash,,
aaj ola cab liyaa 17382 rs card se pay kya,17382,travel,card,,
electronics shopping pe shopping kiyaa 26936 rupaiye kharchaa upi se,26936,shopping,upi,,
Train ticket IRCTC INR 20384,20384,travel,cash,,
Messy outlier tx 123,99999999,error,bitcoin,,
Hospital bill INR 3449,3449,healthcare,card,,
aaj hotel booking liya 16537 rupay upi se pay kya,16537,travel,upi,,
10626 rs ka doctor consultation bill aaya cash se pay kiya,10626,healthcare,cash,,
Medical test charges INR 48690,48690,healthcare,cash,,
Stock purchase INR 32814,32814,investment,upi,,
loan ka car loan emi 8677 rupaiye upi se pay kia,8677,emi,upi,,
netflix subscription ka ticket 2918 rupaye me lia cash se,2918,entertainment,cash,,
mobile recharge ka bill 7001 rs card se bharra,7001,utilities,card,,
online course subscription ka course 34930 rupye me liyaa card se pay kiya,34930,education,card,,
Flipkart order INR 48990,48990,shopping,upi,,
1848 rs lga flight ticket booking me card se diye,1848,travel,card,,
Concert ticket INR 32585,32585,entertainment,cash,,
"lunch at hotel pe 18461 ka bill tha, card se pay kya",18461,food,card,,
Water bill INR 15979,15979,utilities,cash,,
netflix subscription ka subscription 16791 rs. card se renew kiya,16791,entertainment,card,,
Hotel booking INR 13144,13144,travel,upi,,
doctor consultation pe 40739 rupye kharch hui davai pe card se,40739,healthcare,card,,
ola cab ka kiraya 47505 rupay die cash se,47505,travel,cash,,
aaj mutual fund sip me 32386 rs lagaye card se,32386,investment,card,,
12112 rs ka order die flipkart order pe card se,12112,shopping,card,,
PPF contribution INR 31717,31717,investment,cash,,
aaj electricity bill payment ka 12674 rupay ka bill upi se bharra,12674,utilities,upi,,
Mutual fund SIP INR 37573,37573,investment,card,,
flight ticket booking ka kiraya 36780 rs. die cash se,36780,travel,cash,,
Netflix subscription INR 30338,30338,entertainment,upi,,
hospital bill me 30983 rupye kharchaa hua cash se diye,30983,healthcare,cash,,
751 rupye diyee library fee ke liye cash se,751,education,cash,,
padhai ke liye library fee pe 41229 rupay kharchaa kiya card se,41229,education,card,,
Medical test charges INR 34351,34351,healthcare,upi,,
Clothing store bill INR 11887,11887,shopping,upi,,
Doctor consultation INR 49879,49879,healthcare,cash,,
Ola cab INR 11439,11439,travel,cash,,
Clothing store bill INR 16138,16138,shopping,cash,,
43440 rupye fixed deposit investment me daale upi se,43440,investment,upi,,
Hospital bill INR 41378,41378,healthcare,cash,,
internet recharge ka bill 19884 rupye cash se bharaa,19884,utilities,cash,,
Online course subscription INR 34406,34406,education,cash,,
College fees payment INR 41153,41153,education,card,,
water bill ka bill 25802 rupaye cash se bharra,25802,utilities,cash,,
internet recharge recharge kiya 30130 rupaye cash se,30130,utilities,cash,,
just random text 123,five hundred,1234,,,
16783 rupay ka order die electronics shopping pe cash se,16783,shopping,cash,,
Electricity bill payment INR 4054,4054,utilities,card,,
Stock purchase INR 19709,19709,investment,card,,
24493 rs. khrcha kya lunch at hotel pe card se,24493,food,card,,
Credit card EMI INR 42837,42837,emi,upi,,
18669 rupay lgaa ola cab me upi se diye,18669,travel,upi,,
Cafe coffee INR 30008,30008,food,upi,,
flipkart order pe shopping kia 46784 rs karcha upi se,46784,shopping,upi,,
car loan emi EMI 16412 rs kat gaye cash se,16412,emi,cash,,
college fees payment ki fees 1029 rs. cash se bhra,1029,education,cash,,
aaj ola cab liya 23512 rupye card se pay kia,23512,travel,card,,
Netflix subscription INR 10941,10941,entertainment,card,,
flight ticket booking ka kiraya 16870 rupye diy card se,16870,travel,card,,
netflix subscription ka ticket 44905 rupaye me liya card se,44905,entertainment,card,,
aaj mutual fund sip me 35670 rupaiye lagaye card se,35670,investment,card,,
concert ticket dekha 3558 rupaiye lgaa cash se diyee,3558,entertainment,cash,,
Online shopping payment INR 1118,1118,shopping,upi,,
aaj crypto investment me 38527 rs lagaye upi se,38527,investment,upi,,
aaj internet recharge ka 25699 rs ka bill card se bhra,25699,utilities,card,,
credit card emi EMI 23724 rupye kat gaye cash se,23724,emi,cash,,
Online shopping payment INR 23280,23280,shopping,upi,,
concert ticket ka ticket 26213 rupay me lya cash se,26213,entertainment,cash,,
Library fee INR 31273,31273,education,card,,
doctor ke yahan 13921 rupay laga card se diye,13921,healthcare,card,,
Credit card EMI INR 24945,24945,emi,card,,
restaurant bill me 4477 rupye ka khana khayaa upi se,4477,food,upi,,
Electronics shopping INR 20770,20770,shopping,card,,
Water bill INR 27329,27329,utilities,card,,
20876 rupaye ka medical test charges bill aaya card se pay kiyaa,20876,healthcare,card,,
car loan emi ki EMI 23881 rupye upi se bhra,23881,emi,upi,,
Flight ticket booking INR 48051,48051,travel,cash,,
online flipkart order se 13235 ka saman liya upi se pay kiyaa,13235,shopping,upi,,
Online course subscription INR 5953,5953,education,card,,
Train ticket IRCTC INR 30578,30578,travel,card,,
Concert ticket INR 1858,1858,entertainment,card,,
8065 rupay ka personal loan installment installment upi se die,8065,emi,upi,,
27973 rupay lga ola cab me card se diy,27973,travel,card,,
Stock purchase INR 49341,49341,investment,cash,,
Flipkart order INR 46315,46315,shopping,card,,
flipkart order pe shopping kiya 37009 rupye kharchaa cash se,37009,shopping,cash,,
netflix subscription ka subscription 19851 rupaye cash se renew kia,19851,entertainment,cash,,
water bill ka bill 48822 rupay cash se bhra,48822,utilities,cash,,
Stock purchase INR 20300,20300,investment,upi,,
Medical test charges INR 9577,9577,healthcare,card,,
movie ticket booking ka ticket 8126 rupay me lia cash se,8126,entertainment,cash,,
13526 rupaiye ka doctor consultation bill aaya card se pay kiya,13526,healthcare,card,,
Car loan EMI INR 22507,22507,emi,cash,,
train ticket irctc ki ticket 28758 rs. me book kiya upi se,28758,travel,upi,,
College fees payment INR 14567,14567,education,card,,
Fixed deposit investment INR 2162,2162,investment,card,,
clothing store bill pe shopping kiya 22435 rupaiye kharcha cash se,22435,shopping,cash,,
Hotel booking INR 48605,48605,travel,cash,,
Online course subscription INR 11005,11005,education,cash,,
Pharmacy medicine purchase INR 41703,41703,healthcare,upi,,
Uber ride INR 35940,35940,travel,upi,,
Online course subscription INR 42488,42488,education,upi,,
aaj stock purchase me 15426 rupaye lagaye card se,15426,investment,card,,
Mobile recharge INR 35152,35152,utilities,cash,,
Flipkart order INR 49009,49009,shopping,upi,,
swiggy order ka khana 9119 rupay me aaya upi se diyee,9119,food,upi,,
electricity bill payment recharge kia 37524 rs. card se,37524,utilities,card,,
Library fee INR 44728,44728,education,card,,
31935 rupaye lgaa bus ticket me cash se die,31935,travel,cash,,
online shopping payment pe shopping kiya 7389 rupye khrcha cash se,7389,shopping,cash,,
Hospital bill INR 44691,44691,healthcare,upi,,
Online shopping payment INR 10037,10037,shopping,cash,,
Credit card EMI INR 26182,26182,emi,cash,,
Internet recharge INR 23791,23791,utilities,upi,,
doctor ke yahan 42542 rupaye lgaa card se diye,42542,healthcare,card,,
PPF contribution INR 31071,31071,investment,card,,
31046 rupaiye die online course subscription ke liye cash se,31046,education,cash,,
home loan emi ki EMI 33505 rupaiye upi se bharra,33505,emi,upi,,
fixed deposit investment me 45315 rs invest kia cash se,45315,investment,cash,,
aaj restaurant bill se khana order kya 6543 rs upi se die,6543,food,upi,,
credit card emi EMI 20965 rupaiye kat gaye cash se,20965,emi,cash,,
bike loan emi EMI 604 rupaiye kat gaye upi se,604,emi,upi,,
Electricity bill payment INR 17842,17842,utilities,cash,,
doctor consultation pe 19329 rs. kharcha hui davai pe cash se,19329,healthcare,cash,,
11961 rs ka electricity bill payment bill pay kya upi se,11961,utilities,upi,,
Clothing store bill INR 27979,27979,shopping,card,,
Library fee INR 19136,19136,education,upi,,
online electronics shopping se 31671 ka saman liya cash se pay kiyaa,31671,shopping,cash,,
aaj mobile recharge ka 3382 rs ka bill upi se bharra,3382,utilities,upi,,
gas bill payment recharge kiyaa 39342 rs. card se,39342,utilities,card,,
exam fee ka course 5825 rs me liya cash se pay kiya,5825,education,cash,,
Train ticket IRCTC INR 6501,6501,travel,upi,,
doctor ke yahan 11779 rs. laga card se diyee,11779,healthcare,card,,
college fees payment ki fees 4059 rs card se bhra,4059,education,card,,
college fees payment ka course 9478 rupay me lya upi se pay kya,9478,education,upi,,
personal loan installment ki EMI 20473 rupay cash se bharra,20473,emi,cash,,
aaj zomato dinner se khana order kiyaa 14676 rupaye cash se diy,14676,food,cash,,
Flipkart order INR 40719,40719,shopping,card,,
credit card emi EMI 23564 rupay kat gaye upi se,23564,emi,upi,,
stock purchase me 8319 rupay invest kia card se,8319,investment,card,,
hospital bill me 10726 rs. khrcha hua upi se diyee,10726,healthcare,upi,,
zomato dinner me 39620 rupye ka khana khaya card se,39620,food,card,,
10372 rupay ka order diyee clothing store bill pe cash se,10372,shopping,cash,,
4487 rs. lga train ticket irctc me upi se diy,4487,travel,upi,,
Library fee INR 4379,4379,education,cash,,
fixed deposit investment ka SIP 2958 rupye upi se bharaa,2958,investment,upi,,
Game purchase INR 15004,15004,entertainment,cash,,
Movie ticket booking INR 19831,19831,entertainment,card,,
Pharmacy medicine purchase INR 27393,27393,healthcare,cash,,
exam fee ka course 39589 rupaye me lya card se pay kiyaa,39589,education,card,,
Gas bill payment INR 26142,26142,utilities,card,,
aaj mutual fund sip me 47470 rupaiye lagaye upi se,47470,investment,upi,,
zomato dinner ka khana 34038 rupye me aaya cash se diy,34038,food,cash,,
46130 rupay diyee online course subscription ke liye cash se,46130,education,cash,,
amazon purchase se 2502 rs. ka shopping kya card se,2502,shopping,card,,
Hospital bill INR 13522,13522,healthcare,cash,,
"restaurant bill pe 48854 ka bill tha, cash se pay kia",48854,food,cash,,
Crypto investment INR 27543,27543,investment,cash,,
doctor ke yahan 25988 rupye lagaa upi se die,25988,healthcare,upi,,
movie ticket booking ka ticket 9395 rupaye me liya upi se,9395,entertainment,upi,,
College fees payment INR 41575,41575,education,card,,
Mutual fund SIP INR 44503,44503,investment,cash,,
concert ticket dekha 46603 rs laga card se diy,46603,entertainment,card,,
3942 rs fixed deposit investment me daale cash se,3942,investment,cash,,
College fees payment INR 417,417,education,cash,,
Bike loan EMI INR 23094,23094,emi,upi,,
online amazon purchase se 11360 ka saman liyaa card se pay kia,11360,shopping,card,,
Hospital bill INR 18900,18900,healthcare,cash,,
Uber ride INR 5985,5985,travel,cash,,
Mutual fund SIP INR 36880,36880,investment,upi,,
44089 rupay kharch kiyaa restaurant bill pe upi se,44089,food,upi,,
lunch at hotel ka khana 2083 rs. me aaya cash se diyee,2083,food,cash,,
Bike loan EMI INR 3614,3614,emi,upi,,
concert ticket ka subscription 45288 rupaiye card se renew kiyaa,45288,entertainment,card,,
padhai ke liye library fee pe 6618 rs kharchaa kiyaa upi se,6618,education,upi,,
pizza delivery me 34772 rupaiye ka khana khayaa upi se,34772,food,upi,,
aaj ola cab liyaa 42385 rupaye card se pay kiya,42385,travel,card,,
bike loan emi ki EMI 30805 rupaiye upi se bharaa,30805,emi,upi,,
Doctor consultation INR 7063,7063,healthcare,upi,,
college fees payment ki fees 7466 rupaye upi se bhara,7466,education,upi,,
library fee ka course 48277 rupaiye me lya card se pay kiya,48277,education,card,,
game purchase ka subscription 2788 rupaiye upi se renew kiya,2788,entertainment,upi,,
stock purchase ka SIP 27586 rs. cash se bharaa,27586,investment,cash,,
medical test charges pe 43351 rupaiye kharcha hui davai pe cash se,43351,healthcare,cash,,
aaj stock purchase me 6078 rs. lagaye cash se,6078,investment,cash,,
30064 rs crypto investment me daale card se,30064,investment,card,,
credit card emi EMI 16807 rs. kat gaye card se,16807,emi,card,,
padhai ke liye online course subscription pe 6077 rupaye karcha kia upi se,6077,education,upi,,
Electronics shopping INR 26152,26152,shopping,cash,,
47394 rupay die college fees payment ke liye upi se,47394,education,upi,,
crypto investment me 48735 rs invest kya cash se,48735,investment,cash,,
doctor consultation pe 30002 rs kharch hui davai pe upi se,30002,healthcare,upi,,
Online shopping payment INR 5616,5616,shopping,upi,,
zomato dinner me 5961 rupaiye ka khana khya card se,5961,food,card,,
pharmacy medicine purchase me 47628 rupaiye kharchaa hua card se diyee,47628,healthcare,card,,
Mutual fund SIP INR 25957,25957,investment,upi,,
personal loan installment ki EMI 29496 rs upi se bharaa,29496,emi,upi,,
Food court payment INR 9952,9952,food,card,,
exam fee ka course 12107 rs. me liyaa cash se pay kiya,12107,education,cash,,
medical test charges pe 19894 rupaye khrcha hui davai pe cash se,19894,healthcare,cash,,
Crypto investment INR 24835,24835,investment,card,,
mutual fund sip me 18736 rupye invest kya cash se,18736,investment,cash,,
Online shopping payment INR 20563,20563,shopping,card,,
pharmacy medicine purchase me 466 rupaiye kharchaa hua upi se diy,466,healthcare,upi,,
medical test charges pe 37495 rupaiye kharcha hui davai pe upi se,37495,healthcare,upi,,
flipkart order pe shopping kia 49935 rs. kharchaa card se,49935,shopping,card,,
mobile recharge recharge kiyaa 42774 rs cash se,42774,utilities,cash,,
Online shopping payment INR 8654,8654,shopping,upi,,
aaj lunch at hotel se khana order kya 18474 rs cash se diyee,18474,food,cash,,
29089 rupay lagaa flight ticket booking me upi se diye,29089,travel,upi,,
aaj ppf contribution me 23472 rupaye lagaye cash se,23472,investment,cash,,
bike loan emi ki EMI 604 rs. upi se bhra,604,emi,upi,,
Flight ticket booking INR 25151,25151,travel,upi,,
electricity bill payment recharge kiya 48181 rs. card se,48181,utilities,card,,
Uber ride INR 48705,48705,travel,card,,
36652 rs lgaa flight ticket booking me upi se die,36652,travel,upi,,
Hospital bill INR 921,921,healthcare,card,,
doctor ke yahan 16432 rupay lgaa card se die,16432,healthcare,card,,
mobile recharge recharge kia 44952 rupaiye cash se,44952,utilities,cash,,
Uber ride INR 22533,22533,travel,cash,,
Library fee INR 1457,1457,education,card,,
Exam fee INR 26811,26811,education,cash,,
ola cab ka kiraya 10988 rupay diyee card se,10988,travel,card,,
Uber ride INR 43316,43316,travel,card,,
Netflix subscription INR 16791,16791,entertainment,card,,
Gas bill payment INR 27948,27948,utilities,upi,,
Hotel booking INR 25153,25153,travel,cash,,
7937 rs ka bike loan emi installment upi se die,7937,emi,upi,,
game purchase ka ticket 30591 rupay me liyaa cash se,30591,entertainment,cash,,
Library fee INR 35224,35224,education,card,,
online electronics shopping se 39697 ka saman liyaa cash se pay kya,39697,shopping,cash,,
Electronics shopping INR 9790,9790,shopping,upi,,
"food court payment pe 23041 ka bill tha, cash se pay kiyaa",23041,food,cash,,
Fixed deposit investment INR 18091,18091,investment,upi,,
library fee ki fees 19136 rupay upi se bhra,19136,education,upi,,
amazon purchase se 20912 rs. ka shopping kiyaa upi se,20912,shopping,upi,,
Ola cab INR 10039,10039,travel,upi,,
Flipkart order INR 12112,12112,shopping,card,,
stock purchase me 21499 rs invest kia upi se,21499,investment,upi,,
Fixed deposit investment INR 12876,12876,investment,upi,,
loan ka bike loan emi 21518 rs upi se pay kia,21518,emi,upi,,
padhai ke liye exam fee pe 6376 rupaiye kharcha kiya card se,6376,education,card,,
movie ticket booking ka subscription 16561 rs. card se renew kiya,16561,entertainment,card,,
23009 rupaiye khrcha kiyaa movie ticket booking pe card se,23009,entertainment,card,,
12876 rs. kharcha kiyaa movie ticket booking pe upi se,12876,entertainment,upi,,
aaj internet recharge ka 30152 rupaiye ka bill card se bharra,30152,utilities,card,,
concert ticket dekha 451 rupaiye lagaa cash se diy,451,entertainment,cash,,
Concert ticket INR 31895,31895,entertainment,upi,,
Electronics shopping INR 39397,39397,shopping,card,,
aaj electricity bill payment ka 20791 rupay ka bill upi se bharaa,20791,utilities,upi,,
food court payment me 13199 rupaiye ka khana khya cash se,13199,food,cash,,
Uber ride INR 27895,27895,travel,cash,,
Movie ticket booking INR 37273,37273,entertainment,cash,,
flipkart order pe shopping kiya 6133 rs. kharcha upi se,6133,shopping,upi,,
Water bill INR 19826,19826,utilities,card,,
padhai ke liye library fee pe 34395 rs kharcha kia card se,34395,education,card,,
aaj internet recharge ka 23262 rupaiye ka bill upi se bhra,23262,utilities,upi,,
34772 rs kharch kia pizza delivery pe upi se,34772,food,upi,,
15699 rupay ka mobile recharge bill pay kiya cash se,15699,utilities,cash,,
22081 rupaiye ka car loan emi installment card se die,22081,emi,card,,
Fixed deposit investment INR 2688,2688,investment,cash,,
online course subscription ka course 28916 rupye me lya upi se pay kiyaa,28916,education,upi,,
College fees payment INR 23364,23364,education,card,,
movie ticket booking dekha 10190 rs. laga cash se die,10190,entertainment,cash,,
Hospital bill INR 21218,21218,healthcare,cash,,
medical test charges pe 44305 rupay kharch hui davai pe card se,44305,healthcare,card,,
bike loan emi ki EMI 28231 rupaiye upi se bharra,28231,emi,upi,,
aaj water bill ka 28870 rupye ka bill cash se bharra,28870,utilities,cash,,
11714 rupaye lga uber ride me card se diyee,11714,travel,card,,
Gas bill payment INR 1592,1592,utilities,upi,,
Game purchase INR 6697,6697,entertainment,cash,,
11873 rupay ka order diye amazon purchase pe cash se,11873,shopping,cash,,
flipkart order pe shopping kya 48990 rupye kharchaa upi se,48990,shopping,upi,,
36903 rupaye ka order die online shopping payment pe cash se,36903,shopping,cash,,
Game purchase INR 31308,31308,entertainment,cash,,
train ticket irctc ki ticket 42085 rs me book kiyaa upi se,42085,travel,upi,,
home loan emi ki EMI 26315 rs. cash se bharra,26315,emi,cash,,
44613 rupay crypto investment me daale card se,44613,investment,card,,
flipkart order pe shopping kia 36444 rupaye khrcha cash se,36444,shopping,cash,,
Hospital bill INR 4819,4819,healthcare,cash,,
Pharmacy medicine purchase INR 17139,17139,healthcare,upi,,
Home loan EMI INR 41171,41171,emi,cash,,
Stock purchase INR 38432,38432,investment,upi,,
doctor ke yahan 341 rupye lgaa card se die,341,healthcare,card,,
Mobile recharge INR 29006,29006,utilities,card,,
Bike loan EMI INR 604,604,emi,upi,,
Pharmacy medicine purchase INR 22876,22876,healthcare,upi,,
Train ticket IRCTC INR 39157,39157,travel,card,,
Netflix subscription INR 23556,23556,entertainment,upi,,
Restaurant bill INR 2923,2923,food,card,,
electricity bill payment recharge kya 38078 rs card se,38078,utilities,card,,
loan ka home loan emi 35901 rupaiye card se pay kiyaa,35901,emi,card,,
Netflix subscription INR 36242,36242,entertainment,card,,
bus ticket ki ticket 29509 rupye me book kiya cash se,29509,travel,cash,,
clothing store bill pe shopping kya 11046 rupye karcha cash se,11046,shopping,cash,,
padhai ke liye online course subscription pe 1914 rupye khrcha kia card se,1914,education,card,,
Medical test charges INR 39961,39961,healthcare,upi,,
restaurant bill ka khana 9130 rupaye me aaya upi se diye,9130,food,upi,,
Mobile recharge INR 9171,9171,utilities,cash,,
flipkart order pe shopping kia 1959 rupaye kharchaa cash se,1959,shopping,cash,,
Hospital bill INR 40450,40450,healthcare,upi,,
Library fee INR 2923,2923,education,cash,,
aaj crypto investment me 39012 rs. lagaye upi se,39012,investment,upi,,
game purchase ka ticket 34336 rupye me lya cash se,34336,entertainment,cash,,
19709 rupaiye stock purchase me daale card se,19709,investment,card,,
Fixed deposit investment INR 7631,7631,investment,card,,
aaj bus ticket lia 29501 rupye cash se pay kiyaa,29501,travel,cash,,
Flipkart order INR 7819,7819,shopping,cash,,
game purchase ka subscription 20802 rupye upi se renew kiya,20802,entertainment,upi,,
26936 rs. ka order die electronics shopping pe upi se,26936,shopping,upi,,
internet recharge recharge kiyaa 33969 rupye card se,33969,utilities,card,,
doctor consultation pe 26046 rs kharch hui davai pe card se,26046,healthcare,card,,
concert ticket dekha 32412 rs. laga cash se die,32412,entertainment,cash,,
medical test charges me 18938 rupaye karcha hua card se die,18938,healthcare,card,,
Doctor consultation INR 9907,9907,healthcare,upi,,
Water bill INR 3280,3280,utilities,upi,,
Home loan EMI INR 30868,30868,emi,card,,
Movie ticket booking INR 27308,27308,entertainment,card,,
aaj fixed deposit investment me 11950 rs. lagaye cash se,11950,investment,cash,,
food court payment ka khana 36351 rs me aaya cash se diyee,36351,food,cash,,
doctor ke yahan 16440 rupye lga upi se diyee,16440,healthcare,upi,,
aaj hotel booking lia 35581 rupaye card se pay kiya,35581,travel,card,,
3954 rs. ka home loan emi installment cash se die,3954,emi,cash,,
Doctor consultation INR 46127,46127,healthcare,cash,,
College fees payment INR 466,466,education,card,,
Mutual fund SIP INR 6616,6616,investment,card,,
Personal loan installment INR 17920,17920,emi,cash,,
Mobile recharge INR 7005,7005,utilities,upi,,
17813 rupaye ka order diy online shopping payment pe cash se,17813,shopping,cash,,
clothing store bill se 15617 rupye ka shopping kiya card se,15617,shopping,card,,
doctor consultation me 7314 rupaiye kharch hua cash se diyee,7314,healthcare,cash,,
Stock purchase INR 34193,34193,investment,card,,
Credit card EMI INR 49835,49835,emi,upi,,
water bill recharge kiya 15979 rupye cash se,15979,utilities,cash,,
game purchase ka ticket 28040 rupye me liya cash se,28040,entertainment,cash,,
"lunch at hotel pe 15351 ka bill tha, upi se pay kiya",15351,food,upi,,
Credit card EMI INR 8402,8402,emi,upi,,
concert ticket dekha 35160 rs. laga upi se diyee,35160,entertainment,upi,,
loan ka bike loan emi 28615 rupaiye upi se pay kia,28615,emi,upi,,
aaj uber ride lia 9617 rs card se pay kia,9617,travel,card,,
online course subscription ki fees 46075 rs. upi se bharaa,46075,education,upi,,
43533 rs. lagaa train ticket irctc me cash se diye,43533,travel,cash,,
27690 rupye ka bike loan emi installment card se die,27690,emi,card,,
lunch at hotel ka khana 468 rupay me aaya cash se die,468,food,cash,,
loan ka personal loan installment 10468 rupay card se pay kiyaa,10468,emi,card,,
28414 rupye karcha kiyaa food court payment pe card se,28414,food,card,,
College fees payment INR 18034,18034,education,cash,,
online online shopping payment se 16094 ka saman lya upi se pay kiya,16094,shopping,upi,,
Game purchase INR 34910,34910,entertainment,card,,
exam fee ki fees 9789 rupye upi se bhra,9789,education,upi,,
library fee ka course 33540 rupay me lya card se pay kiyaa,33540,education,card,,
electricity bill payment ka bill 18704 rs card se bhra,18704,utilities,card,,
aaj cafe coffee se khana order kiyaa 1881 rupye cash se diye,1881,food,cash,,
College fees payment INR 501,501,education,cash,,
movie ticket booking dekha 42274 rupye laga card se diy,42274,entertainment,card,,
aaj crypto investment me 43099 rupye lagaye upi se,43099,investment,upi,,
Medical test charges INR 4166,4166,healthcare,upi,,
restaurant bill me 20371 rupye ka khana khayaa card se,20371,food,card,,
loan ka home loan emi 10786 rupaye card se pay kiyaa,10786,emi,card,,
"cafe coffee pe 36491 ka bill tha, card se pay kiyaa",36491,food,card,,
padhai ke liye library fee pe 43776 rs. kharchaa kiya cash se,43776,education,cash,,
Stock purchase INR 12894,12894,investment,card,,
Doctor consultation INR 41155,41155,healthcare,upi,,
Cafe coffee INR 1574,1574,food,cash,,
medical test charges me 44162 rupaye kharcha hua upi se diyee,44162,healthcare,upi,,
Netflix subscription INR 10724,10724,entertainment,upi,,
6313 rs. laga hotel booking me upi se diye,6313,travel,upi,,
netflix subscription dekha 31747 rupye lgaa upi se die,31747,entertainment,upi,,
16784 rs. ka order die amazon purchase pe card se,16784,shopping,card,,
"swiggy order pe 2600 ka bill tha, cash se pay kia",2600,food,cash,,
concert ticket dekha 9957 rupaye lga cash se diy,9957,entertainment,cash,,
loan ka home loan emi 49058 rs cash se pay kya,49058,emi,cash,,
Water bill INR 21877,21877,utilities,card,,
padhai ke liye exam fee pe 13362 rupaiye kharch kiyaa upi se,13362,education,upi,,
online course subscription ka course 16086 rupaye me liyaa upi se pay kiyaa,16086,education,upi,,
gas bill payment recharge kiya 28119 rupaye card se,28119,utilities,card,,
26135 rs. ka order diy electronics shopping pe cash se,26135,shopping,cash,,
movie ticket booking ka ticket 5635 rupay me lia cash se,5635,entertainment,cash,,
Library fee INR 31907,31907,education,upi,,
Hotel booking INR 42216,42216,travel,upi,,
medical test charges pe 34454 rs kharch hui davai pe upi se,34454,healthcare,upi,,
Stock purchase INR 45246,45246,investment,card,,
doctor ke yahan 39835 rs. lgaa cash se diy,39835,healthcare,cash,,
Netflix subscription INR 30791,30791,entertainment,card,,
Flipkart order INR 7405,7405,shopping,card,,
Lunch at hotel INR 13019,13019,food,card,,
library fee ki fees 37727 rs. cash se bharaa,37727,education,cash,,
game purchase dekha 11780 rs laga cash se diye,11780,entertainment,cash,,
Movie ticket booking INR 9380,9380,entertainment,card,,
7239 rs. kharcha kiya concert ticket pe upi se,7239,entertainment,upi,,
10855 rupye ka water bill bill pay kya card se,10855,utilities,card,,
Restaurant bill INR 6438,6438,food,cash,,
bus ticket ki ticket 35276 rs me book kiyaa card se,35276,travel,card,,
concert ticket dekha 10970 rupaye laga card se diyee,10970,entertainment,card,,
electronics shopping pe shopping kya 13935 rupaye kharchaa upi se,13935,shopping,upi,,
netflix subscription dekha 39170 rupaye lga upi se die,39170,entertainment,upi,,
Home loan EMI INR 32397,32397,emi,cash,,
doctor ke yahan 36898 rupay laga card se diye,36898,healthcare,card,,
doctor ke yahan 7966 rupaiye lgaa cash se die,7966,healthcare,cash,,
aaj restaurant bill se khana order kia 9532 rupay card se diye,9532,food,card,,
game purchase ka subscription 37151 rupaye cash se renew kia,37151,entertainment,cash,,
mobile recharge ka bill 35322 rs cash se bhra,35322,utilities,cash,,
Crypto investment INR 19437,19437,investment,cash,,
"cafe coffee pe 13309 ka bill tha, card se pay kiyaa",13309,food,card,,
Online course subscription INR 24689,24689,education,cash,,
Zomato dinner INR 20401,20401,food,card,,
Home loan EMI INR 42153,42153,emi,cash,,
Stock purchase INR 49412,49412,investment,cash,,
bus ticket ki ticket 7912 rupaye me book kya cash se,7912,travel,cash,,
Stock purchase INR 13034,13034,investment,upi,,
Personal loan installment INR 43201,43201,emi,card,,
aaj bus ticket lia 15189 rupye card se pay kya,15189,travel,card,,
Mutual fund SIP INR 21487,21487,investment,card,,
Zomato dinner INR 24354,24354,food,card,,
30158 rupaiye kharchaa kya pizza delivery pe upi se,30158,food,upi,,
zomato dinner me 38521 rupaiye ka khana khaya cash se,38521,food,cash,,
Food court payment INR 22809,22809,food,cash,,
bike loan emi EMI 16476 rupye kat gaye card se,16476,emi,card,,
aaj fixed deposit investment me 45655 rupay lagaye card se,45655,investment,card,,
Cafe coffee INR 5152,5152,food,upi,,
8551 rupaye fixed deposit investment me daale card se,8551,investment,card,,
loan ka personal loan installment 16248 rupay cash se pay kya,16248,emi,cash,,
doctor ke yahan 6019 rupay lga upi se die,6019,healthcare,upi,,
Flight ticket booking INR 42277,42277,travel,upi,,
library fee ki fees 10971 rupaiye upi se bhra,10971,education,upi,,
aaj ola cab lya 15297 rupye card se pay kia,15297,travel,card,,
Game purchase INR 48318,48318,entertainment,cash,,
Mobile recharge INR 35664,35664,utilities,card,,
Online shopping payment INR 858,858,shopping,cash,,
Crypto investment INR 25698,25698,investment,cash,,
mobile recharge ka bill 39124 rupaye upi se bhra,39124,utilities,upi,,
college fees payment ki fees 26622 rs. upi se bharra,26622,education,upi,,
46230 rupay stock purchase me daale cash se,46230,investment,cash,,
netflix subscription dekha 8853 rupye lagaa upi se diyee,8853,entertainment,upi,,
Bus ticket INR 29501,29501,travel,cash,,
18332 rupay ka order diye flipkart order pe cash se,18332,shopping,cash,,
39859 rupaiye ka car loan emi installment card se die,39859,emi,card,,
flipkart order pe shopping kya 17650 rs khrcha cash se,17650,shopping,cash,,
Concert ticket INR 49527,49527,entertainment,card,,
train ticket irctc ki ticket 29428 rs me book kia card se,29428,travel,card,,
hospital bill me 10799 rs. khrcha hua cash se diye,10799,healthcare,cash,,
netflix subscription dekha 24857 rupay lagaa card se diyee,24857,entertainment,card,,
padhai ke liye online course subscription pe 47714 rupye kharch kia upi se,47714,education,upi,,
20965 rupye ka order diye online shopping payment pe card se,20965,shopping,card,,
mobile recharge ka bill 373 rs card se bharaa,373,utilities,card,,
aaj gas bill payment ka 20147 rs ka bill card se bhara,20147,utilities,card,,
36021 rupaiye kharch kya restaurant bill pe upi se,36021,food,upi,,
Bus ticket INR 38428,38428,travel,upi,,
Movie ticket booking INR 33139,33139,entertainment,cash,,
Library fee INR 21568,21568,education,upi,,
Mutual fund SIP INR 34797,34797,investment,cash,,
netflix subscription ka subscription 10990 rupay card se renew kya,10990,entertainment,card,,
pharmacy medicine purchase me 49305 rupye kharcha hua upi se diy,49305,healthcare,upi,,
concert ticket ka subscription 23278 rupye card se renew kiya,23278,entertainment,card,,
14244 rupay ka order diye amazon purchase pe card se,14244,shopping,card,,
gas bill payment recharge kiya 26797 rupye upi se,26797,utilities,upi,,
Online course subscription INR 29793,29793,education,cash,,
electricity bill payment recharge kya 20046 rupaiye cash se,20046,utilities,cash,,
Cafe coffee INR 39226,39226,food,card,,
Hotel booking INR 35581,35581,travel,card,,
Netflix subscription INR 49069,49069,entertainment,card,,
aaj electricity bill payment ka 41644 rupye ka bill cash se bhra,41644,utilities,cash,,
Online shopping payment INR 23032,23032,shopping,card,,
Electronics shopping INR 13935,13935,shopping,upi,,
Mutual fund SIP INR 41691,41691,investment,card,,
Electronics shopping INR 49363,49363,shopping,card,,
crypto investment me 41324 rs invest kiyaa upi se,41324,investment,upi,,
2442 rupye ka water bill bill pay kiya card se,2442,utilities,card,,
College fees payment INR 45004,45004,education,card,,
17818 rs. crypto investment me daale upi se,17818,investment,upi,,
18609 rupay ka pharmacy medicine purchase bill aaya upi se pay kia,18609,healthcare,upi,,
21892 rs. lga bus ticket me cash se diyee,21892,travel,cash,,
Amazon purchase INR 34958,34958,shopping,cash,,
hospital bill me 2700 rs kharchaa hua cash se diy,2700,healthcare,cash,,
41742 rs. lga uber ride me cash se diye,41742,travel,cash,,
Food court payment INR 41344,41344,food,upi,,
Flight ticket booking INR 33830,33830,travel,card,,
Car loan EMI INR 4259,4259,emi,cash,,
flipkart order pe shopping kia 46871 rupaye karcha cash se,46871,shopping,cash,,
44672 rupaye fixed deposit investment me daale upi se,44672,investment,upi,,
Pharmacy medicine purchase INR 23609,23609,healthcare,card,,
32781 rupaye diy online course subscription ke liye upi se,32781,education,upi,,
Gas bill payment INR 48166,48166,utilities,cash,,
train ticket irctc ki ticket 28434 rs me book kya card se,28434,travel,card,,
Amazon purchase INR 27721,27721,shopping,cash,,
Mobile recharge INR 39945,39945,utilities,upi,,
Library fee INR 46589,46589,education,card,,
15446 rupaye diye online course subscription ke liye cash se,15446,education,cash,,
Hospital bill INR 1067,1067,healthcare,card,,
stock purchase ka SIP 30994 rupye upi se bhra,30994,investment,upi,,
movie ticket booking dekha 19176 rupaye lga cash se diyee,19176,entertainment,cash,,
College fees payment INR 22011,22011,education,card,,
Bike loan EMI INR 35528,35528,emi,upi,,
Internet recharge INR 36956,36956,utilities,card,,
fixed deposit investment ka SIP 34213 rupye card se bharra,34213,investment,card,,
loan ka credit card emi 4691 rs. cash se pay kiya,4691,emi,cash,,
movie ticket booking ka subscription 25810 rs card se renew kiyaa,25810,entertainment,card,,
personal loan installment EMI 39727 rupye kat gaye upi se,39727,emi,upi,,
Concert ticket INR 6400,6400,entertainment,upi,,
Hospital bill INR 34123,34123,healthcare,upi,,
bike loan emi EMI 17163 rs kat gaye card se,17163,emi,card,,
Pharmacy medicine purchase INR 2194,2194,healthcare,card,,
loan ka credit card emi 30207 rupaiye cash se pay kia,30207,emi,cash,,
cafe coffee me 1574 rupaye ka khana khaya cash se,1574,food,cash,,
aaj bus ticket liyaa 43407 rupay upi se pay kya,43407,travel,upi,,
credit card emi ki EMI 20803 rupaiye upi se bharra,20803,emi,upi,,
padhai ke liye library fee pe 21942 rupay khrcha kya cash se,21942,education,cash,,
46017 rupaiye ka electricity bill payment bill pay kiyaa cash se,46017,utilities,cash,,
movie ticket booking ka ticket 24850 rs me lya cash se,24850,entertainment,cash,,
Pizza delivery INR 44409,44409,food,upi,,
personal loan installment ki EMI 30368 rs upi se bhara,30368,emi,upi,,
1291 rs lga ola cab me upi se diy,1291,travel,upi,,
16569 rs. ka pharmacy medicine purchase bill aaya cash se pay kia,16569,healthcare,cash,,
Game purchase INR 13930,13930,entertainment,cash,,
Pizza delivery INR 46204,46204,food,cash,,
30647 rupaye lga flight ticket booking me upi se diye,30647,travel,upi,,
college fees payment ka course 41153 rupay me lia card se pay kia,41153,education,card,,
mobile recharge recharge kia 28183 rupay cash se,28183,utilities,cash,,
home loan emi EMI 22776 rupay kat gaye card se,22776,emi,card,,
padhai ke liye college fees payment pe 39059 rupye kharchaa kiyaa card se,39059,education,card,,
Concert ticket INR 43142,43142,entertainment,cash,,
doctor ke yahan 25892 rupaiye lga cash se diyee,25892,healthcare,cash,,
Personal loan installment INR 9734,9734,emi,cash,,
aaj cafe coffee se khana order kiyaa 28817 rs card se diyee,28817,food,card,,
9917 rupye karcha kiyaa movie ticket booking pe upi se,9917,entertainment,upi,,
Credit card EMI INR 2974,2974,emi,card,,
Flipkart order INR 1455,1455,shopping,card,,
pharmacy medicine purchase me 36623 rs kharch hua card se die,36623,healthcare,card,,
7300 rs stock purchase me daale card se,7300,investment,card,,
Electronics shopping INR 37790,37790,shopping,cash,,
Swiggy order INR 2383,2383,food,upi,,
internet recharge recharge kiya 20826 rs card se,20826,utilities,card,,
Restaurant bill INR 46851,46851,food,card,,
20659 rs. karcha kiyaa movie ticket booking pe upi se,20659,entertainment,upi,,
Medical test charges INR 33819,33819,healthcare,card,,
Electricity bill payment INR 21912,21912,utilities,cash,,
7551 rupye lgaa flight ticket booking me card se diy,7551,travel,card,,
flight ticket booking ki ticket 20033 rupaye me book kiyaa card se,20033,travel,card,,
Ola cab INR 20876,20876,travel,cash,,
Pharmacy medicine purchase INR 8425,8425,healthcare,card,,
online clothing store bill se 45765 ka saman liya upi se pay kiyaa,45765,shopping,upi,,
Car loan EMI INR 16798,16798,emi,upi,,
bike loan emi EMI 36019 rupay kat gaye card se,36019,emi,card,,
Amazon purchase INR 3963,3963,shopping,card,,
doctor ke yahan 9721 rs laga card se diy,9721,healthcare,card,,
padhai ke liye college fees payment pe 28985 rupye kharch kia cash se,28985,education,cash,,
Pharmacy medicine purchase INR 9831,9831,healthcare,upi,,
crypto investment me 17818 rupye invest kia upi se,17818,investment,upi,,
Doctor consultation INR 12386,12386,healthcare,cash,,
Bus ticket INR 27154,27154,travel,card,,
Car loan EMI INR 39859,39859,emi,card,,
aaj mutual fund sip me 36880 rupay lagaye upi se,36880,investment,upi,,
31781 rupaye ka order diy online shopping payment pe upi se,31781,shopping,upi,,
aaj crypto investment me 1443 rs. lagaye card se,1443,investment,card,,
aaj fixed deposit investment me 34213 rs. lagaye card se,34213,investment,card,,
swiggy order ka khana 6575 rupaye me aaya upi se diy,6575,food,upi,,
Food court payment INR 12513,12513,food,upi,,
online course subscription ka course 49409 rupye me lya cash se pay kiya,49409,education,cash,,
Gas bill payment INR 36777,36777,utilities,upi,,
7638 rupaye karcha kia pizza delivery pe card se,7638,food,card,,
Gas bill payment INR 24221,24221,utilities,upi,,
medical test charges pe 23120 rs kharch hui davai pe cash se,23120,healthcare,cash,,
11560 rupaye ka internet recharge bill pay kia cash se,11560,utilities,cash,,
Lunch at hotel INR 9665,9665,food,upi,,
Hospital bill INR 6312,6312,healthcare,upi,,
Online shopping payment INR 14147,14147,shopping,card,,
28627 rs diyee library fee ke liye cash se,28627,education,cash,,
Hospital bill INR 2675,2675,healthcare,upi,,
27495 rupaye ka order die clothing store bill pe card se,27495,shopping,card,,
Pizza delivery INR 16364,16364,food,upi,,
Library fee INR 26073,26073,education,card,,
Doctor consultation INR 31646,31646,healthcare,cash,,
Mobile recharge INR 20622,20622,utilities,cash,,
aaj mutual fund sip me 49196 rupaiye lagaye card se,49196,investment,card,,
Netflix subscription INR 22161,22161,entertainment,cash,,
"zomato dinner pe 36531 ka bill tha, upi se pay kiyaa",36531,food,upi,,
stock purchase ka SIP 30624 rupaiye upi se bhra,30624,investment,upi,,
Doctor consultation INR 31752,31752,healthcare,upi,,
concert ticket dekha 32585 rupaiye laga cash se diyee,32585,entertainment,cash,,
Hospital bill INR 22378,22378,healthcare,cash,,
Bike loan EMI INR 22026,22026,emi,upi,,
Water bill INR 25357,25357,utilities,cash,,
aaj fixed deposit investment me 32934 rupaiye lagaye cash se,32934,investment,cash,,
padhai ke liye college fees payment pe 23716 rs. kharchaa kya cash se,23716,education,cash,,
"lunch at hotel pe 41395 ka bill tha, card se pay kiya",41395,food,card,,
Flight ticket booking INR 48016,48016,travel,cash,,
Swiggy order INR 46887,46887,food,cash,,
hotel booking ka kiraya 35424 rs. diy cash se,35424,travel,cash,,
Flight ticket booking INR 13097,13097,travel,cash,,
19811 rs. ka doctor consultation bill aaya upi se pay kiyaa,19811,healthcare,upi,,
aaj bus ticket liya 2981 rupaye card se pay kiya,2981,travel,card,,
online shopping payment pe shopping kiyaa 47810 rupye kharch card se,47810,shopping,card,,
Personal loan installment INR 672,672,emi,upi,,
Internet recharge INR 27826,27826,utilities,card,,
Home loan EMI INR 12217,12217,emi,upi,,
PPF contribution INR 18170,18170,investment,cash,,
electronics shopping pe shopping kiyaa 16665 rupaye kharch cash se,16665,shopping,cash,,
ola cab ki ticket 49474 rupaiye me book kiyaa upi se,49474,travel,upi,,
online shopping payment pe shopping kia 47375 rs. kharch card se,47375,shopping,card,,
gas bill payment recharge kiyaa 44208 rupaiye upi se,44208,utilities,upi,,
Home loan EMI INR 36117,36117,emi,upi,,
8529 rupay diyee library fee ke liye cash se,8529,education,cash,,
Hospital bill INR 36084,36084,healthcare,cash,,
padhai ke liye college fees payment pe 417 rupaye khrcha kia cash se,417,education,cash,,
online shopping payment pe shopping kiyaa 2686 rs. khrcha card se,2686,shopping,card,,
Flight ticket booking INR 5666,5666,travel,card,,
online shopping payment pe shopping kya 13266 rs. kharcha card se,13266,shopping,card,,
Gas bill payment INR 8499,8499,utilities,cash,,
Online course subscription INR 11767,11767,education,card,,
Exam fee INR 34325,34325,education,upi,,
aaj ola cab lia 31012 rupye card se pay kiyaa,31012,travel,card,,
Home loan EMI INR 6344,6344,emi,upi,,
Pharmacy medicine purchase INR 35534,35534,healthcare,card,,
Credit card EMI INR 15371,15371,emi,cash,,
pizza delivery me 45961 rupye ka khana khayaa upi se,45961,food,upi,,
Online shopping payment INR 13352,13352,shopping,cash,,
Messy outlier tx ,,1234,bitcoin,,
4517 rs ka order diyee flipkart order pe upi se,4517,shopping,upi,,
Hotel booking INR 8563,8563,travel,cash,,
Bus ticket INR 31935,31935,travel,cash,,
Netflix subscription INR 47381,47381,entertainment,upi,,
Credit card EMI INR 49583,49583,emi,cash,,
online online shopping payment se 802 ka saman liya cash se pay kiya,802,shopping,cash,,
game purchase ka ticket 34910 rupaye me liyaa card se,34910,entertainment,card,,
Concert ticket INR 18600,18600,entertainment,cash,,
10992 rs kharchaa kiyaa concert ticket pe cash se,10992,entertainment,cash,,
clothing store bill se 16752 rupay ka shopping kiyaa cash se,16752,shopping,cash,,
Movie ticket booking INR 4563,4563,entertainment,upi,,
37726 rupay ka order die online shopping payment pe cash se,37726,shopping,cash,,
Swiggy order INR 5550,5550,food,upi,,
Personal loan installment INR 19110,19110,emi,upi,,
Food court payment INR 41844,41844,food,upi,,
aaj fixed deposit investment me 5074 rs lagaye upi se,5074,investment,upi,,
27529 rupaiye kharch kya concert ticket pe cash se,27529,entertainment,cash,,
Netflix subscription INR 2936,2936,entertainment,upi,,
Hotel booking INR 16613,16613,travel,upi,,
Stock purchase INR 47141,47141,investment,card,,
padhai ke liye library fee pe 4339 rupay kharchaa kya card se,4339,education,card,,
College fees payment INR 19249,19249,education,card,,
doctor consultation me 31003 rupye khrcha hua upi se diy,31003,healthcare,upi,,
train ticket irctc ki ticket 7743 rupay me book kiya upi se,7743,travel,upi,,
online shopping payment se 6755 rs. ka shopping kiya upi se,6755,shopping,upi,,
Mobile recharge INR 35169,35169,utilities,card,,
aaj fixed deposit investment me 46466 rupay lagaye cash se,46466,investment,cash,,
Exam fee INR 5191,5191,education,card,,
Pharmacy medicine purchase INR 43342,43342,healthcare,cash,,
Crypto investment INR 21604,21604,investment,cash,,
Water bill INR 43462,43462,utilities,cash,,
Medical test charges INR 8662,8662,healthcare,cash,,
Zomato dinner INR 1440,1440,food,cash,,
doctor consultation me 45025 rs. kharcha hua card se diyee,45025,healthcare,card,,
Messy outlier tx UPIID123,-100,shopping_err,csh,,
8322 rupaiye kharcha kia food court payment pe cash se,8322,food,cash,,
car loan emi ki EMI 36913 rupay cash se bhara,36913,emi,cash,,
ola cab ki ticket 42457 rs. me book kiyaa cash se,42457,travel,cash,,
Ola cab INR 4903,4903,travel,card,,
5731 rs. diy online course subscription ke liye cash se,5731,education,cash,,
Crypto investment INR 10060,10060,investment,card,,
Game purchase INR 27346,27346,entertainment,cash,,
online flipkart order se 15783 ka saman lia cash se pay kiyaa,15783,shopping,cash,,
loan ka home loan emi 18154 rs upi se pay kia,18154,emi,upi,,
Zomato dinner INR 37232,37232,food,cash,,
online shopping payment pe shopping kia 6946 rupaiye kharch card se,6946,shopping,card,,
Gas bill payment INR 38425,38425,utilities,cash,,
fixed deposit investment ka SIP 24695 rupaye card se bharra,24695,investment,card,,
Fixed deposit investment INR 5279,5279,investment,cash,,
aaj fixed deposit investment me 16435 rupay lagaye cash se,16435,investment,cash,,
Medical test charges INR 46322,46322,healthcare,upi,,
game purchase ka subscription 29784 rupaye card se renew kiyaa,29784,entertainment,card,,
1600 rs. stock purchase me daale cash se,1600,investment,cash,,
40575 rupaiye karcha kiyaa cafe coffee pe cash se,40575,food,cash,,
Bus ticket INR 43960,43960,travel,upi,,
aaj uber ride liya 48705 rupay card se pay kia,48705,travel,card,,
flipkart order pe shopping kiyaa 7957 rupaye khrcha upi se,7957,shopping,upi,,
Exam fee INR 17443,17443,education,card,,
Ola cab INR 2228,2228,travel,cash,,
aaj water bill ka 33527 rupay ka bill cash se bhra,33527,utilities,cash,,
25089 rupaiye ka order diyee electronics shopping pe cash se,25089,shopping,cash,,
Doctor consultation INR 4868,4868,healthcare,upi,,
Pharmacy medicine purchase INR 33325,33325,healthcare,cash,,
Online shopping payment INR 26397,26397,shopping,card,,
Ola cab INR 33794,33794,travel,card,,
game purchase ka ticket 12493 rupay me lia upi se,12493,entertainment,upi,,
fixed deposit investment me 39699 rs invest kiyaa cash se,39699,investment,cash,,
Online course subscription INR 9221,9221,education,upi,,
"zomato dinner pe 18597 ka bill tha, upi se pay kia",18597,food,upi,,
netflix subscription dekha 12117 rs. lgaa cash se diye,12117,entertainment,cash,,
Fixed deposit investment INR 7112,7112,investment,cash,,
pharmacy medicine purchase me 9426 rupaiye kharchaa hua upi se diyee,9426,healthcare,upi,,
medical test charges me 35489 rupaye kharch hua card se diy,35489,healthcare,card,,
Concert ticket INR 4477,4477,entertainment,card,,
Stock purchase INR 6078,6078,investment,cash,,
online course subscription ka course 28590 rupaye me liyaa card se pay kya,28590,education,card,,
10821 rs lagaa bus ticket me upi se die,10821,travel,upi,,
online course subscription ki fees 27912 rupaye upi se bharaa,27912,education,upi,,
medical test charges pe 14234 rs. khrcha hui davai pe card se,14234,healthcare,card,,
food court payment me 41844 rupaye ka khana khaaya upi se,41844,food,upi,,
14234 rs. ka medical test charges bill aaya card se pay kiyaa,14234,healthcare,card,,
10190 rupaiye kharchaa kiya movie ticket booking pe cash se,10190,entertainment,cash,,
38750 rupaiye ka water bill bill pay kia cash se,38750,utilities,cash,,
Bus ticket INR 34148,34148,travel,card,,
Medical test charges INR 5420,5420,healthcare,cash,,
Home loan EMI INR 3954,3954,emi,cash,,
5514 rs. laga train ticket irctc me card se diye,5514,travel,card,,
aaj internet recharge ka 24912 rupye ka bill cash se bhara,24912,utilities,cash,,
26563 rs lgaa flight ticket booking me cash se diyee,26563,travel,cash,,
pizza delivery me 32270 rs ka khana khaaya cash se,32270,food,cash,,
exam fee ka course 11944 rupay me liyaa cash se pay kya,11944,education,cash,,
Pizza delivery INR 6020,6020,food,cash,,
fixed deposit investment ka SIP 18726 rupaye cash se bhara,18726,investment,cash,,
Electronics shopping INR 28722,28722,shopping,upi,,
Gas bill payment INR 20147,20147,utilities,card,,
electronics shopping pe shopping kiya 19044 rupaiye khrcha cash se,19044,shopping,cash,,
38432 rupaye stock purchase me daale upi se,38432,investment,upi,,
clothing store bill pe shopping kiya 24204 rupaye kharcha upi se,24204,shopping,upi,,
ppf contribution me 18170 rupay invest kya cash se,18170,investment,cash,,
Online shopping payment INR 45731,45731,shopping,card,,
14567 rupaiye die college fees payment ke liye card se,14567,education,card,,
online course subscription ki fees 15122 rs upi se bhara,15122,education,upi,,
online course subscription ka course 9221 rupay me lia upi se pay kya,9221,education,upi,,
concert ticket dekha 42467 rupaiye lgaa card se diy,42467,entertainment,card,,
Personal loan installment INR 4950,4950,emi,cash,,
Netflix subscription INR 2655,2655,entertainment,card,,
electricity bill payment recharge kia 15685 rupay cash se,15685,utilities,cash,,
exam fee ka course 8451 rupye me lya cash se pay kiyaa,8451,education,cash,,
Netflix subscription INR 32986,32986,entertainment,card,,
game purchase dekha 9215 rs. lga upi se diyee,9215,entertainment,upi,,
electricity bill payment ka bill 10556 rupaye upi se bharra,10556,utilities,upi,,
11762 rupye kharcha kiya game purchase pe card se,11762,entertainment,card,,
Uber ride INR 32646,32646,travel,cash,,
doctor ke yahan 30983 rs laga cash se diyee,30983,healthcare,cash,,
game purchase ka ticket 8989 rupaiye me lia cash se,8989,entertainment,cash,,
Internet recharge INR 46952,46952,utilities,card,,
Movie ticket booking INR 25188,25188,entertainment,card,,
credit card emi EMI 1674 rupaye kat gaye upi se,1674,emi,upi,,
food court payment ka khana 9952 rs me aaya card se diy,9952,food,card,,
online shopping payment pe shopping kiyaa 23861 rupaiye kharch upi se,23861,shopping,upi,,
Electronics shopping INR 9496,9496,shopping,cash,,
aaj restaurant bill se khana order kya 17395 rupye card se diye,17395,food,card,,
14523 rs ka mobile recharge bill pay kiyaa card se,14523,utilities,card,,
electronics shopping pe shopping kya 4611 rs. kharchaa upi se,4611,shopping,upi,,
Stock purchase INR 8319,8319,investment,card,,
fixed deposit investment ka SIP 43563 rupye cash se bhara,43563,investment,cash,,
hospital bill pe 32689 rs. kharch hui davai pe upi se,32689,healthcare,upi,,
flight ticket booking ki ticket 46725 rupay me book kya upi se,46725,travel,upi,,
5504 rupaiye ka medical test charges bill aaya cash se pay kya,5504,healthcare,cash,,
Swiggy order INR 28283,28283,food,card,,
game purchase ka subscription 19875 rupaye cash se renew kiyaa,19875,entertainment,cash,,
Netflix subscription INR 39170,39170,entertainment,upi,,
ppf contribution me 34072 rupye invest kiyaa cash se,34072,investment,cash,,
mutual fund sip me 10368 rupaye invest kiya card se,10368,investment,card,,
20624 rupaye ka pharmacy medicine purchase bill aaya cash se pay kiyaa,20624,healthcare,cash,,
flight ticket booking ki ticket 22510 rupay me book kiya card se,22510,travel,card,,
aaj lunch at hotel se khana order kiyaa 8394 rupye card se diye,8394,food,card,,
Lunch at hotel INR 32420,32420,food,cash,,
9065 rs. stock purchase me daale card se,9065,investment,card,,
netflix subscription dekha 2918 rupaiye lgaa cash se diyee,2918,entertainment,cash,,
College fees payment INR 16296,16296,education,upi,,
Personal loan installment INR 14867,14867,emi,upi,,
9120 rupye crypto investment me daale card se,9120,investment,card,,
Medical test charges INR 12899,12899,healthcare,card,,
doctor ke yahan 36660 rupye lagaa upi se die,36660,healthcare,upi,,
aaj ppf contribution me 38059 rupaiye lagaye cash se,38059,investment,cash,,
Hospital bill INR 15758,15758,healthcare,card,,
fixed deposit investment me 37584 rs invest kia cash se,37584,investment,cash,,
Mobile recharge INR 8338,8338,utilities,upi,,
hospital bill pe 43349 rupye kharchaa hui davai pe cash se,43349,healthcare,cash,,
42392 rs ka credit card emi installment upi se diye,42392,emi,upi,,
Electronics shopping INR 19694,19694,shopping,card,,
Library fee INR 7205,7205,education,card,,
Car loan EMI INR 20666,20666,emi,cash,,
Credit card EMI INR 27833,27833,emi,cash,,
gas bill payment ka bill 41514 rs upi se bhra,41514,utilities,upi,,
Clothing store bill INR 36890,36890,shopping,upi,,
Messy outlier tx ,five hundred,blabla,bitcoin,,
Online shopping payment INR 12047,12047,shopping,card,,
electricity bill payment recharge kya 33688 rs upi se,33688,utilities,upi,,
credit card emi ki EMI 21187 rupye cash se bhra,21187,emi,cash,,
Electricity bill payment INR 2848,2848,utilities,cash,,
personal loan installment EMI 20473 rupaiye kat gaye cash se,20473,emi,cash,,
Netflix subscription INR 41568,41568,entertainment,card,,
aaj cafe coffee se khana order kya 41827 rs upi se diyee,41827,food,upi,,
movie ticket booking ka ticket 28235 rs. me liyaa cash se,28235,entertainment,cash,,
49341 rupye stock purchase me daale cash se,49341,investment,cash,,
aaj train ticket irctc liyaa 36601 rupay upi se pay kya,36601,travel,upi,,
47206 rs. ka hospital bill bill aaya card se pay kia,47206,healthcare,card,,
test transaction do not process,99999999,unknown,ccard,,
Home loan EMI INR 43699,43699,emi,upi,,
aaj electricity bill payment ka 46224 rupaye ka bill cash se bhra,46224,utilities,cash,,
Ola cab INR 6974,6974,travel,cash,,
Online course subscription INR 47714,47714,education,upi,,
Home loan EMI INR 8244,8244,emi,upi,,
31752 rs. ka doctor consultation bill aaya upi se pay kiya,31752,healthcare,upi,,
Pharmacy medicine purchase INR 8538,8538,healthcare,card,,
amazon purchase se 20376 rupaiye ka shopping kia cash se,20376,shopping,cash,,
electricity bill payment recharge kiyaa 15060 rupay card se,15060,utilities,card,,
30802 rupaye ka order diyee flipkart order pe card se,30802,shopping,card,,
"lunch at hotel pe 24493 ka bill tha, card se pay kiya",24493,food,card,,
Flight ticket booking INR 9306,9306,travel,cash,,
45405 rs ka credit card emi installment upi se die,45405,emi,upi,,
bike loan emi ki EMI 34994 rupye upi se bharra,34994,emi,upi,,
32814 rupay stock purchase me daale upi se,32814,investment,upi,,
loan ka credit card emi 10233 rupaiye card se pay kia,10233,emi,card,,
Concert ticket INR 11041,11041,entertainment,cash,,
train ticket irctc ki ticket 7876 rs me book kiya cash se,7876,travel,cash,,
loan ka bike loan emi 5700 rupye card se pay kiyaa,5700,emi,card,,
Hospital bill INR 10839,10839,healthcare,cash,,
Ola cab INR 1291,1291,travel,upi,,
Movie ticket booking INR 8094,8094,entertainment,cash,,
online amazon purchase se 1973 ka saman liyaa cash se pay kiyaa,1973,shopping,cash,,
<script>alert('xss')</script>,-5000,error,123,,
Online course subscription INR 33550,33550,education,cash,,
Electricity bill payment INR 6128,6128,utilities,cash,,
46315 rupaiye ka order die flipkart order pe card se,46315,shopping,card,,
Hotel booking INR 27324,27324,travel,cash,,
ola cab ka kiraya 2228 rupaiye diy cash se,2228,travel,cash,,
Netflix subscription INR 18165,18165,entertainment,cash,,
loan ka car loan emi 31047 rs. card se pay kya,31047,emi,card,,
Bus ticket INR 42889,42889,travel,upi,,
loan ka home loan emi 16286 rs. card se pay kiyaa,16286,emi,card,,
flight ticket booking ki ticket 13097 rupay me book kya cash se,13097,travel,cash,,
flipkart order se 13235 rs. ka shopping kiya upi se,13235,shopping,upi,,
home loan emi EMI 17099 rupye kat gaye card se,17099,emi,card,,
pharmacy medicine purchase me 29638 rupye khrcha hua card se die,29638,healthcare,card,,
doctor consultation pe 23246 rupay kharchaa hui davai pe upi se,23246,healthcare,upi,,
aaj hotel booking lia 22125 rs. cash se pay kia,22125,travel,cash,,
Electricity bill payment INR 36318,36318,utilities,card,,
Credit card EMI INR 30593,30593,emi,upi,,
stock purchase me 48968 rupaiye invest kia upi se,48968,investment,upi,,
Flipkart order INR 21590,21590,shopping,cash,,
swiggy order me 30987 rs. ka khana khya cash se,30987,food,cash,,
49391 rs ka order diyee electronics shopping pe cash se,49391,shopping,cash,,
Exam fee INR 16306,16306,education,cash,,
food court payment ka khana 14271 rupay me aaya cash se diyee,14271,food,cash,,
Food court payment INR 28702,28702,food,upi,,
Library fee INR 43371,43371,education,upi,,
Bike loan EMI INR 36230,36230,emi,cash,,
Game purchase INR 16945,16945,entertainment,card,,
aaj gas bill payment ka 39529 rs. ka bill card se bhara,39529,utilities,card,,
49336 rupaiye karcha kiya movie ticket booking pe cash se,49336,entertainment,cash,,
aaj bus ticket lia 33860 rupay card se pay kia,33860,travel,card,,
aaj uber ride lia 22969 rupaye card se pay kiyaa,22969,travel,card,,
Hospital bill INR 10799,10799,healthcare,cash,,
Internet recharge INR 18093,18093,utilities,card,,
Pharmacy medicine purchase INR 21419,21419,healthcare,upi,,
train ticket irctc ki ticket 1416 rupay me book kia cash se,1416,travel,cash,,
Amazon purchase INR 41061,41061,shopping,upi,,
7861 rs. kharcha kia zomato dinner pe cash se,7861,food,cash,,
Lunch at hotel INR 43024,43024,food,card,,
33997 rs. kharcha kiyaa netflix subscription pe card se,33997,entertainment,card,,
aaj gas bill payment ka 43967 rupay ka bill card se bharaa,43967,utilities,card,,
doctor consultation me 44412 rs karcha hua cash se diy,44412,healthcare,cash,,
bus ticket ka kiraya 21892 rupaiye diyee card se,21892,travel,card,,
23740 rs. kharchaa kiyaa lunch at hotel pe card se,23740,food,card,,
aaj swiggy order se khana order kiyaa 30844 rupay upi se die,30844,food,upi,,
zomato dinner ka khana 24063 rupaiye me aaya upi se die,24063,food,upi,,
mobile recharge recharge kia 14465 rs upi se,14465,utilities,upi,,
aaj ppf contribution me 27487 rs. lagaye cash se,27487,investment,cash,,
mutual fund sip ka SIP 28524 rupaye card se bhra,28524,investment,card,,
46904 rupaye stock purchase me daale upi se,46904,investment,upi,,
aaj internet recharge ka 26562 rupaiye ka bill card se bharaa,26562,utilities,card,,
26991 rupay ka internet recharge bill pay kia upi se,26991,utilities,upi,,
Mobile recharge INR 14465,14465,utilities,upi,,
Car loan EMI INR 7385,7385,emi,upi,,
Stock purchase INR 24675,24675,investment,card,,
online flipkart order se 9848 ka saman liyaa cash se pay kiyaa,9848,shopping,cash,,
12047 rupaiye ka order diye online shopping payment pe card se,12047,shopping,card,,
18226 rupaiye ka hospital bill bill aaya cash se pay kiya,18226,healthcare,cash,,
mutual fund sip me 46878 rupay invest kia upi se,46878,investment,upi,,
Online course subscription INR 42670,42670,education,upi,,
Online shopping payment INR 2714,2714,shopping,cash,,
Bike loan EMI INR 36019,36019,emi,card,,
online course subscription ki fees 36466 rupye card se bhra,36466,education,card,,
521 rupaye laga hotel booking me cash se die,521,travel,cash,,
aaj restaurant bill se khana order kia 33298 rupaiye upi se diye,33298,food,upi,,
PPF contribution INR 24209,24209,investment,upi,,
Online course subscription INR 49691,49691,education,cash,,
aaj ola cab lia 41413 rs. cash se pay kya,41413,travel,cash,,
food court payment me 19278 rupay ka khana khayaa upi se,19278,food,upi,,
Flipkart order INR 6133,6133,shopping,upi,,
concert ticket ka ticket 45462 rs me lia cash se,45462,entertainment,cash,,
Concert ticket INR 27529,27529,entertainment,cash,,
loan ka car loan emi 21668 rs card se pay kiya,21668,emi,card,,
Messy outlier tx ,"1,000",misc,bitcoin,,
Personal loan installment INR 18147,18147,emi,card,,
Bike loan EMI INR 15301,15301,emi,card,,
personal loan installment EMI 43721 rs. kat gaye cash se,43721,emi,cash,,
padhai ke liye college fees payment pe 25023 rupaiye kharch kiyaa upi se,25023,education,upi,,
Library fee INR 16716,16716,education,cash,,
5297 rupye ka electricity bill payment bill pay kia cash se,5297,utilities,cash,,
online shopping payment pe shopping kya 32137 rs. kharchaa card se,32137,shopping,card,,
Water bill INR 38641,38641,utilities,card,,
aaj lunch at hotel se khana order kiya 35435 rupaye upi se diy,35435,food,upi,,
Bus ticket INR 28292,28292,travel,card,,
Medical test charges INR 33876,33876,healthcare,cash,,
Concert ticket INR 45301,45301,entertainment,card,,
College fees payment INR 37583,37583,education,upi,,
college fees payment ki fees 10335 rs. upi se bharra,10335,education,upi,,
library fee ka course 7438 rs me liyaa cash se pay kiyaa,7438,education,cash,,
stock purchase me 34132 rs invest kia card se,34132,investment,card,,
Concert ticket INR 9957,9957,entertainment,cash,,
aaj food court payment se khana order kya 23041 rupay cash se diye,23041,food,cash,,
Personal loan installment INR 17985,17985,emi,cash,,
car loan emi EMI 6376 rupye kat gaye cash se,6376,emi,cash,,
train ticket irctc ki ticket 1716 rupaiye me book kiyaa card se,1716,travel,card,,
loan ka credit card emi 15371 rs. cash se pay kya,15371,emi,cash,,
aaj food court payment se khana order kya 42322 rupye upi se diyee,42322,food,upi,,
37854 rupay karcha kiya movie ticket booking pe upi se,37854,entertainment,upi,,
Electricity bill payment INR 23827,23827,utilities,upi,,
online amazon purchase se 24059 ka saman lya upi se pay kya,24059,shopping,upi,,
Concert ticket INR 12775,12775,entertainment,card,,
9312 rupye mutual fund sip me daale card se,9312,investment,card,,
Clothing store bill INR 8736,8736,shopping,cash,,
aaj internet recharge ka 36202 rs ka bill cash se bharaa,36202,utilities,cash,,
mutual fund sip ka SIP 34551 rupaye upi se bharra,34551,investment,upi,,
doctor consultation me 9907 rs. kharch hua upi se diy,9907,healthcare,upi,,
hospital bill pe 49627 rupye kharch hui davai pe cash se,49627,healthcare,cash,,
Netflix subscription INR 11831,11831,entertainment,cash,,
College fees payment INR 36671,36671,education,cash,,
Online course subscription INR 43228,43228,education,card,,
college fees payment ka course 48871 rs me liya card se pay kya,48871,education,card,,
31646 rs. ka doctor consultation bill aaya cash se pay kya,31646,healthcare,cash,,
amazon purchase pe shopping kiyaa 42233 rs. khrcha card se,42233,shopping,card,,
Netflix subscription INR 19098,19098,entertainment,upi,,
9771 rupye ka order diyee amazon purchase pe cash se,9771,shopping,cash,,
48924 rs. lagaa bus ticket me cash se diy,48924,travel,cash,,
car loan emi ki EMI 17983 rs cash se bhra,17983,emi,cash,,
Internet recharge INR 19406,19406,utilities,upi,,
aaj food court payment se khana order kya 38825 rupye cash se diyee,38825,food,cash,,
exam fee ka course 43014 rupye me liyaa upi se pay kya,43014,education,upi,,
Online shopping payment INR 30238,30238,shopping,card,,
Bus ticket INR 1079,1079,travel,cash,,
Concert ticket INR 42118,42118,entertainment,cash,,
online amazon purchase se 14244 ka saman lya card se pay kiyaa,14244,shopping,card,,
ppf contribution ka SIP 17543 rs cash se bhara,17543,investment,cash,,
internet recharge recharge kia 41421 rs. card se,41421,utilities,card,,
crypto investment me 30064 rs invest kya card se,30064,investment,card,,
Amazon purchase INR 39094,39094,shopping,upi,,
Pharmacy medicine purchase INR 35663,35663,healthcare,upi,,
gas bill payment ka bill 17164 rupye cash se bharaa,17164,utilities,cash,,
doctor ke yahan 3749 rs laga cash se diyee,3749,healthcare,cash,,
aaj internet recharge ka 39510 rupaiye ka bill cash se bharaa,39510,utilities,cash,,
Food court payment INR 30219,30219,food,upi,,
Zomato dinner INR 49953,49953,food,cash,,
aaj uber ride lya 1436 rupaiye card se pay kiyaa,1436,travel,card,,
aaj bus ticket lia 46705 rupay card se pay kya,46705,travel,card,,
Stock purchase INR 13890,13890,investment,upi,,
fixed deposit investment me 11950 rupay invest kiyaa cash se,11950,investment,cash,,
Online course subscription INR 49190,49190,education,card,,
doctor ke yahan 1930 rs. lga upi se diye,1930,healthcare,upi,,
Mutual fund SIP INR 28524,28524,investment,card,,
online flipkart order se 32259 ka saman liyaa upi se pay kiyaa,32259,shopping,upi,,
Game purchase INR 41404,41404,entertainment,upi,,
movie ticket booking ka ticket 43144 rs. me lia card se,43144,entertainment,card,,
Home loan EMI INR 30145,30145,emi,upi,,
Bus ticket INR 12956,12956,travel,card,,
ppf contribution me 36853 rupaye invest kiyaa upi se,36853,investment,upi,,
Car loan EMI INR 34860,34860,emi,card,,
Credit card EMI INR 42596,42596,emi,cash,,
33325 rs ka pharmacy medicine purchase bill aaya cash se pay kiyaa,33325,healthcare,cash,,
Pharmacy medicine purchase INR 45026,45026,healthcare,cash,,
Mutual fund SIP INR 10368,10368,investment,card,,
Doctor consultation INR 11190,11190,healthcare,cash,,
Pharmacy medicine purchase INR 26421,26421,healthcare,upi,,
online shopping payment se 42331 rs ka shopping kiyaa cash se,42331,shopping,cash,,
aaj gas bill payment ka 24221 rs ka bill upi se bhara,24221,utilities,upi,,
ppf contribution me 41694 rs invest kiya cash se,41694,investment,cash,,
online course subscription ki fees 13528 rs. upi se bharaa,13528,education,upi,,
medical test charges me 5420 rupay kharch hua cash se diye,5420,healthcare,cash,,
loan ka bike loan emi 43129 rs. cash se pay kia,43129,emi,cash,,
bike loan emi ki EMI 7807 rupaye upi se bharra,7807,emi,upi,,
medical test charges me 40286 rs kharcha hua upi se diy,40286,healthcare,upi,,
game purchase dekha 18573 rs laga card se diye,18573,entertainment,card,,
PPF contribution INR 11626,11626,investment,card,,
movie ticket booking dekha 43948 rupaye lgaa cash se diye,43948,entertainment,cash,,
Swiggy order INR 30844,30844,food,upi,,
online clothing store bill se 42229 ka saman liya cash se pay kya,42229,shopping,cash,,
aaj crypto investment me 15658 rs. lagaye card se,15658,investment,card,,
aaj ola cab lia 31395 rupaye card se pay kya,31395,travel,card,,
PPF contribution INR 20827,20827,investment,cash,,
35282 rupay ka order die flipkart order pe cash se,35282,shopping,cash,,
32079 rupye crypto investment me daale card se,32079,investment,card,,
credit card emi ki EMI 34060 rupye card se bharaa,34060,emi,card,,
doctor ke yahan 28137 rupye lagaa card se diy,28137,healthcare,card,,
mutual fund sip ka SIP 2414 rs card se bharaa,2414,investment,card,,
home loan emi EMI 30145 rupay kat gaye upi se,30145,emi,upi,,
Crypto investment INR 26870,26870,investment,cash,,
Personal loan installment INR 28468,28468,emi,cash,,
Zomato dinner INR 38521,38521,food,cash,,
Online shopping payment INR 26486,26486,shopping,cash,,
lunch at hotel me 43024 rupaye ka khana khaya card se,43024,food,card,,
Pizza delivery INR 22508,22508,food,upi,,
Mobile recharge INR 35872,35872,utilities,card,,
library fee ka course 32913 rs me lia card se pay kya,32913,education,card,,
netflix subscription ka subscription 20240 rupaye upi se renew kiya,20240,entertainment,upi,,
Credit card EMI INR 43167,43167,emi,card,,
Amazon purchase INR 42070,42070,shopping,card,,
35305 rupye ka doctor consultation bill aaya upi se pay kiyaa,35305,healthcare,upi,,
Food court payment INR 26211,26211,food,upi,,
movie ticket booking dekha 4451 rs. laga cash se diy,4451,entertainment,cash,,
fixed deposit investment ka SIP 31918 rupye card se bharra,31918,investment,card,,
"lunch at hotel pe 11560 ka bill tha, card se pay kiyaa",11560,food,card,,
26284 rs. ka medical test charges bill aaya upi se pay kya,26284,healthcare,upi,,
personal loan installment ki EMI 38044 rupaiye card se bhra,38044,emi,card,,
exam fee ka course 24713 rupay me liyaa upi se pay kiya,24713,education,upi,,
Fixed deposit investment INR 13601,13601,investment,card,,
Library fee INR 23560,23560,education,upi,,
Mutual fund SIP INR 40349,40349,investment,cash,,
Credit card EMI INR 45973,45973,emi,cash,,
Doctor consultation INR 3910,3910,healthcare,upi,,
8434 rupaiye lagaa train ticket irctc me card se diyee,8434,travel,card,,
Hospital bill INR 32689,32689,healthcare,upi,,
game purchase ka subscription 14802 rs cash se renew kiyaa,14802,entertainment,cash,,
Amazon purchase INR 46209,46209,shopping,upi,,
mutual fund sip me 21487 rs invest kya card se,21487,investment,card,,
flight ticket booking ki ticket 2886 rs. me book kiya cash se,2886,travel,cash,,
Movie ticket booking INR 1559,1559,entertainment,upi,,
pharmacy medicine purchase pe 30095 rs kharcha hui davai pe card se,30095,healthcare,card,,
35284 rupay lagaa uber ride me upi se diyee,35284,travel,upi,,
Online course subscription INR 35022,35022,education,cash,,
Water bill INR 30913,30913,utilities,upi,,
Flight ticket booking INR 21242,21242,travel,upi,,
Train ticket IRCTC INR 43059,43059,travel,cash,,
online course subscription ka course 1808 rupaye me liyaa upi se pay kiyaa,1808,education,upi,,
hospital bill me 15995 rs. karcha hua card se diye,15995,healthcare,card,,
PPF contribution INR 45528,45528,investment,card,,
23268 rupaiye ka mobile recharge bill pay kiyaa card se,23268,utilities,card,,
bike loan emi EMI 22319 rs. kat gaye cash se,22319,emi,cash,,
Train ticket IRCTC INR 29428,29428,travel,card,,
Swiggy order INR 25520,25520,food,card,,
exam fee ka course 24021 rupaye me liyaa upi se pay kiya,24021,education,upi,,
Library fee INR 17884,17884,education,card,,
concert ticket dekha 31895 rupay laga upi se diy,31895,entertainment,upi,,
gas bill payment recharge kiya 28512 rupay upi se,28512,utilities,upi,,
concert ticket dekha 879 rupay lagaa upi se die,879,entertainment,upi,,
aaj crypto investment me 44887 rupye lagaye cash se,44887,investment,cash,,
uber ride ki ticket 10808 rupye me book kiyaa cash se,10808,travel,cash,,
16400 rupaye mutual fund sip me daale cash se,16400,investment,cash,,
Online shopping payment INR 36903,36903,shopping,cash,,
aaj mobile recharge ka 1812 rs. ka bill cash se bhra,1812,utilities,cash,,
aaj mutual fund sip me 4012 rupay lagaye card se,4012,investment,card,,
online course subscription ka course 48786 rs me liyaa card se pay kiya,48786,education,card,,
Exam fee INR 17051,17051,education,card,,
stock purchase me 27838 rs invest kya upi se,27838,investment,upi,,
crypto investment me 34550 rupye invest kya upi se,34550,investment,upi,,
1106 rs ka order diye clothing store bill pe card se,1106,shopping,card,,
Electricity bill payment INR 1995,1995,utilities,cash,,
43014 rupye diy exam fee ke liye upi se,43014,education,upi,,
loan ka credit card emi 12312 rupaye card se pay kiya,12312,emi,card,,
gas bill payment ka bill 48738 rupaiye upi se bharra,48738,utilities,upi,,
College fees payment INR 43809,43809,education,cash,,
35999 rs. diy exam fee ke liye cash se,35999,education,cash,,
aaj uber ride liya 47143 rs. card se pay kia,47143,travel,card,,
medical test charges me 35053 rupye kharch hua card se diy,35053,healthcare,card,,
water bill ka bill 5946 rupay card se bharaa,5946,utilities,card,,
concert ticket dekha 3683 rupay lgaa upi se diyee,3683,entertainment,upi,,
ppf contribution ka SIP 36574 rs. upi se bhra,36574,investment,upi,,
medical test charges pe 13432 rs khrcha hui davai pe upi se,13432,healthcare,upi,,
aaj electricity bill payment ka 36402 rs. ka bill card se bharra,36402,utilities,card,,
pharmacy medicine purchase pe 16564 rs. kharchaa hui davai pe cash se,16564,healthcare,cash,,
just random text 123,-100,error,unknown,Mumbai,
28422 rupaye ka mobile recharge bill pay kia card se,28422,utilities,card,,
9267 rupye lagaa train ticket irctc me cash se diy,9267,travel,cash,,
Library fee INR 23068,23068,education,card,,
exam fee ka course 6416 rupaye me lia upi se pay kiyaa,6416,education,upi,,
Pharmacy medicine purchase INR 41993,41993,healthcare,cash,,
Electronics shopping INR 40392,40392,shopping,cash,,
Netflix subscription INR 12492,12492,entertainment,cash,,
car loan emi EMI 3658 rupaye kat gaye upi se,3658,emi,upi,,
Zomato dinner INR 25126,25126,food,card,,
aaj mutual fund sip me 2414 rupay lagaye card se,2414,investment,card,,
netflix subscription ka subscription 2120 rupaye upi se renew kia,2120,entertainment,upi,,
Flipkart order INR 973,973,shopping,upi,,
Zomato dinner INR 24459,24459,food,upi,,
Ola cab INR 18669,18669,travel,upi,,
29350 rs ka doctor consultation bill aaya card se pay kiya,29350,healthcare,card,,
Library fee INR 8007,8007,education,cash,,
pharmacy medicine purchase pe 5032 rupay kharch hui davai pe upi se,5032,healthcare,upi,,
water bill ka bill 38019 rupay cash se bhara,38019,utilities,cash,,
Medical test charges INR 19894,19894,healthcare,cash,,
online amazon purchase se 45076 ka saman liyaa card se pay kia,45076,shopping,card,,
electronics shopping pe shopping kya 25464 rupye kharch upi se,25464,shopping,upi,,
39041 rupay ka water bill bill pay kiya card se,39041,utilities,card,,
3759 rs. kharcha kiya pizza delivery pe cash se,3759,food,cash,,
Library fee INR 33132,33132,education,cash,,
Medical test charges INR 36085,36085,healthcare,card,,
College fees payment INR 17156,17156,education,card,,
Credit card EMI INR 42967,42967,emi,card,,
netflix subscription ka ticket 46028 rupye me liyaa cash se,46028,entertainment,cash,,
college fees payment ka course 34203 rupye me lia cash se pay kya,34203,education,cash,,
netflix subscription ka ticket 18165 rs me lia cash se,18165,entertainment,cash,,
ppf contribution me 24422 rupay invest kiya upi se,24422,investment,upi,,
loan ka bike loan emi 34807 rs. card se pay kia,34807,emi,card,,
Doctor consultation INR 37569,37569,healthcare,upi,,
32426 rupye ka car loan emi installment card se diye,32426,emi,card,,
College fees payment INR 12431,12431,education,cash,,
Medical test charges INR 7218,7218,healthcare,card,,
Mutual fund SIP INR 2135,2135,investment,card,,
aaj flight ticket booking liya 37303 rupay card se pay kiya,37303,travel,card,,
aaj internet recharge ka 46285 rupaiye ka bill upi se bhara,46285,utilities,upi,,
Flight ticket booking INR 38980,38980,travel,cash,,
aaj train ticket irctc liyaa 23868 rs cash se pay kiyaa,23868,travel,cash,,
aaj gas bill payment ka 37423 rupaye ka bill upi se bharra,37423,utilities,upi,,
Personal loan installment INR 33897,33897,emi,cash,,
college fees payment ka course 37002 rupay me liyaa cash se pay kya,37002,education,cash,,
stock purchase ka SIP 5805 rupay cash se bharra,5805,investment,cash,,
online electronics shopping se 21763 ka saman liyaa cash se pay kya,21763,shopping,cash,,
crypto investment ka SIP 21604 rupay cash se bhara,21604,investment,cash,,
padhai ke liye online course subscription pe 40046 rs kharch kiyaa card se,40046,education,card,,
Bike loan EMI INR 7027,7027,emi,cash,,
Hotel booking INR 27266,27266,travel,cash,,
online course subscription ka course 27169 rupay me lya upi se pay kiya,27169,education,upi,,
stock purchase ka SIP 18334 rupaiye card se bhara,18334,investment,card,,
uber ride ki ticket 48705 rs. me book kiya card se,48705,travel,card,,
Car loan EMI INR 17416,17416,emi,card,,
"pizza delivery pe 33930 ka bill tha, cash se pay kiya",33930,food,cash,,
Medical test charges INR 2791,2791,healthcare,cash,,
Restaurant bill INR 39828,39828,food,card,,
car loan emi EMI 34036 rs. kat gaye card se,34036,emi,card,,
netflix subscription dekha 41568 rs lgaa card se diye,41568,entertainment,card,,
Netflix subscription INR 41465,41465,entertainment,upi,,
Credit card EMI INR 8414,8414,emi,card,,
aaj internet recharge ka 41328 rupay ka bill card se bharaa,41328,utilities,card,,
aaj mutual fund sip me 2135 rs. lagaye card se,2135,investment,card,,
movie ticket booking ka ticket 33981 rupye me liya card se,33981,entertainment,card,,
aaj internet recharge ka 7519 rs. ka bill cash se bhara,7519,utilities,cash,,
online shopping payment pe shopping kiyaa 901 rs. kharchaa card se,901,shopping,card,,
amazon purchase se 16784 rupaiye ka shopping kiya card se,16784,shopping,card,,
bus ticket ki ticket 35240 rupay me book kya cash se,35240,travel,cash,,
Online shopping payment INR 39393,39393,shopping,cash,,
Lunch at hotel INR 20026,20026,food,cash,,
loan ka car loan emi 33045 rupaiye upi se pay kiyaa,33045,emi,upi,,
Exam fee INR 24430,24430,education,card,,
null,0,,123,,
43293 rupay karcha kiya movie ticket booking pe card se,43293,entertainment,card,,
37835 rupay lga bus ticket me cash se diye,37835,travel,cash,,
Pharmacy medicine purchase INR 37315,37315,healthcare,upi,,
ola cab ki ticket 45095 rs. me book kiya upi se,45095,travel,upi,,
Food court payment INR 20391,20391,food,cash,,
loan ka home loan emi 8672 rupay cash se pay kya,8672,emi,cash,,
Lunch at hotel INR 15243,15243,food,upi,,
Pizza delivery INR 30832,30832,food,upi,,
college fees payment ka course 17918 rupaye me lia cash se pay kiyaa,17918,education,cash,,
Game purchase INR 34708,34708,entertainment,cash,,
Medical test charges INR 10455,10455,healthcare,cash,,
Flight ticket booking INR 23466,23466,travel,upi,,
9468 rs. stock purchase me daale upi se,9468,investment,upi,,
bike loan emi ki EMI 5799 rs card se bharaa,5799,emi,card,,
20946 rs. kharch kya netflix subscription pe upi se,20946,entertainment,upi,,
Car loan EMI INR 2367,2367,emi,cash,,
doctor consultation me 20729 rupaiye kharch hua upi se diyee,20729,healthcare,upi,,
21125 rs kharchaa kia movie ticket booking pe card se,21125,entertainment,card,,
Netflix subscription INR 28771,28771,entertainment,cash,,
crypto investment me 38550 rs. invest kiya card se,38550,investment,card,,
1488 rupaiye lgaa train ticket irctc me upi se diy,1488,travel,upi,,
Game purchase INR 47320,47320,entertainment,upi,,
Lunch at hotel INR 3464,3464,food,card,,
Netflix subscription INR 3588,3588,entertainment,cash,,
aaj zomato dinner se khana order kiya 38494 rupaye card se diy,38494,food,card,,
online shopping payment se 14989 rupye ka shopping kiyaa upi se,14989,shopping,upi,,
19878 rupaiye diye exam fee ke liye card se,19878,education,card,,
College fees payment INR 35536,35536,education,upi,,
Internet recharge INR 4728,4728,utilities,cash,,
26277 rupaye khrcha kia movie ticket booking pe card se,26277,entertainment,card,,
credit card emi EMI 27288 rupay kat gaye upi se,27288,emi,upi,,
online amazon purchase se 18586 ka saman lia card se pay kia,18586,shopping,card,,
Ola cab INR 13667,13667,travel,card,,
21218 rupay ka hospital bill bill aaya cash se pay kia,21218,healthcare,cash,,
Cafe coffee INR 13624,13624,food,upi,,
1683 rupye ka order diy amazon purchase pe cash se,1683,shopping,cash,,
car loan emi EMI 11241 rupaiye kat gaye cash se,11241,emi,cash,,
Home loan EMI INR 40664,40664,emi,cash,,
Bus ticket INR 23312,23312,travel,cash,,
Movie ticket booking INR 29500,29500,entertainment,card,,
exam fee ka course 24458 rs me liyaa cash se pay kiya,24458,education,cash,,
Messy outlier tx 123,-100,blabla,ccard,NULL,
13623 rupye crypto investment me daale card se,13623,investment,card,,
Concert ticket INR 18126,18126,entertainment,cash,,
Concert ticket INR 5997,5997,entertainment,upi,,
24782 rupaiye karcha kiyaa swiggy order pe card se,24782,food,card,,
Concert ticket INR 9046,9046,entertainment,upi,,
"cafe coffee pe 40460 ka bill tha, cash se pay kya",40460,food,cash,,
Personal loan installment INR 45975,45975,emi,cash,,
29376 rupay khrcha kya concert ticket pe upi se,29376,entertainment,upi,,
46127 rupay ka doctor consultation bill aaya cash se pay kiya,46127,healthcare,cash,,
Game purchase INR 7467,7467,entertainment,cash,,
Library fee INR 751,751,education,cash,,
42118 rs. kharchaa kia concert ticket pe cash se,42118,entertainment,cash,,
padhai ke liye college fees payment pe 6435 rupye khrcha kiyaa cash se,6435,education,cash,,
food court payment ka khana 16634 rs. me aaya cash se diye,16634,food,cash,,
Concert ticket INR 49546,49546,entertainment,cash,,
credit card emi EMI 49583 rs. kat gaye cash se,49583,emi,cash,,
48460 rupye khrcha kiyaa food court payment pe card se,48460,food,card,,
Online shopping payment INR 22569,22569,shopping,card,,
19676 rs. khrcha kiyaa lunch at hotel pe card se,19676,food,card,,
bus ticket ka kiraya 36707 rs diyee card se,36707,travel,card,,
Exam fee INR 23412,23412,education,card,,
Online shopping payment INR 43860,43860,shopping,upi,,
Online course subscription INR 47751,47751,education,upi,,
library fee ki fees 11011 rupye upi se bharra,11011,education,upi,,
aaj ola cab lia 49474 rupye upi se pay kiyaa,49474,travel,upi,,
Exam fee INR 39799,39799,education,cash,,
Cafe coffee INR 21822,21822,food,card,,
personal loan installment EMI 9371 rupye kat gaye cash se,9371,emi,cash,,
Doctor consultation INR 1732,1732,healthcare,upi,,
Bus ticket INR 10821,10821,travel,upi,,
padhai ke liye online course subscription pe 43228 rupye kharcha kia card se,43228,education,card,,
35302 rupaye khrcha kiya food court payment pe card se,35302,food,card,,
aaj swiggy order se khana order kia 43605 rupaye card se die,43605,food,card,,
Pharmacy medicine purchase INR 46062,46062,healthcare,upi,,
electronics shopping pe shopping kya 8627 rs kharchaa upi se,8627,shopping,upi,,
doctor ke yahan 26421 rs lgaa upi se die,26421,healthcare,upi,,
32492 rs. ppf contribution me daale upi se,32492,investment,upi,,
padhai ke liye online course subscription pe 35022 rupaiye kharcha kiya cash se,35022,education,cash,,
home loan emi ki EMI 8427 rs card se bharra,8427,emi,card,,
Online course subscription INR 6077,6077,education,upi,,
electricity bill payment recharge kia 5391 rupay upi se,5391,utilities,upi,,
online electronics shopping se 14852 ka saman lia cash se pay kya,14852,shopping,cash,,
Swiggy order INR 29675,29675,food,upi,,
23346 rupye kharcha kiya lunch at hotel pe card se,23346,food,card,,
17416 rupaye ka car loan emi installment card se diye,17416,emi,card,,
"swiggy order pe 31440 ka bill tha, cash se pay kya",31440,food,cash,,
aaj flight ticket booking lia 36780 rupaye cash se pay kiya,36780,travel,cash,,
swiggy order me 37748 rs. ka khana khaya cash se,37748,food,cash,,
Bus ticket INR 6287,6287,travel,upi,,
Electronics shopping INR 11805,11805,shopping,upi,,
33139 rupye khrcha kiyaa movie ticket booking pe cash se,33139,entertainment,cash,,
Concert ticket INR 40032,40032,entertainment,cash,,
"food court payment pe 1296 ka bill tha, upi se pay kiyaa",1296,food,upi,,
Movie ticket booking INR 48636,48636,entertainment,card,,
hospital bill pe 23864 rupaye kharch hui davai pe upi se,23864,healthcare,upi,,
college fees payment ka course 20870 rupaiye me lya upi se pay kiyaa,20870,education,upi,,
Online shopping payment INR 15947,15947,shopping,cash,,
electronics shopping se 35959 rupaiye ka shopping kiyaa card se,35959,shopping,card,,
Medical test charges INR 26022,26022,healthcare,card,,
25187 rupaye kharchaa kiyaa restaurant bill pe cash se,25187,food,cash,,
Pizza delivery INR 13601,13601,food,card,,
Doctor consultation INR 49213,49213,healthcare,card,,
flipkart order pe shopping kiya 21079 rs. kharcha card se,21079,shopping,card,,
Electronics shopping INR 41107,41107,shopping,card,,
20729 rs. ka doctor consultation bill aaya upi se pay kiya,20729,healthcare,upi,,
library fee ka course 11075 rupaye me lia upi se pay kia,11075,education,upi,,
27809 rupaiye kharcha kya game purchase pe upi se,27809,entertainment,upi,,
Mutual fund SIP INR 18264,18264,investment,upi,,
Bike loan EMI INR 9065,9065,emi,cash,,
aaj train ticket irctc liyaa 37499 rupay card se pay kia,37499,travel,card,,
car loan emi ki EMI 42092 rupay upi se bhra,42092,emi,upi,,
Electricity bill payment INR 40218,40218,utilities,card,,
movie ticket booking ka ticket 5660 rs. me liya card se,5660,entertainment,card,,
Fixed deposit investment INR 44672,44672,investment,upi,,
online online shopping payment se 13156 ka saman liyaa card se pay kya,13156,shopping,card,,
Online shopping payment INR 8697,8697,shopping,upi,,
College fees payment INR 6435,6435,education,cash,,
Game purchase INR 29784,29784,entertainment,card,,
Game purchase INR 27929,27929,entertainment,upi,,
personal loan installment ki EMI 12265 rs. cash se bharaa,12265,emi,cash,,
doctor ke yahan 35053 rupaiye lgaa card se diy,35053,healthcare,card,,
11147 rupaiye kharcha kiya lunch at hotel pe card se,11147,food,card,,
library fee ka course 23560 rupye me lia upi se pay kya,23560,education,upi,,
,NaN,,bitcoin,,
Messy outlier tx unknown,-5000,error,,,EDA test row
movie ticket booking ka subscription 49529 rupaiye card se renew kya,49529,entertainment,card,,
30903 rupaiye diye online course subscription ke liye card se,30903,education,card,,
Bus ticket INR 4991,4991,travel,card,,
PPF contribution INR 17648,17648,investment,cash,,
Library fee INR 20820,20820,education,cash,,
game purchase ka ticket 7591 rupye me lia upi se,7591,entertainment,upi,,
college fees payment ki fees 29858 rupaye upi se bhra,29858,education,upi,,
38668 rupaye ppf contribution me daale card se,38668,investment,card,,
car loan emi EMI 9526 rs. kat gaye upi se,9526,emi,upi,,
30884 rs. ka electricity bill payment bill pay kia card se,30884,utilities,card,,
20415 rupaiye stock purchase me daale upi se,20415,investment,upi,,
internet recharge recharge kiyaa 45203 rupay card se,45203,utilities,card,,
Crypto investment INR 41324,41324,investment,upi,,
zomato dinner ka khana 1553 rupaye me aaya upi se diye,1553,food,upi,,
hospital bill pe 20018 rupaye kharch hui davai pe upi se,20018,healthcare,upi,,
27123 rupye ka pharmacy medicine purchase bill aaya upi se pay kiyaa,27123,healthcare,upi,,
Concert ticket INR 47372,47372,entertainment,upi,,
31349 rupay ka internet recharge bill pay kia card se,31349,utilities,card,,
13019 rupaiye kharchaa kiyaa lunch at hotel pe card se,13019,food,card,,
College fees payment INR 48171,48171,education,upi,,
aaj water bill ka 16097 rs. ka bill card se bhara,16097,utilities,card,,
NaN,0,1234,ccard,Mumbai,
aaj mutual fund sip me 38291 rs lagaye upi se,38291,investment,upi,,
mobile recharge ka bill 34332 rupaye upi se bhara,34332,utilities,upi,,
Internet recharge INR 41109,41109,utilities,cash,,
ola cab ka kiraya 4903 rupaiye diye card se,4903,travel,card,,
26046 rupaye ka doctor consultation bill aaya card se pay kya,26046,healthcare,card,,
Flipkart order INR 5581,5581,shopping,cash,,
Electricity bill payment INR 46224,46224,utilities,cash,,
Game purchase INR 32823,32823,entertainment,card,,
Cafe coffee INR 42014,42014,food,card,,
mutual fund sip ka SIP 48417 rupay upi se bharaa,48417,investment,upi,,
Movie ticket booking INR 7932,7932,entertainment,cash,,
personal loan installment EMI 32174 rs. kat gaye cash se,32174,emi,cash,,
34296 rupye lga ola cab me cash se diy,34296,travel,cash,,
medical test charges me 34510 rupye khrcha hua upi se diyee,34510,healthcare,upi,,
aaj hotel booking liyaa 18272 rs. cash se pay kya,18272,travel,cash,,
fixed deposit investment ka SIP 23059 rupay upi se bhara,23059,investment,upi,,
mutual fund sip me 42763 rupye invest kya upi se,42763,investment,upi,,
aaj ola cab liya 19093 rs. card se pay kiyaa,19093,travel,card,,
Bus ticket INR 25598,25598,travel,cash,,
Gas bill payment INR 31255,31255,utilities,card,,
mobile recharge ka bill 11072 rupye card se bhra,11072,utilities,card,,
4636 rs ka order diy online shopping payment pe card se,4636,shopping,card,,
49009 rupaye ka order die flipkart order pe upi se,49009,shopping,upi,,
fixed deposit investment me 14317 rs. invest kia upi se,14317,investment,upi,,
internet recharge recharge kia 26181 rs. card se,26181,utilities,card,,
movie ticket booking ka subscription 47822 rupaiye upi se renew kia,47822,entertainment,upi,,
home loan emi EMI 44398 rupaye kat gaye card se,44398,emi,card,,
online clothing store bill se 34758 ka saman lya upi se pay kiyaa,34758,shopping,upi,,
Mobile recharge INR 28289,28289,utilities,cash,,
Bus ticket INR 27129,27129,travel,card,,
online flipkart order se 38344 ka saman liya cash se pay kya,38344,shopping,cash,,
Netflix subscription INR 26053,26053,entertainment,card,,
aaj internet recharge ka 43076 rupay ka bill card se bhra,43076,utilities,card,,
Fixed deposit investment INR 18726,18726,investment,cash,,
hospital bill pe 44758 rs kharcha hui davai pe upi se,44758,healthcare,upi,,
padhai ke liye college fees payment pe 5459 rupaye kharchaa kya cash se,5459,education,cash,,
Gas bill payment INR 46590,46590,utilities,card,,
11657 rs ka order diy flipkart order pe card se,11657,shopping,card,,
Food court payment INR 28214,28214,food,card,,
medical test charges pe 21138 rs. kharcha hui davai pe cash se,21138,healthcare,cash,,
43960 rupaye lagaa bus ticket me upi se diye,43960,travel,upi,,
drop table users;,NaN,error,paypal,,
12228 rupay kharcha kya netflix subscription pe card se,12228,entertainment,card,,
Flight ticket booking INR 36899,36899,travel,upi,,
31505 rupay lagaa uber ride me upi se diy,31505,travel,upi,,
Mobile recharge INR 28183,28183,utilities,cash,,
Electricity bill payment INR 4882,4882,utilities,card,,
padhai ke liye college fees payment pe 23183 rupye kharcha kya cash se,23183,education,cash,,
Restaurant bill INR 36620,36620,food,upi,,
online amazon purchase se 43187 ka saman liya card se pay kya,43187,shopping,card,,
Online shopping payment INR 49985,49985,shopping,card,,
Flight ticket booking INR 16870,16870,travel,card,,
Game purchase INR 35638,35638,entertainment,card,,
12020 rupay ka mobile recharge bill pay kya upi se,12020,utilities,upi,,
Food court payment INR 19891,19891,food,cash,,
Movie ticket booking INR 25114,25114,entertainment,card,,
Personal loan installment INR 19354,19354,emi,card,,
Bus ticket INR 11122,11122,travel,upi,,
online course subscription ki fees 35017 rs card se bhara,35017,education,card,,
bus ticket ka kiraya 48467 rs. diy upi se,48467,travel,upi,,
aaj restaurant bill se khana order kya 13261 rupye card se diye,13261,food,card,,
45880 rupye ppf contribution me daale cash se,45880,investment,cash,,
Gas bill payment INR 1431,1431,utilities,upi,,
zomato dinner ka khana 16325 rupye me aaya card se die,16325,food,card,,
Flight ticket booking INR 3656,3656,travel,cash,,
Food court payment INR 42933,42933,food,cash,,
Game purchase INR 7201,7201,entertainment,upi,,
14989 rupaye ka order diye online shopping payment pe upi se,14989,shopping,upi,,
movie ticket booking ka subscription 42493 rs. cash se renew kya,42493,entertainment,cash,,
medical test charges me 12049 rs khrcha hua cash se die,12049,healthcare,cash,,
college fees payment ka course 10335 rupaiye me liya upi se pay kya,10335,education,upi,,
Online shopping payment INR 26326,26326,shopping,cash,,
Medical test charges INR 23997,23997,healthcare,cash,,
Food court payment INR 6585,6585,food,upi,,
Concert ticket INR 25656,25656,entertainment,upi,,
flipkart order pe shopping kiyaa 13109 rupaiye khrcha cash se,13109,shopping,cash,,
exam fee ki fees 24031 rupye upi se bhra,24031,education,upi,,
Crypto investment INR 37791,37791,investment,card,,
library fee ka course 8844 rupaiye me lia cash se pay kiya,8844,education,cash,,
Library fee INR 29421,29421,education,upi,,
loan ka personal loan installment 7470 rupye cash se pay kia,7470,emi,cash,,
5231 rs lgaa flight ticket booking me upi se diye,5231,travel,upi,,
flight ticket booking ki ticket 42537 rupaye me book kiyaa upi se,42537,travel,upi,,
concert ticket ka subscription 46703 rs cash se renew kia,46703,entertainment,cash,,
restaurant bill ka khana 23915 rupay me aaya cash se diy,23915,food,cash,,
Online course subscription INR 4425,4425,education,card,,
Restaurant bill INR 36021,36021,food,upi,,
mobile recharge recharge kiya 41116 rupay upi se,41116,utilities,upi,,
electronics shopping se 23971 rupaye ka shopping kiya card se,23971,shopping,card,,
Flight ticket booking INR 39000,39000,travel,upi,,
Zomato dinner INR 21447,21447,food,cash,,
Concert ticket INR 15134,15134,entertainment,card,,
Exam fee INR 4452,4452,education,upi,,
Fixed deposit investment INR 25057,25057,investment,card,,
online course subscription ka course 16715 rupaye me lya cash se pay kia,16715,education,cash,,
Concert ticket INR 7833,7833,entertainment,upi,,
aaj train ticket irctc lia 11595 rupay upi se pay kiyaa,11595,travel,upi,,
Mutual fund SIP INR 13103,13103,investment,upi,,
17140 rs. ka home loan emi installment cash se diyee,17140,emi,cash,,
Home loan EMI INR 20456,20456,emi,card,,
College fees payment INR 8192,8192,education,card,,
ppf contribution ka SIP 15679 rs card se bharra,15679,investment,card,,
gas bill payment recharge kya 23242 rupaye upi se,23242,utilities,upi,,
aaj pizza delivery se khana order kia 9497 rupye upi se diy,9497,food,upi,,
22915 rupay lgaa hotel booking me cash se diy,22915,travel,cash,,
aaj electricity bill payment ka 11469 rs. ka bill cash se bharaa,11469,utilities,cash,,
44508 rs. lga hotel booking me upi se diye,44508,travel,upi,,
29138 rupay ka internet recharge bill pay kia upi se,29138,utilities,upi,,
aaj fixed deposit investment me 16524 rupaye lagaye card se,16524,investment,card,,
aaj hotel booking liya 18365 rupaye upi se pay kiya,18365,travel,upi,,
Flipkart order INR 9875,9875,shopping,cash,,
Lunch at hotel INR 10496,10496,food,upi,,
concert ticket ka ticket 18126 rupay me liyaa cash se,18126,entertainment,cash,,
exam fee ki fees 22610 rs upi se bhara,22610,education,upi,,
Zomato dinner INR 9827,9827,food,card,,
aaj flight ticket booking lya 35153 rs cash se pay kiyaa,35153,travel,cash,,
25126 rupaye khrcha kiya zomato dinner pe card se,25126,food,card,,
Electronics shopping INR 4714,4714,shopping,card,,
Electricity bill payment INR 43191,43191,utilities,upi,,
Bike loan EMI INR 10587,10587,emi,cash,,
Bike loan EMI INR 38328,38328,emi,cash,,
Amazon purchase INR 24813,24813,shopping,upi,,
online shopping payment se 25227 rs. ka shopping kiyaa card se,25227,shopping,card,,
netflix subscription ka subscription 24770 rupay card se renew kiya,24770,entertainment,card,,
aaj pizza delivery se khana order kiyaa 2321 rupaye card se die,2321,food,card,,
40667 rupaiye stock purchase me daale upi se,40667,investment,upi,,
32935 rupaiye ka mobile recharge bill pay kiyaa upi se,32935,utilities,upi,,
Credit card EMI INR 29968,29968,emi,cash,,
cafe coffee me 33998 rupye ka khana khaaya card se,33998,food,card,,
Hospital bill INR 23576,23576,healthcare,cash,,
personal loan installment ki EMI 32675 rs. cash se bhra,32675,emi,cash,,
Online shopping payment INR 49436,49436,shopping,card,,
water bill ka bill 1341 rupye card se bhara,1341,utilities,card,,
Game purchase INR 17930,17930,entertainment,upi,,
25649 rupay kharchaa kiya netflix subscription pe upi se,25649,entertainment,upi,,
movie ticket booking ka ticket 15930 rs. me lya card se,15930,entertainment,card,,
Mutual fund SIP INR 22433,22433,investment,cash,,
electricity bill payment recharge kya 15491 rupay upi se,15491,utilities,upi,,
car loan emi ki EMI 23788 rs. cash se bhara,23788,emi,cash,,
PPF contribution INR 38403,38403,investment,cash,,
7218 rs ppf contribution me daale cash se,7218,investment,cash,,
Online shopping payment INR 21177,21177,shopping,upi,,
ola cab ka kiraya 28536 rs diye cash se,28536,travel,cash,,
Zomato dinner INR 34043,34043,food,cash,,
Electricity bill payment INR 6451,6451,utilities,card,,
9043 rupye ka order diye flipkart order pe cash se,9043,shopping,cash,,
water bill ka bill 3443 rs cash se bharaa,3443,utilities,cash,,
Stock purchase INR 3711,3711,investment,upi,,
train ticket irctc ki ticket 46934 rupaye me book kiyaa card se,46934,travel,card,,
College fees payment INR 525,525,education,upi,,
aaj gas bill payment ka 9639 rs ka bill card se bhara,9639,utilities,card,,
aaj mutual fund sip me 3389 rupay lagaye card se,3389,investment,card,,
Medical test charges INR 35322,35322,healthcare,cash,,
loan ka credit card emi 5211 rs cash se pay kiyaa,5211,emi,cash,,
Fixed deposit investment INR 17724,17724,investment,cash,,
Car loan EMI INR 23975,23975,emi,cash,,
Ola cab INR 8857,8857,travel,card,,
"zomato dinner pe 19750 ka bill tha, card se pay kiyaa",19750,food,card,,
aaj restaurant bill se khana order kya 23719 rs. card se diy,23719,food,card,,
Concert ticket INR 30864,30864,entertainment,cash,,
Home loan EMI INR 15114,15114,emi,upi,,
movie ticket booking ka subscription 18234 rupaiye upi se renew kiya,18234,entertainment,upi,,
hospital bill pe 36898 rupaiye khrcha hui davai pe card se,36898,healthcare,card,,
45837 rupye ka pharmacy medicine purchase bill aaya cash se pay kiyaa,45837,healthcare,cash,,
game purchase ka subscription 27132 rupye upi se renew kiya,27132,entertainment,upi,,
gas bill payment ka bill 35943 rupaye cash se bhra,35943,utilities,cash,,
Electricity bill payment INR 36402,36402,utilities,card,,
Lunch at hotel INR 9226,9226,food,upi,,
online amazon purchase se 3492 ka saman lia card se pay kiyaa,3492,shopping,card,,
college fees payment ki fees 6776 rs cash se bharra,6776,education,cash,,
movie ticket booking ka subscription 5127 rs. upi se renew kya,5127,entertainment,upi,,
college fees payment ki fees 6419 rupay cash se bhra,6419,education,cash,,
movie ticket booking ka ticket 10232 rupay me liyaa upi se,10232,entertainment,upi,,
Gas bill payment INR 42112,42112,utilities,cash,,
crypto investment ka SIP 30089 rupay card se bhra,30089,investment,card,,
water bill ka bill 40559 rupaiye card se bharaa,40559,utilities,card,,
loan ka car loan emi 22832 rupay upi se pay kiya,22832,emi,upi,,
pizza delivery me 44063 rs ka khana khaaya card se,44063,food,card,,
loan ka bike loan emi 38728 rupaiye upi se pay kiyaa,38728,emi,upi,,
Train ticket IRCTC INR 11595,11595,travel,upi,,
mutual fund sip ka SIP 25339 rupaiye upi se bhara,25339,investment,upi,,
amazon purchase pe shopping kiya 3492 rs. kharcha card se,3492,shopping,card,,
Online shopping payment INR 41248,41248,shopping,cash,,
PPF contribution INR 39322,39322,investment,card,,
Stock purchase INR 41584,41584,investment,card,,
aaj hotel booking lia 48911 rs upi se pay kia,48911,travel,upi,,
online flipkart order se 17773 ka saman liyaa cash se pay kiyaa,17773,shopping,cash,,
Netflix subscription INR 46960,46960,entertainment,cash,,
Hotel booking INR 4503,4503,travel,upi,,
bus ticket ki ticket 42641 rs. me book kiyaa cash se,42641,travel,cash,,
aaj stock purchase me 3711 rupay lagaye upi se,3711,investment,upi,,
4379 rs diyee library fee ke liye cash se,4379,education,cash,,
bike loan emi EMI 49528 rupye kat gaye upi se,49528,emi,upi,,
15385 rs. ka order diy electronics shopping pe upi se,15385,shopping,upi,,
Library fee INR 2836,2836,education,cash,,
ola cab ka kiraya 37464 rupaiye die card se,37464,travel,card,,
water bill recharge kiya 49046 rupaye cash se,49046,utilities,cash,,
5457 rs ka order diy electronics shopping pe card se,5457,shopping,card,,
Stock purchase INR 19769,19769,investment,cash,,
Zomato dinner INR 17206,17206,food,cash,,
online online shopping payment se 20823 ka saman liyaa upi se pay kiyaa,20823,shopping,upi,,
online course subscription ka course 2686 rs. me lia cash se pay kiyaa,2686,education,cash,,
11626 rupaiye ppf contribution me daale card se,11626,investment,card,,
personal loan installment EMI 43201 rupye kat gaye card se,43201,emi,card,,
Crypto investment INR 43099,43099,investment,upi,,
just random text 123,NULL,1234,,123,
Movie ticket booking INR 3770,3770,entertainment,upi,,
Ola cab INR 48148,48148,travel,cash,,
37023 rupaye ka electricity bill payment bill pay kya card se,37023,utilities,card,,
game purchase ka ticket 19094 rs me liya card se,19094,entertainment,card,,
aaj stock purchase me 6959 rupay lagaye card se,6959,investment,card,,
Flipkart order INR 16125,16125,shopping,cash,,
movie ticket booking ka subscription 26828 rs cash se renew kya,26828,entertainment,cash,,
Ola cab INR 32694,32694,travel,upi,,
gas bill payment ka bill 22533 rs cash se bharaa,22533,utilities,cash,,
mutual fund sip ka SIP 8670 rupaye cash se bharra,8670,investment,cash,,
Amazon purchase INR 25882,25882,shopping,cash,,
42403 rupay laga hotel booking me upi se diye,42403,travel,upi,,
Clothing store bill INR 46246,46246,shopping,upi,,
concert ticket ka subscription 16055 rupye card se renew kiyaa,16055,entertainment,card,,
library fee ka course 23068 rs me lya card se pay kiyaa,23068,education,card,,
Medical test charges INR 25171,25171,healthcare,cash,,
Hospital bill INR 6135,6135,healthcare,cash,,
Doctor consultation INR 41748,41748,healthcare,upi,,
Lunch at hotel INR 11147,11147,food,card,,
Internet recharge INR 15261,15261,utilities,cash,,
padhai ke liye library fee pe 30949 rs. khrcha kya upi se,30949,education,upi,,
concert ticket ka subscription 5997 rupay upi se renew kiya,5997,entertainment,upi,,
pizza delivery ka khana 43871 rupaye me aaya card se die,43871,food,card,,
aaj ola cab liyaa 10039 rupaiye upi se pay kiyaa,10039,travel,upi,,
car loan emi ki EMI 41307 rupye card se bhara,41307,emi,card,,
Electricity bill payment INR 46017,46017,utilities,cash,,
gas bill payment ka bill 9182 rupaiye upi se bharaa,9182,utilities,upi,,
lunch at hotel me 44108 rs. ka khana khya upi se,44108,food,upi,,
Exam fee INR 21146,21146,education,cash,,
lunch at hotel me 29509 rupaye ka khana khya card se,29509,food,card,,
30307 rs ka doctor consultation bill aaya cash se pay kiya,30307,healthcare,cash,,
Medical test charges INR 37222,37222,healthcare,card,,
Electricity bill payment INR 13294,13294,utilities,upi,,
college fees payment ki fees 44740 rs card se bharra,44740,education,card,,
credit card emi EMI 23065 rupaye kat gaye card se,23065,emi,card,,
Electronics shopping INR 4728,4728,shopping,upi,,
Medical test charges INR 46333,46333,healthcare,cash,,
Train ticket IRCTC INR 7448,7448,travel,upi,,
1584 rupaiye ka water bill bill pay kia cash se,1584,utilities,cash,,
Train ticket IRCTC INR 4233,4233,travel,card,,
Bike loan EMI INR 28611,28611,emi,cash,,
uber ride ka kiraya 6559 rupaiye die upi se,6559,travel,upi,,
bike loan emi ki EMI 10558 rupye upi se bharaa,10558,emi,upi,,
crypto investment ka SIP 7118 rs. upi se bhara,7118,investment,upi,,
fixed deposit investment me 9546 rs. invest kiya upi se,9546,investment,upi,,
College fees payment INR 43212,43212,education,cash,,
doctor ke yahan 41024 rs lgaa card se diy,41024,healthcare,card,,
online shopping payment se 40887 rupaiye ka shopping kiya cash se,40887,shopping,cash,,
22518 rs karcha kia netflix subscription pe card se,22518,entertainment,card,,
Flipkart order INR 14160,14160,shopping,card,,
11673 rupaye ka car loan emi installment cash se diyee,11673,emi,cash,,
NaN,"1,000",shopping_err,123,,EDA test row
lunch at hotel ka khana 7235 rupaye me aaya cash se diy,7235,food,cash,,
Swiggy order INR 13447,13447,food,upi,,
Pharmacy medicine purchase INR 34800,34800,healthcare,card,,
Internet recharge INR 48270,48270,utilities,upi,,
Online shopping payment INR 39859,39859,shopping,cash,,
ppf contribution me 31717 rs. invest kia cash se,31717,investment,cash,,
Library fee INR 42311,42311,education,upi,,
aaj zomato dinner se khana order kya 29022 rupaye upi se diyee,29022,food,upi,,
Game purchase INR 27809,27809,entertainment,upi,,
exam fee ka course 36782 rs me lia cash se pay kia,36782,education,cash,,
1839 rupay ka order diyee online shopping payment pe card se,1839,shopping,card,,
Credit card EMI INR 42970,42970,emi,card,,
lunch at hotel ka khana 48069 rupaye me aaya upi se diye,48069,food,upi,,
crypto investment me 18036 rupaiye invest kya upi se,18036,investment,upi,,
pizza delivery me 37591 rupaye ka khana khayaa card se,37591,food,card,,
Stock purchase INR 43438,43438,investment,cash,,
train ticket irctc ka kiraya 47366 rs. diyee cash se,47366,travel,cash,,
Doctor consultation INR 36641,36641,healthcare,card,,
college fees payment ka course 2477 rs me lia cash se pay kia,2477,education,cash,,
flipkart order pe shopping kiya 15402 rs. kharcha cash se,15402,shopping,cash,,
Hospital bill INR 36660,36660,healthcare,upi,,
netflix subscription ka subscription 24215 rupye card se renew kya,24215,entertainment,card,,
Car loan EMI INR 10617,10617,emi,cash,,
library fee ka course 1457 rupye me liya card se pay kia,1457,education,card,,
Movie ticket booking INR 8464,8464,entertainment,upi,,
Flight ticket booking INR 26143,26143,travel,cash,,
College fees payment INR 23870,23870,education,card,,
Exam fee INR 41155,41155,education,upi,,
college fees payment ka course 17764 rupye me lia cash se pay kya,17764,education,cash,,
online shopping payment se 42908 rs ka shopping kiya cash se,42908,shopping,cash,,
Ola cab INR 43036,43036,travel,cash,,
aaj stock purchase me 30344 rupye lagaye upi se,30344,investment,upi,,
Credit card EMI INR 48093,48093,emi,card,,
netflix subscription dekha 36831 rupye lgaa cash se die,36831,entertainment,cash,,
online shopping payment se 49436 rs. ka shopping kiyaa card se,49436,shopping,card,,
Flight ticket booking INR 44005,44005,travel,cash,,
Flight ticket booking INR 26227,26227,travel,cash,,
netflix subscription ka ticket 20723 rs. me liyaa cash se,20723,entertainment,cash,,
Water bill INR 28151,28151,utilities,cash,,
swiggy order me 23244 rupaiye ka khana khya upi se,23244,food,upi,,
Stock purchase INR 49711,49711,investment,upi,,
Flight ticket booking INR 26098,26098,travel,card,,
exam fee ka course 11800 rupye me lia upi se pay kya,11800,education,upi,,
Food court payment INR 48298,48298,food,cash,,
movie ticket booking ka subscription 17301 rupaiye cash se renew kiyaa,17301,entertainment,cash,,
Clothing store bill INR 5711,5711,shopping,upi,,
Mutual fund SIP INR 25339,25339,investment,upi,,
fixed deposit investment ka SIP 34056 rupay card se bharra,34056,investment,card,,
doctor ke yahan 17171 rupaye lga cash se diy,17171,healthcare,cash,,
online shopping payment pe shopping kia 22569 rs karcha card se,22569,shopping,card,,
48887 rs ka order die electronics shopping pe card se,48887,shopping,card,,
exam fee ka course 49083 rs. me lya cash se pay kiyaa,49083,education,cash,,
flipkart order se 22475 rupye ka shopping kia card se,22475,shopping,card,,
medical test charges me 23773 rs. kharchaa hua upi se diye,23773,healthcare,upi,,
gas bill payment ka bill 20136 rupay upi se bhara,20136,utilities,upi,,
24156 rupye diy online course subscription ke liye upi se,24156,education,upi,,
College fees payment INR 10267,10267,education,cash,,
Bike loan EMI INR 21192,21192,emi,card,,
stock purchase me 7050 rs invest kiyaa upi se,7050,investment,upi,,
home loan emi ki EMI 6686 rupaiye upi se bhra,6686,emi,upi,,
13638 rs. ka bike loan emi installment cash se diy,13638,emi,cash,,
home loan emi ki EMI 10786 rupye card se bhra,10786,emi,card,,
Internet recharge INR 17147,17147,utilities,card,,
home loan emi EMI 46656 rs. kat gaye upi se,46656,emi,upi,,
32406 rupaiye lagaa train ticket irctc me upi se die,32406,travel,upi,,
College fees payment INR 7381,7381,education,cash,,
aaj zomato dinner se khana order kya 44905 rupaiye card se diye,44905,food,card,,
pizza delivery me 39216 rs. ka khana khayaa card se,39216,food,card,,
Ola cab INR 23750,23750,travel,upi,,
Doctor consultation INR 11203,11203,healthcare,upi,,
aaj pizza delivery se khana order kia 320 rs. cash se diye,320,food,cash,,
Car loan EMI INR 41307,41307,emi,card,,
2637 rupay ka personal loan installment installment card se die,2637,emi,card,,
Personal loan installment INR 9371,9371,emi,cash,,
35534 rupaye ka pharmacy medicine purchase bill aaya card se pay kiya,35534,healthcare,card,,
Mutual fund SIP INR 21535,21535,investment,cash,,
Ola cab INR 20826,20826,travel,upi,,
Clothing store bill INR 46921,46921,shopping,card,,
amazon purchase se 9771 rupaye ka shopping kiya cash se,9771,shopping,cash,,
train ticket irctc ka kiraya 6501 rs die upi se,6501,travel,upi,,
Pizza delivery INR 41159,41159,food,cash,,
29754 rs. kharch kya concert ticket pe card se,29754,entertainment,card,,
concert ticket ka subscription 23643 rupaiye upi se renew kiya,23643,entertainment,upi,,
fixed deposit investment me 8942 rupaye invest kia cash se,8942,investment,cash,,
20660 rs kharchaa kya zomato dinner pe card se,20660,food,card,,
online electronics shopping se 6135 ka saman lya upi se pay kiya,6135,shopping,upi,,
23788 rupaye mutual fund sip me daale card se,23788,investment,card,,
Pizza delivery INR 34934,34934,food,upi,,
mobile recharge recharge kia 17385 rupaiye cash se,17385,utilities,cash,,
23975 rupye ka car loan emi installment cash se die,23975,emi,cash,,
Crypto investment INR 23581,23581,investment,upi,,
Netflix subscription INR 27401,27401,entertainment,card,,
exam fee ka course 41405 rupye me liyaa cash se pay kya,41405,education,cash,,
23581 rupye crypto investment me daale upi se,23581,investment,upi,,
College fees payment INR 27948,27948,education,cash,,
Doctor consultation INR 19780,19780,healthcare,card,,
online course subscription ka course 49077 rupay me liyaa card se pay kiyaa,49077,education,card,,
flipkart order pe shopping kia 19786 rs kharcha card se,19786,shopping,card,,
netflix subscription ka subscription 46960 rs cash se renew kiyaa,46960,entertainment,cash,,
Library fee INR 36686,36686,education,card,,
aaj water bill ka 12500 rupye ka bill card se bharaa,12500,utilities,card,,
Amazon purchase INR 42466,42466,shopping,upi,,
Hospital bill INR 10558,10558,healthcare,upi,,
22621 rs. diy college fees payment ke liye cash se,22621,education,cash,,
internet recharge ka bill 29002 rupay cash se bharra,29002,utilities,cash,,
Mobile recharge INR 46921,46921,utilities,upi,,
Mobile recharge INR 40516,40516,utilities,cash,,
concert ticket ka ticket 2499 rupaiye me liyaa upi se,2499,entertainment,upi,,
Train ticket IRCTC INR 6607,6607,travel,card,,
Car loan EMI INR 13374,13374,emi,card,,
aaj mutual fund sip me 37573 rupay lagaye card se,37573,investment,card,,
Mobile recharge INR 12539,12539,utilities,cash,,
online course subscription ki fees 37189 rs upi se bharaa,37189,education,upi,,
clothing store bill se 39608 rupay ka shopping kiyaa upi se,39608,shopping,upi,,
21923 rs. kharchaa kya movie ticket booking pe upi se,21923,entertainment,upi,,
48103 rupye ka bike loan emi installment upi se diyee,48103,emi,upi,,
Internet recharge INR 9732,9732,utilities,cash,,
bus ticket ki ticket 29501 rs me book kya cash se,29501,travel,cash,,
Netflix subscription INR 6157,6157,entertainment,cash,,
online shopping payment se 45731 rs ka shopping kya card se,45731,shopping,card,,
personal loan installment EMI 44436 rupye kat gaye upi se,44436,emi,upi,,
Stock purchase INR 1997,1997,investment,cash,,
Online shopping payment INR 18234,18234,shopping,card,,
car loan emi EMI 13374 rs kat gaye card se,13374,emi,card,,
PPF contribution INR 11870,11870,investment,cash,,
lunch at hotel ka khana 40481 rupye me aaya upi se diye,40481,food,upi,,
college fees payment ka course 28317 rupye me liyaa upi se pay kiyaa,28317,education,upi,,
Doctor consultation INR 42352,42352,healthcare,upi,,
concert ticket dekha 27110 rupaye lgaa cash se die,27110,entertainment,cash,,
Water bill INR 33527,33527,utilities,cash,,
Amazon purchase INR 2074,2074,shopping,upi,,
Online course subscription INR 24389,24389,education,card,,
Movie ticket booking INR 40289,40289,entertainment,card,,
electronics shopping se 35042 rs ka shopping kiyaa upi se,35042,shopping,upi,,
48510 rupye kharchaa kiya lunch at hotel pe cash se,48510,food,cash,,
Amazon purchase INR 11873,11873,shopping,cash,,
Water bill INR 19859,19859,utilities,upi,,
49083 rupaiye die exam fee ke liye cash se,49083,education,cash,,
online shopping payment se 45178 rupay ka shopping kya cash se,45178,shopping,cash,,
aaj stock purchase me 41584 rupye lagaye card se,41584,investment,card,,
aaj ppf contribution me 48608 rupaye lagaye upi se,48608,investment,upi,,
Clothing store bill INR 7120,7120,shopping,cash,,
aaj uber ride liyaa 31505 rs upi se pay kiya,31505,travel,upi,,
Netflix subscription INR 20946,20946,entertainment,upi,,
Food court payment INR 19278,19278,food,upi,,
aaj mutual fund sip me 46524 rupaye lagaye upi se,46524,investment,upi,,
Movie ticket booking INR 16972,16972,entertainment,upi,,
bike loan emi EMI 20729 rupaye kat gaye cash se,20729,emi,cash,,
online electronics shopping se 12100 ka saman lya cash se pay kiya,12100,shopping,cash,,
crypto investment ka SIP 14202 rupye cash se bhara,14202,investment,cash,,
Lunch at hotel INR 32863,32863,food,card,,
college fees payment ka course 10267 rupay me liyaa cash se pay kya,10267,education,cash,,
726 rupay diyee college fees payment ke liye card se,726,education,card,,
11780 rupaiye karcha kiyaa game purchase pe cash se,11780,entertainment,cash,,
Electricity bill payment INR 30884,30884,utilities,card,,
Train ticket IRCTC INR 33645,33645,travel,cash,,
30104 rs lga hotel booking me upi se diyee,30104,travel,upi,,
6966 rupaiye ka medical test charges bill aaya upi se pay kiyaa,6966,healthcare,upi,,
mobile recharge recharge kia 19440 rupaiye card se,19440,utilities,card,,
Personal loan installment INR 7707,7707,emi,cash,,
aaj fixed deposit investment me 17665 rupaiye lagaye cash se,17665,investment,cash,,
aaj food court payment se khana order kya 23961 rs card se diyee,23961,food,card,,
medical test charges me 9196 rupaiye karcha hua upi se die,9196,healthcare,upi,,
12752 rupaiye fixed deposit investment me daale upi se,12752,investment,upi,,
Water bill INR 46012,46012,utilities,card,,
electronics shopping se 6793 rs ka shopping kia upi se,6793,shopping,upi,,
Flight ticket booking INR 46352,46352,travel,upi,,
home loan emi ki EMI 12217 rs. upi se bharra,12217,emi,upi,,
44691 rs. ka hospital bill bill aaya upi se pay kiyaa,44691,healthcare,upi,,
"restaurant bill pe 26845 ka bill tha, upi se pay kiya",26845,food,upi,,
game purchase dekha 11063 rupay laga upi se diy,11063,entertainment,upi,,
PPF contribution INR 19811,19811,investment,card,,
doctor ke yahan 27123 rs. lga upi se diye,27123,healthcare,upi,,
stock purchase me 40089 rs. invest kya card se,40089,investment,card,,
loan ka bike loan emi 38328 rs cash se pay kiyaa,38328,emi,cash,,
11716 rs ka pharmacy medicine purchase bill aaya cash se pay kya,11716,healthcare,cash,,
flipkart order se 33517 rupaye ka shopping kia card se,33517,shopping,card,,
bike loan emi ki EMI 49149 rupye card se bhra,49149,emi,card,,
Flight ticket booking INR 17691,17691,travel,cash,,
pharmacy medicine purchase pe 44664 rs. karcha hui davai pe card se,44664,healthcare,card,,
movie ticket booking ka subscription 48636 rupay card se renew kia,48636,entertainment,card,,
Credit card EMI INR 41382,41382,emi,cash,,
Exam fee INR 33297,33297,education,upi,,
Game purchase INR 15248,15248,entertainment,cash,,
zomato dinner me 37529 rupye ka khana khaaya card se,37529,food,card,,
Uber ride INR 4091,4091,travel,card,,
bus ticket ki ticket 30094 rs. me book kia cash se,30094,travel,cash,,
Concert ticket INR 44464,44464,entertainment,card,,
college fees payment ki fees 40515 rupaiye cash se bharra,40515,education,cash,,
"restaurant bill pe 30611 ka bill tha, card se pay kya",30611,food,card,,
aaj electricity bill payment ka 39327 rs ka bill upi se bharra,39327,utilities,upi,,
Messy outlier tx unknown,five hundred,1234,paypal,,
Netflix subscription INR 17282,17282,entertainment,upi,,
Mutual fund SIP INR 45741,45741,investment,cash,,
Netflix subscription INR 44520,44520,entertainment,cash,,
Internet recharge INR 26621,26621,utilities,cash,,
Messy outlier tx ,"1,000",1234,ccard,,
Bike loan EMI INR 10433,10433,emi,card,,
doctor ke yahan 9760 rs lga upi se diye,9760,healthcare,upi,,
19249 rs. diy college fees payment ke liye card se,19249,education,card,,
Cafe coffee INR 1616,1616,food,card,,
Electricity bill payment INR 48181,48181,utilities,card,,
Pharmacy medicine purchase INR 42397,42397,healthcare,upi,,
12876 rs. fixed deposit investment me daale upi se,12876,investment,upi,,
Electronics shopping INR 46190,46190,shopping,upi,,
aaj flight ticket booking lia 9225 rs. upi se pay kiyaa,9225,travel,upi,,
Uber ride INR 36926,36926,travel,cash,,
College fees payment INR 21693,21693,education,upi,,
Crypto investment INR 33388,33388,investment,cash,,
33391 rupay ka personal loan installment installment card se diy,33391,emi,card,,
College fees payment INR 24508,24508,education,card,,
flight ticket booking ki ticket 13828 rupye me book kia cash se,13828,travel,cash,,
Exam fee INR 8849,8849,education,card,,
Electronics shopping INR 15788,15788,shopping,upi,,
library fee ka course 1181 rupye me lya cash se pay kia,1181,education,cash,,
Flight ticket booking INR 46270,46270,travel,upi,,
loan ka home loan emi 12330 rupye upi se pay kia,12330,emi,upi,,
Electricity bill payment INR 41595,41595,utilities,upi,,
Lunch at hotel INR 34558,34558,food,cash,,
Mutual fund SIP INR 9401,9401,investment,upi,,
Amazon purchase INR 32273,32273,shopping,card,,
pharmacy medicine purchase pe 41602 rupaye kharch hui davai pe upi se,41602,healthcare,upi,,
Netflix subscription INR 3465,3465,entertainment,card,,
amazon purchase se 31832 rupaye ka shopping kiya cash se,31832,shopping,cash,,
Online course subscription INR 10709,10709,education,cash,,
ola cab ki ticket 15769 rupay me book kiyaa card se,15769,travel,card,,
12440 rs kharcha kiya restaurant bill pe upi se,12440,food,upi,,
game purchase dekha 34336 rupaiye lga cash se diyee,34336,entertainment,cash,,
42970 rupye ka credit card emi installment card se die,42970,emi,card,,
bus ticket ki ticket 31284 rupaye me book kia upi se,31284,travel,upi,,
"zomato dinner pe 21097 ka bill tha, card se pay kya",21097,food,card,,
Mobile recharge INR 39288,39288,utilities,upi,,
Credit card EMI INR 44674,44674,emi,cash,,
lunch at hotel me 30501 rupay ka khana khaya card se,30501,food,card,,
41556 rs diye online course subscription ke liye card se,41556,education,card,,
aaj crypto investment me 10471 rs. lagaye cash se,10471,investment,cash,,
Game purchase INR 46497,46497,entertainment,card,,
movie ticket booking dekha 25256 rs laga cash se die,25256,entertainment,cash,,
Gas bill payment INR 17164,17164,utilities,cash,,
hospital bill me 22378 rupay karcha hua cash se die,22378,healthcare,cash,,
29766 rupye diye college fees payment ke liye upi se,29766,education,upi,,
Home loan EMI INR 25173,25173,emi,cash,,
Amazon purchase INR 20912,20912,shopping,upi,,
ppf contribution ka SIP 7218 rupye cash se bharra,7218,investment,cash,,
Amazon purchase INR 2334,2334,shopping,cash,,
36136 rupye ppf contribution me daale cash se,36136,investment,cash,,
Game purchase INR 11089,11089,entertainment,upi,,
College fees payment INR 32051,32051,education,card,,
online shopping payment se 43364 rs ka shopping kiyaa upi se,43364,shopping,upi,,
bike loan emi EMI 21518 rupaiye kat gaye upi se,21518,emi,upi,,
Credit card EMI INR 42899,42899,emi,card,,
College fees payment INR 19799,19799,education,upi,,
loan ka personal loan installment 32675 rs cash se pay kya,32675,emi,cash,,
stock purchase me 37360 rupaiye invest kiya upi se,37360,investment,upi,,
flipkart order se 85 rupye ka shopping kiyaa upi se,85,shopping,upi,,
Home loan EMI INR 14750,14750,emi,cash,,
internet recharge ka bill 40058 rs upi se bhara,40058,utilities,upi,,
Online course subscription INR 18046,18046,education,card,,
14058 rupaye diy library fee ke liye cash se,14058,education,cash,,
doctor ke yahan 10767 rupye lga card se diye,10767,healthcare,card,,
18004 rupaiye kharchaa kiya game purchase pe upi se,18004,entertainment,upi,,
doctor ke yahan 2194 rupaiye lgaa card se diye,2194,healthcare,card,,
online online shopping payment se 13831 ka saman lia upi se pay kia,13831,shopping,upi,,
online amazon purchase se 18342 ka saman liyaa cash se pay kiyaa,18342,shopping,cash,,
aaj flight ticket booking lya 45838 rupaye upi se pay kiyaa,45838,travel,upi,,
Library fee INR 43318,43318,education,cash,,
13511 rupaiye lgaa hotel booking me card se diyee,13511,travel,card,,
Movie ticket booking INR 17301,17301,entertainment,cash,,
Medical test charges INR 26486,26486,healthcare,upi,,
concert ticket dekha 14786 rupaye laga cash se diye,14786,entertainment,cash,,
Fixed deposit investment INR 13837,13837,investment,cash,,
Zomato dinner INR 28862,28862,food,cash,,
Electricity bill payment INR 4711,4711,utilities,card,,
swiggy order me 41918 rupaye ka khana khya upi se,41918,food,upi,,
Stock purchase INR 1600,1600,investment,cash,,
35943 rupay ka gas bill payment bill pay kya cash se,35943,utilities,cash,,
car loan emi EMI 31931 rs kat gaye upi se,31931,emi,upi,,
gas bill payment ka bill 13090 rupaye upi se bharaa,13090,utilities,upi,,
16889 rupaiye ka order diye clothing store bill pe upi se,16889,shopping,upi,,
mutual fund sip ka SIP 41691 rupaye card se bharra,41691,investment,card,,
home loan emi ki EMI 44279 rs card se bharra,44279,emi,card,,
Train ticket IRCTC INR 12163,12163,travel,cash,,
credit card emi ki EMI 49382 rupye card se bhara,49382,emi,card,,
doctor consultation pe 36826 rs kharch hui davai pe cash se,36826,healthcare,cash,,
aaj stock purchase me 46724 rs. lagaye upi se,46724,investment,upi,,
4518 rupaye ka bike loan emi installment card se diyee,4518,emi,card,,
ola cab ki ticket 6380 rupye me book kiya card se,6380,travel,card,,
Stock purchase INR 31556,31556,investment,card,,
zomato dinner me 36531 rs. ka khana khya upi se,36531,food,upi,,
lunch at hotel ka khana 20723 rs. me aaya card se diyee,20723,food,card,,
25070 rs ka order die clothing store bill pe cash se,25070,shopping,cash,,
Movie ticket booking INR 23009,23009,entertainment,card,,
netflix subscription dekha 46028 rupaye lgaa cash se diye,46028,entertainment,cash,,
mobile recharge ka bill 22035 rupaiye upi se bharaa,22035,utilities,upi,,
medical test charges me 12899 rs. karcha hua card se die,12899,healthcare,card,,
25484 rupaye kharch kya concert ticket pe cash se,25484,entertainment,cash,,
exam fee ka course 11555 rupay me liyaa cash se pay kiya,11555,education,cash,,
aaj flight ticket booking lya 4477 rs. card se pay kiya,4477,travel,card,,
647 rs. die exam fee ke liye card se,647,education,card,,
Medical test charges INR 34388,34388,healthcare,upi,,
Bus ticket INR 9334,9334,travel,upi,,
doctor ke yahan 37571 rs. lgaa card se die,37571,healthcare,card,,
Netflix subscription INR 25117,25117,entertainment,cash,,
bike loan emi ki EMI 42678 rupye card se bhara,42678,emi,card,,
uber ride ka kiraya 4051 rs die card se,4051,travel,card,,
Online course subscription INR 3777,3777,education,card,,
41032 rs die college fees payment ke liye card se,41032,education,card,,
netflix subscription dekha 39724 rupaye lgaa card se diy,39724,entertainment,card,,
movie ticket booking dekha 47822 rupye lga upi se diye,47822,entertainment,upi,,
24138 rupaiye ka mobile recharge bill pay kiya cash se,24138,utilities,cash,,
bus ticket ka kiraya 15226 rupaye diyee upi se,15226,travel,upi,,
Car loan EMI INR 17220,17220,emi,cash,,
Bike loan EMI INR 17163,17163,emi,card,,
Medical test charges INR 44578,44578,healthcare,cash,,
Online course subscription INR 30056,30056,education,cash,,
Clothing store bill INR 5317,5317,shopping,cash,,
49327 rs die online course subscription ke liye cash se,49327,education,cash,,
Restaurant bill INR 29386,29386,food,cash,,
hotel booking ki ticket 9808 rupay me book kiyaa upi se,9808,travel,upi,,
flipkart order se 43718 rupye ka shopping kiya upi se,43718,shopping,upi,,
medical test charges me 421 rs khrcha hua upi se die,421,healthcare,upi,,
45655 rupye fixed deposit investment me daale card se,45655,investment,card,,
bike loan emi EMI 10587 rs. kat gaye cash se,10587,emi,cash,,
food court payment ka khana 27240 rupay me aaya upi se die,27240,food,upi,,
bike loan emi EMI 49149 rupye kat gaye card se,49149,emi,card,,
Hospital bill INR 37920,37920,healthcare,upi,,
netflix subscription dekha 39343 rupaye lgaa upi se die,39343,entertainment,upi,,
stock purchase me 39900 rupye invest kiya card se,39900,investment,card,,
online shopping payment se 5616 rs ka shopping kia upi se,5616,shopping,upi,,
Pharmacy medicine purchase INR 36308,36308,healthcare,upi,,
19195 rupaye karcha kia food court payment pe cash se,19195,food,cash,,
padhai ke liye exam fee pe 8113 rupaye karcha kiyaa upi se,8113,education,upi,,
Personal loan installment INR 950,950,emi,card,,
7217 rupaiye karcha kiyaa netflix subscription pe cash se,7217,entertainment,cash,,
credit card emi ki EMI 40124 rupaiye upi se bharra,40124,emi,upi,,
padhai ke liye online course subscription pe 13560 rs karcha kya card se,13560,education,card,,
Water bill INR 26416,26416,utilities,card,,
Hotel booking INR 22915,22915,travel,cash,,
Electricity bill payment INR 5127,5127,utilities,card,,
Uber ride INR 48519,48519,travel,upi,,
Movie ticket booking INR 31484,31484,entertainment,card,,
Car loan EMI INR 22832,22832,emi,upi,,
movie ticket booking dekha 31467 rs. laga upi se die,31467,entertainment,upi,,
fixed deposit investment ka SIP 22439 rs. upi se bhra,22439,investment,upi,,
college fees payment ki fees 25267 rupay upi se bharra,25267,education,upi,,
"lunch at hotel pe 11782 ka bill tha, cash se pay kiyaa",11782,food,cash,,
College fees payment INR 18293,18293,education,upi,,
Flight ticket booking INR 30310,30310,travel,card,,
Electricity bill payment INR 19276,19276,utilities,upi,,
fixed deposit investment ka SIP 15181 rs card se bharaa,15181,investment,card,,
bus ticket ka kiraya 22543 rupye diy cash se,22543,travel,cash,,
fixed deposit investment me 34056 rupay invest kiya card se,34056,investment,card,,
"restaurant bill pe 27119 ka bill tha, cash se pay kia",27119,food,cash,,
PPF contribution INR 14474,14474,investment,card,,
Uber ride INR 1730,1730,travel,cash,,
Fixed deposit investment INR 23165,23165,investment,cash,,
20827 rupaiye ppf contribution me daale cash se,20827,investment,cash,,
Credit card EMI INR 34106,34106,emi,upi,,
Crypto investment INR 17430,17430,investment,upi,,
4611 rupay ka order diyee electronics shopping pe upi se,4611,shopping,upi,,
"cafe coffee pe 17961 ka bill tha, card se pay kia",17961,food,card,,
train ticket irctc ka kiraya 40177 rupye diye card se,40177,travel,card,,
42387 rupay kharch kiya netflix subscription pe cash se,42387,entertainment,cash,,
amazon purchase pe shopping kiya 29794 rs. kharchaa card se,29794,shopping,card,,
Bike loan EMI INR 48103,48103,emi,upi,,
5191 rupay die exam fee ke liye card se,5191,education,card,,
Credit card EMI INR 41426,41426,emi,upi,,
Uber ride INR 22969,22969,travel,card,,
Game purchase INR 9215,9215,entertainment,upi,,
46092 rupaiye ka internet recharge bill pay kya card se,46092,utilities,card,,
Medical test charges INR 10670,10670,healthcare,cash,,
Doctor consultation INR 11576,11576,healthcare,cash,,
Internet recharge INR 12234,12234,utilities,cash,,
College fees payment INR 16548,16548,education,upi,,
Library fee INR 19651,19651,education,cash,,
personal loan installment ki EMI 19354 rupaye card se bhra,19354,emi,card,,
movie ticket booking dekha 1269 rs. lgaa cash se diy,1269,entertainment,cash,,
aaj train ticket irctc liya 33069 rupaiye card se pay kiyaa,33069,travel,card,,
stock purchase me 19902 rupye invest kiyaa cash se,19902,investment,cash,,
Cafe coffee INR 41827,41827,food,upi,,
Swiggy order INR 41918,41918,food,upi,,
loan ka credit card emi 49053 rs card se pay kiyaa,49053,emi,card,,
Game purchase INR 11951,11951,entertainment,card,,
Messy outlier tx ccard,NaN,misc,ccard,NaN,
netflix subscription ka ticket 44660 rs. me lia upi se,44660,entertainment,upi,,
home loan emi EMI 7700 rs kat gaye cash se,7700,emi,cash,,
Electricity bill payment INR 4462,4462,utilities,upi,,
electronics shopping pe shopping kiyaa 3332 rupay karcha cash se,3332,shopping,cash,,
mobile recharge ka bill 9171 rupaye cash se bharra,9171,utilities,cash,,
aaj ola cab lya 31236 rupaye cash se pay kiyaa,31236,travel,cash,,
uber ride ka kiraya 22533 rs. diye cash se,22533,travel,cash,,
movie ticket booking ka subscription 44726 rupaiye upi se renew kia,44726,entertainment,upi,,
clothing store bill se 20837 rs. ka shopping kiyaa cash se,20837,shopping,cash,,
43998 rupay ka order diyee electronics shopping pe cash se,43998,shopping,cash,,
15760 rupaye ka water bill bill pay kiya cash se,15760,utilities,cash,,
Library fee INR 31239,31239,education,card,,
Stock purchase INR 37523,37523,investment,cash,,
padhai ke liye college fees payment pe 466 rupye kharcha kiyaa card se,466,education,card,,
Lunch at hotel INR 28323,28323,food,card,,
Messy outlier tx bitcoin,NaN,blabla,ccard,,
pharmacy medicine purchase me 2679 rupye karcha hua card se diye,2679,healthcare,card,,
28231 rupye ka bike loan emi installment upi se diy,28231,emi,upi,,
43725 rs lgaa ola cab me card se die,43725,travel,card,,
Game purchase INR 6549,6549,entertainment,card,,
online shopping payment pe shopping kia 39740 rupye karcha cash se,39740,shopping,cash,,
Car loan EMI INR 3039,3039,emi,upi,,
Swiggy order INR 30987,30987,food,cash,,
Mutual fund SIP INR 34551,34551,investment,upi,,
clothing store bill pe shopping kya 6839 rupay khrcha upi se,6839,shopping,upi,,
,-100,unknown,123,,
13403 rupye ka personal loan installment installment card se diyee,13403,emi,card,,
Electronics shopping INR 18744,18744,shopping,upi,,
aaj gas bill payment ka 31910 rs ka bill card se bharaa,31910,utilities,card,,
padhai ke liye exam fee pe 41857 rupye kharchaa kiya cash se,41857,education,cash,,
game purchase dekha 26863 rupay lga card se die,26863,entertainment,card,,
Home loan EMI INR 15607,15607,emi,card,,
Uber ride INR 6853,6853,travel,upi,,
College fees payment INR 24606,24606,education,cash,,
train ticket irctc ki ticket 30212 rs me book kiyaa upi se,30212,travel,upi,,
movie ticket booking ka subscription 31107 rs cash se renew kiya,31107,entertainment,cash,,
concert ticket ka ticket 30520 rupaiye me lya cash se,30520,entertainment,cash,,
clothing store bill pe shopping kya 31895 rupay karcha cash se,31895,shopping,cash,,
Car loan EMI INR 21195,21195,emi,upi,,
personal loan installment EMI 3032 rs. kat gaye upi se,3032,emi,upi,,
aaj mobile recharge ka 14863 rupaye ka bill card se bhra,14863,utilities,card,,
23387 rs ka order diy electronics shopping pe card se,23387,shopping,card,,
netflix subscription ka ticket 46960 rupaye me lia cash se,46960,entertainment,cash,,
Messy outlier tx ccard,-5000,misc,ccard,,
Electricity bill payment INR 5297,5297,utilities,cash,,
15248 rs. kharchaa kya game purchase pe cash se,15248,entertainment,cash,,
13563 rupaiye ka bike loan emi installment card se die,13563,emi,card,,
2675 rupay ka hospital bill bill aaya upi se pay kiyaa,2675,healthcare,upi,,
Bike loan EMI INR 39680,39680,emi,card,,
45008 rs ka bike loan emi installment cash se diy,45008,emi,cash,,
ppf contribution ka SIP 43626 rs. card se bharaa,43626,investment,card,,
padhai ke liye exam fee pe 19019 rs karcha kia card se,19019,education,card,,
Movie ticket booking INR 19981,19981,entertainment,upi,,
netflix subscription dekha 23793 rupay lgaa upi se die,23793,entertainment,upi,,
library fee ka course 46589 rs me lia card se pay kiyaa,46589,education,card,,
mobile recharge ka bill 15699 rupaye cash se bharaa,15699,utilities,cash,,
hotel booking ki ticket 39521 rs me book kiyaa cash se,39521,travel,cash,,
4059 rupaye diy college fees payment ke liye card se,4059,education,card,,
Train ticket IRCTC INR 9267,9267,travel,cash,,
Amazon purchase INR 7349,7349,shopping,upi,,
Personal loan installment INR 47422,47422,emi,card,,
aaj electricity bill payment ka 28905 rupay ka bill card se bharaa,28905,utilities,card,,
train ticket irctc ka kiraya 10952 rupay diy upi se,10952,travel,upi,,
padhai ke liye library fee pe 11605 rupay karcha kiyaa cash se,11605,education,cash,,
Zomato dinner INR 18597,18597,food,upi,,
College fees payment INR 7689,7689,education,cash,,
movie ticket booking ka ticket 41810 rs me lya card se,41810,entertainment,card,,
online online shopping payment se 42542 ka saman lya cash se pay kia,42542,shopping,cash,,
35276 rupay laga bus ticket me card se die,35276,travel,card,,
crypto investment ka SIP 41867 rs cash se bharaa,41867,investment,cash,,
Restaurant bill INR 23891,23891,food,upi,,
Library fee INR 23115,23115,education,cash,,
6559 rs. laga uber ride me upi se die,6559,travel,upi,,
39799 rupaiye diy exam fee ke liye cash se,39799,education,cash,,
Electricity bill payment INR 35515,35515,utilities,card,,
38103 rs. ka bike loan emi installment cash se diye,38103,emi,cash,,
water bill recharge kiyaa 16097 rs card se,16097,utilities,card,,
crypto investment me 15266 rs. invest kiyaa card se,15266,investment,card,,
doctor consultation pe 12005 rs karcha hui davai pe cash se,12005,healthcare,cash,,
medical test charges pe 421 rupye kharchaa hui davai pe upi se,421,healthcare,upi,,
Personal loan installment INR 6793,6793,emi,card,,
Zomato dinner INR 34112,34112,food,upi,,
online shopping payment pe shopping kia 38727 rs khrcha upi se,38727,shopping,upi,,
Personal loan installment INR 3953,3953,emi,cash,,
aaj food court payment se khana order kiya 28702 rupay upi se diyee,28702,food,upi,,
aaj mobile recharge ka 31539 rs ka bill cash se bhra,31539,utilities,cash,,
ola cab ki ticket 560 rupye me book kia upi se,560,travel,upi,,
Electronics shopping INR 16665,16665,shopping,cash,,
electricity bill payment recharge kia 26319 rs. card se,26319,utilities,card,,
padhai ke liye library fee pe 31907 rs kharcha kiya upi se,31907,education,upi,,
Concert ticket INR 45462,45462,entertainment,cash,,
Concert ticket INR 46023,46023,entertainment,card,,
39647 rupaye diyee library fee ke liye card se,39647,education,card,,
food court payment ka khana 24526 rupay me aaya card se diye,24526,food,card,,
Netflix subscription INR 15829,15829,entertainment,card,,
Water bill INR 7267,7267,utilities,cash,,
48738 rupaiye ka gas bill payment bill pay kya upi se,48738,utilities,upi,,
medical test charges pe 25495 rs kharchaa hui davai pe upi se,25495,healthcare,upi,,
doctor consultation me 26457 rupye karcha hua upi se diye,26457,healthcare,upi,,
padhai ke liye online course subscription pe 39465 rupaiye khrcha kiya upi se,39465,education,upi,,
Crypto investment INR 39012,39012,investment,upi,,
netflix subscription ka ticket 46371 rs. me lia cash se,46371,entertainment,cash,,
bike loan emi ki EMI 5087 rs card se bharra,5087,emi,card,,
Personal loan installment INR 12978,12978,emi,card,,
Bike loan EMI INR 382,382,emi,cash,,
aaj electricity bill payment ka 41585 rupye ka bill card se bhra,41585,utilities,card,,
Personal loan installment INR 24983,24983,emi,cash,,
"restaurant bill pe 40075 ka bill tha, cash se pay kiyaa",40075,food,cash,,
internet recharge recharge kia 26562 rupaiye card se,26562,utilities,card,,
Train ticket IRCTC INR 38303,38303,travel,cash,,
ola cab ki ticket 41043 rs. me book kia upi se,41043,travel,upi,,
13168 rs ka order diye electronics shopping pe upi se,13168,shopping,upi,,
36016 rupye kharchaa kiya concert ticket pe cash se,36016,entertainment,cash,,
Zomato dinner INR 28042,28042,food,card,,
car loan emi EMI 17046 rupaye kat gaye cash se,17046,emi,cash,,
hospital bill me 17623 rupaye kharcha hua cash se die,17623,healthcare,cash,,
mobile recharge recharge kya 28480 rupay cash se,28480,utilities,cash,,
"zomato dinner pe 4506 ka bill tha, card se pay kia",4506,food,card,,
Lunch at hotel INR 7035,7035,food,card,,
game purchase dekha 41404 rupaiye lagaa upi se diye,41404,entertainment,upi,,
Ola cab INR 23754,23754,travel,cash,,
Bus ticket INR 43407,43407,travel,upi,,
Flipkart order INR 46004,46004,shopping,card,,
just random text 123,99999999,,ccard,Mumbai,
pizza delivery me 9509 rupaiye ka khana khya cash se,9509,food,cash,,
pharmacy medicine purchase me 10685 rupye khrcha hua card se diye,10685,healthcare,card,,
aaj restaurant bill se khana order kiya 45157 rs upi se diye,45157,food,upi,,
Stock purchase INR 44590,44590,investment,upi,,
40977 rupay ka order diy clothing store bill pe cash se,40977,shopping,cash,,
netflix subscription dekha 14429 rs. lga card se diyee,14429,entertainment,card,,
Car loan EMI INR 26970,26970,emi,card,,
train ticket irctc ka kiraya 46430 rs. diye card se,46430,travel,card,,
Crypto investment INR 17818,17818,investment,upi,,
crypto investment me 17695 rupaye invest kiyaa cash se,17695,investment,cash,,
electricity bill payment recharge kiya 33783 rupay upi se,33783,utilities,upi,,
restaurant bill ka khana 36358 rupaiye me aaya cash se diy,36358,food,cash,,
Game purchase INR 49683,49683,entertainment,upi,,
33198 rs diyee college fees payment ke liye cash se,33198,education,cash,,
Doctor consultation INR 27183,27183,healthcare,upi,,
16780 rs ka water bill bill pay kia cash se,16780,utilities,cash,,
online amazon purchase se 34958 ka saman lya cash se pay kia,34958,shopping,cash,,
Ola cab INR 39182,39182,travel,card,,
Internet recharge INR 35585,35585,utilities,upi,,
13663 rupaye ka order diyee amazon purchase pe upi se,13663,shopping,upi,,
online shopping payment se 22813 rs ka shopping kiya cash se,22813,shopping,cash,,
uber ride ka kiraya 17611 rs diyee cash se,17611,travel,cash,,
aaj mutual fund sip me 23228 rs lagaye cash se,23228,investment,cash,,
6157 rupye kharchaa kiyaa netflix subscription pe cash se,6157,entertainment,cash,,
online clothing store bill se 17766 ka saman lia card se pay kia,17766,shopping,card,,
ola cab ki ticket 6386 rs. me book kya card se,6386,travel,card,,
aaj train ticket irctc lia 19332 rs card se pay kya,19332,travel,card,,
game purchase dekha 35638 rupay lga card se diy,35638,entertainment,card,,
zomato dinner ka khana 40748 rs me aaya card se die,40748,food,card,,
netflix subscription ka ticket 2936 rupye me liyaa upi se,2936,entertainment,upi,,
Zomato dinner INR 18544,18544,food,upi,,
College fees payment INR 23027,23027,education,cash,,
Mobile recharge INR 43127,43127,utilities,upi,,
internet recharge recharge kiya 26621 rupaye cash se,26621,utilities,cash,,
Exam fee INR 6160,6160,education,cash,,
Netflix subscription INR 6006,6006,entertainment,upi,,
2449 rupay diye exam fee ke liye card se,2449,education,card,,
Pizza delivery INR 21288,21288,food,card,,
Internet recharge INR 44718,44718,utilities,upi,,
Pharmacy medicine purchase INR 22662,22662,healthcare,cash,,
Doctor consultation INR 36826,36826,healthcare,cash,,
loan ka home loan emi 38403 rupye cash se pay kya,38403,emi,cash,,
aaj mutual fund sip me 15241 rupaiye lagaye card se,15241,investment,card,,
home loan emi ki EMI 22961 rs card se bhara,22961,emi,card,,
Flipkart order INR 34474,34474,shopping,upi,,
33388 rs crypto investment me daale cash se,33388,investment,cash,,
concert ticket ka ticket 8460 rs. me liya card se,8460,entertainment,card,,
Hospital bill INR 11597,11597,healthcare,upi,,
Electricity bill payment INR 5753,5753,utilities,upi,,
Hotel booking INR 15647,15647,travel,upi,,
Electricity bill payment INR 45390,45390,utilities,cash,,
exam fee ki fees 38827 rupye card se bhra,38827,education,card,,
Hotel booking INR 521,521,travel,cash,,
loan ka car loan emi 4259 rs. cash se pay kya,4259,emi,cash,,
Game purchase INR 12111,12111,entertainment,upi,,
"swiggy order pe 46439 ka bill tha, cash se pay kya",46439,food,cash,,
loan ka personal loan installment 20381 rupye cash se pay kiyaa,20381,emi,cash,,
aaj gas bill payment ka 7271 rupye ka bill upi se bharra,7271,utilities,upi,,
35972 rupaiye ka home loan emi installment cash se diye,35972,emi,cash,,
doctor ke yahan 21958 rupay lagaa cash se die,21958,healthcare,cash,,
Stock purchase INR 37050,37050,investment,upi,,
Medical test charges INR 39137,39137,healthcare,card,,
45741 rupaye mutual fund sip me daale cash se,45741,investment,cash,,
medical test charges me 26939 rupye kharch hua upi se diy,26939,healthcare,upi,,
Doctor consultation INR 5031,5031,healthcare,upi,,
Netflix subscription INR 12117,12117,entertainment,cash,,
College fees payment INR 3778,3778,education,card,,
gas bill payment ka bill 9036 rupye card se bhara,9036,utilities,card,,
doctor ke yahan 41822 rupaye lga card se diy,41822,healthcare,card,,
Food court payment INR 13842,13842,food,card,,
Restaurant bill INR 31520,31520,food,card,,
aaj electricity bill payment ka 36325 rupaiye ka bill cash se bharra,36325,utilities,cash,,
padhai ke liye college fees payment pe 12267 rupaye karcha kia upi se,12267,education,upi,,
credit card emi EMI 29936 rupay kat gaye card se,29936,emi,card,,
online course subscription ka course 17384 rupye me lya upi se pay kiya,17384,education,upi,,
doctor consultation me 10767 rupaiye karcha hua card se die,10767,healthcare,card,,
uber ride ka kiraya 6853 rupay die upi se,6853,travel,upi,,
Uber ride INR 17232,17232,travel,cash,,
29883 rupaiye ka personal loan installment installment cash se diyee,29883,emi,cash,,
12703 rs ka order die clothing store bill pe upi se,12703,shopping,upi,,
Hotel booking INR 25571,25571,travel,card,,
Doctor consultation INR 40430,40430,healthcare,cash,,
home loan emi EMI 9338 rupye kat gaye cash se,9338,emi,cash,,
doctor consultation pe 40484 rs. kharcha hui davai pe cash se,40484,healthcare,cash,,
Online shopping payment INR 4399,4399,shopping,cash,,
doctor ke yahan 19780 rupye lgaa card se diyee,19780,healthcare,card,,
loan ka home loan emi 43002 rupaye cash se pay kya,43002,emi,cash,,
Movie ticket booking INR 10190,10190,entertainment,cash,,
Pharmacy medicine purchase INR 35504,35504,healthcare,cash,,
Bus ticket INR 24123,24123,travel,card,,
24427 rupay fixed deposit investment me daale cash se,24427,investment,cash,,
Doctor consultation INR 43780,43780,healthcare,upi,,
47524 rupye ka pharmacy medicine purchase bill aaya upi se pay kya,47524,healthcare,upi,,
movie ticket booking ka ticket 18234 rupaiye me liya upi se,18234,entertainment,upi,,
college fees payment ka course 525 rs. me liyaa upi se pay kiyaa,525,education,upi,,
aaj stock purchase me 44923 rupay lagaye cash se,44923,investment,cash,,
Fixed deposit investment INR 696,696,investment,card,,
flipkart order pe shopping kiya 4365 rupaiye kharchaa card se,4365,shopping,card,,
9934 rupaiye laga ola cab me cash se die,9934,travel,cash,,
38287 rupaiye ka car loan emi installment card se diy,38287,emi,card,,
Internet recharge INR 48450,48450,utilities,upi,,
medical test charges pe 16516 rupaye kharch hui davai pe upi se,16516,healthcare,upi,,
34946 rs kharcha kiyaa game purchase pe upi se,34946,entertainment,upi,,
46190 rupay ka order diye electronics shopping pe upi se,46190,shopping,upi,,
39387 rupye ka credit card emi installment card se diy,39387,emi,card,,
Internet recharge INR 31194,31194,utilities,upi,,
aaj stock purchase me 34132 rupaye lagaye card se,34132,investment,card,,
27298 rupay kharchaa kiyaa game purchase pe upi se,27298,entertainment,upi,,
Water bill INR 47023,47023,utilities,card,,
Personal loan installment INR 43037,43037,emi,cash,,
Electricity bill payment INR 1742,1742,utilities,upi,,
hospital bill pe 36188 rupaiye kharcha hui davai pe card se,36188,healthcare,card,,
Exam fee INR 20703,20703,education,upi,,
Concert ticket INR 30520,30520,entertainment,cash,,
Exam fee INR 37956,37956,education,upi,,
Bus ticket INR 34218,34218,travel,upi,,
Credit card EMI INR 2475,2475,emi,card,,
College fees payment INR 25123,25123,education,card,,
hospital bill pe 15311 rs. karcha hui davai pe cash se,15311,healthcare,cash,,
online flipkart order se 37545 ka saman lya card se pay kiya,37545,shopping,card,,
30374 rupye kharcha kiyaa game purchase pe upi se,30374,entertainment,upi,,
Stock purchase INR 47454,47454,investment,card,,
Food court payment INR 33121,33121,food,cash,,
aaj ola cab lya 13667 rupaiye card se pay kia,13667,travel,card,,
Credit card EMI INR 24283,24283,emi,upi,,
game purchase ka subscription 11951 rupye card se renew kia,11951,entertainment,card,,
game purchase ka subscription 24508 rs. upi se renew kya,24508,entertainment,upi,,
Internet recharge INR 16223,16223,utilities,upi,,
crypto investment ka SIP 40323 rs upi se bhra,40323,investment,upi,,
Swiggy order INR 27375,27375,food,upi,,
flight ticket booking ki ticket 32933 rupay me book kiyaa upi se,32933,travel,upi,,
ola cab ki ticket 31395 rupaiye me book kya card se,31395,travel,card,,
concert ticket ka subscription 3558 rs. cash se renew kia,3558,entertainment,cash,,
movie ticket booking ka ticket 26100 rupaiye me lya cash se,26100,entertainment,cash,,
Stock purchase INR 9065,9065,investment,card,,
Movie ticket booking INR 37854,37854,entertainment,upi,,
38189 rupaiye diy exam fee ke liye cash se,38189,education,cash,,
Zomato dinner INR 7550,7550,food,upi,,
"lunch at hotel pe 24395 ka bill tha, card se pay kya",24395,food,card,,
personal loan installment ki EMI 3032 rupye upi se bharra,3032,emi,upi,,
online course subscription ki fees 33550 rs. cash se bhara,33550,education,cash,,
Flipkart order INR 153,153,shopping,cash,,
hospital bill me 3714 rupaye karcha hua cash se diy,3714,healthcare,cash,,
Netflix subscription INR 32960,32960,entertainment,card,,
37020 rupaiye ka electricity bill payment bill pay kya card se,37020,utilities,card,,
Mutual fund SIP INR 9455,9455,investment,cash,,
internet recharge recharge kya 44519 rupye upi se,44519,utilities,upi,,
Exam fee INR 35999,35999,education,cash,,
Flight ticket booking INR 46725,46725,travel,upi,,
"zomato dinner pe 31298 ka bill tha, upi se pay kiyaa",31298,food,upi,,
"food court payment pe 20391 ka bill tha, cash se pay kiya",20391,food,cash,,
22917 rupaiye diyee college fees payment ke liye cash se,22917,education,cash,,
movie ticket booking ka subscription 5660 rs card se renew kiyaa,5660,entertainment,card,,
padhai ke liye library fee pe 44728 rupye khrcha kya card se,44728,education,card,,
19023 rs. ka medical test charges bill aaya card se pay kiya,19023,healthcare,card,,
Mobile recharge INR 28422,28422,utilities,card,,
37591 rupye mutual fund sip me daale upi se,37591,investment,upi,,
Train ticket IRCTC INR 18551,18551,travel,card,,
electronics shopping se 3904 rupay ka shopping kiya cash se,3904,shopping,cash,,
!@#$%^&*(),-100,shopping_err,csh,123,
bike loan emi EMI 27453 rs kat gaye cash se,27453,emi,cash,,
loan ka credit card emi 47701 rupaye upi se pay kiya,47701,emi,upi,,
Bus ticket INR 43421,43421,travel,cash,,
Zomato dinner INR 41858,41858,food,card,,
Mutual fund SIP INR 38291,38291,investment,upi,,
aaj bus ticket lya 21892 rs. card se pay kiyaa,21892,travel,card,,
internet recharge ka bill 46285 rs upi se bharra,46285,utilities,upi,,
Netflix subscription INR 24669,24669,entertainment,card,,
Car loan EMI INR 20197,20197,emi,cash,,
Restaurant bill INR 37624,37624,food,upi,,
13054 rupay ka mobile recharge bill pay kya card se,13054,utilities,card,,
Restaurant bill INR 7262,7262,food,card,,
bike loan emi EMI 17710 rs kat gaye cash se,17710,emi,cash,,
Train ticket IRCTC INR 29160,29160,travel,upi,,
doctor ke yahan 2939 rupye lgaa cash se diyee,2939,healthcare,cash,,
Car loan EMI INR 38287,38287,emi,card,,
Medical test charges INR 26284,26284,healthcare,upi,,
internet recharge recharge kiya 31349 rs. card se,31349,utilities,card,,
Electronics shopping INR 8188,8188,shopping,card,,
mutual fund sip me 25339 rupaiye invest kia upi se,25339,investment,upi,,
Amazon purchase INR 48838,48838,shopping,cash,,
Water bill INR 14032,14032,utilities,cash,,
Stock purchase INR 31388,31388,investment,card,,
personal loan installment ki EMI 44553 rupay upi se bharaa,44553,emi,upi,,
Stock purchase INR 40667,40667,investment,upi,,
Clothing store bill INR 28623,28623,shopping,cash,,
33470 rs. lgaa hotel booking me card se diy,33470,travel,card,,
Pharmacy medicine purchase INR 28190,28190,healthcare,upi,,
movie ticket booking ka ticket 4828 rs me liyaa card se,4828,entertainment,card,,
aaj stock purchase me 17517 rupye lagaye cash se,17517,investment,cash,,
loan ka bike loan emi 37318 rupaiye cash se pay kiya,37318,emi,cash,,
movie ticket booking dekha 21260 rs lgaa upi se die,21260,entertainment,upi,,
36117 rupaiye ka home loan emi installment upi se diye,36117,emi,upi,,
Game purchase INR 11780,11780,entertainment,cash,,
42960 rs. khrcha kya cafe coffee pe card se,42960,food,card,,
water bill ka bill 39041 rupaiye card se bhra,39041,utilities,card,,
aaj ola cab liya 48597 rupye upi se pay kia,48597,travel,upi,,
14768 rupye lagaa uber ride me card se die,14768,travel,card,,
Flipkart order INR 14584,14584,shopping,card,,
credit card emi ki EMI 34687 rupaiye cash se bhra,34687,emi,cash,,
Game purchase INR 48946,48946,entertainment,upi,,
Home loan EMI INR 880,880,emi,upi,,
Internet recharge INR 30130,30130,utilities,cash,,
"lunch at hotel pe 21906 ka bill tha, cash se pay kia",21906,food,cash,,
doctor consultation pe 39343 rupye khrcha hui davai pe card se,39343,healthcare,card,,
aaj swiggy order se khana order kiyaa 12694 rupaye card se diyee,12694,food,card,,
Doctor consultation INR 44412,44412,healthcare,cash,,
Home loan EMI INR 18154,18154,emi,upi,,
Medical test charges INR 12222,12222,healthcare,upi,,
13588 rupay khrcha kiyaa netflix subscription pe card se,13588,entertainment,card,,
44194 rupye diy online course subscription ke liye card se,44194,education,card,,
46990 rupaiye ka order diy amazon purchase pe cash se,46990,shopping,cash,,
Medical test charges INR 45014,45014,healthcare,card,,
Doctor consultation INR 40739,40739,healthcare,card,,
Pharmacy medicine purchase INR 32725,32725,healthcare,cash,,
Messy outlier tx bitcoin,-100,unknown,123,,
Fixed deposit investment INR 16524,16524,investment,card,,
Credit card EMI INR 11158,11158,emi,card,,
loan ka car loan emi 23788 rs cash se pay kiya,23788,emi,cash,,
hospital bill me 26840 rs. kharchaa hua upi se diy,26840,healthcare,upi,,
movie ticket booking ka subscription 39259 rs cash se renew kia,39259,entertainment,cash,,
aaj zomato dinner se khana order kia 27120 rupaye card se diye,27120,food,card,,
aaj fixed deposit investment me 45315 rupye lagaye cash se,45315,investment,cash,,
15426 rupaiye stock purchase me daale card se,15426,investment,card,,
Pizza delivery INR 35055,35055,food,card,,
Messy outlier tx csh,99999999,error,paypal,,
Mutual fund SIP INR 18736,18736,investment,cash,,
7381 rupay diye college fees payment ke liye cash se,7381,education,cash,,
Pizza delivery INR 10328,10328,food,card,,
Restaurant bill INR 30611,30611,food,card,,
library fee ka course 23335 rupay me lia cash se pay kiyaa,23335,education,cash,,
car loan emi EMI 42024 rupaye kat gaye upi se,42024,emi,upi,,
zomato dinner ka khana 34112 rupaye me aaya upi se diye,34112,food,upi,,
padhai ke liye library fee pe 27751 rupaye khrcha kiya upi se,27751,education,upi,,
Clothing store bill INR 28121,28121,shopping,cash,,
Crypto investment INR 15266,15266,investment,card,,
College fees payment INR 47373,47373,education,cash,,
Doctor consultation INR 1074,1074,healthcare,card,,
Mutual fund SIP INR 41309,41309,investment,cash,,
game purchase ka ticket 7201 rupaiye me liyaa upi se,7201,entertainment,upi,,
35920 rupaye karcha kia zomato dinner pe card se,35920,food,card,,
Medical test charges INR 31104,31104,healthcare,upi,,
Exam fee INR 17400,17400,education,card,,
Zomato dinner INR 35920,35920,food,card,,
online course subscription ki fees 49190 rupaye card se bharaa,49190,education,card,,
doctor ke yahan 3242 rupay lgaa card se diye,3242,healthcare,card,,
Restaurant bill INR 145,145,food,upi,,
7041 rupaye ka water bill bill pay kia upi se,7041,utilities,upi,,
electricity bill payment ka bill 45390 rupay cash se bhra,45390,utilities,cash,,
electricity bill payment recharge kya 16345 rs upi se,16345,utilities,upi,,
44802 rupaye kharcha kiyaa pizza delivery pe card se,44802,food,card,,
Amazon purchase INR 5065,5065,shopping,cash,,
PPF contribution INR 17543,17543,investment,cash,,
Mutual fund SIP INR 4012,4012,investment,card,,
restaurant bill ka khana 37624 rs. me aaya upi se diy,37624,food,upi,,
concert ticket dekha 49546 rs. laga cash se diye,49546,entertainment,cash,,
concert ticket dekha 28801 rs lga cash se die,28801,entertainment,cash,,
loan ka personal loan installment 4950 rupaye cash se pay kiyaa,4950,emi,cash,,
crypto investment me 31212 rupaiye invest kiyaa card se,31212,investment,card,,
31475 rupay ka home loan emi installment cash se die,31475,emi,cash,,
Pizza delivery INR 30158,30158,food,upi,,
flight ticket booking ki ticket 41779 rupye me book kiya upi se,41779,travel,upi,,
credit card emi ki EMI 23284 rupaye cash se bhara,23284,emi,cash,,
flipkart order pe shopping kiya 36000 rupaye khrcha card se,36000,shopping,card,,
Mutual fund SIP INR 3389,3389,investment,card,,
18345 rs diy library fee ke liye upi se,18345,education,upi,,
movie ticket booking ka ticket 27554 rs. me lya upi se,27554,entertainment,upi,,
bike loan emi EMI 32567 rupaiye kat gaye cash se,32567,emi,cash,,
clothing store bill pe shopping kiyaa 3023 rs. karcha cash se,3023,shopping,cash,,
movie ticket booking ka subscription 14225 rs. card se renew kiyaa,14225,entertainment,card,,
food court payment me 40628 rupye ka khana khayaa card se,40628,food,card,,
mobile recharge ka bill 12020 rs upi se bharaa,12020,utilities,upi,,
Movie ticket booking INR 18926,18926,entertainment,upi,,
netflix subscription dekha 11831 rs lga cash se diy,11831,entertainment,cash,,
credit card emi EMI 17815 rupay kat gaye upi se,17815,emi,upi,,
12046 rupay ka order diye amazon purchase pe card se,12046,shopping,card,,
aaj mutual fund sip me 867 rupye lagaye upi se,867,investment,upi,,
Electricity bill payment INR 22813,22813,utilities,upi,,
Movie ticket booking INR 46710,46710,entertainment,upi,,
Mobile recharge INR 34332,34332,utilities,upi,,
game purchase dekha 10115 rs lgaa cash se diye,10115,entertainment,cash,,
doctor consultation me 26468 rupaye kharchaa hua card se diyee,26468,healthcare,card,,
12775 rupaiye khrcha kiyaa concert ticket pe card se,12775,entertainment,card,,
aaj electricity bill payment ka 23827 rupye ka bill upi se bhra,23827,utilities,upi,,
Fixed deposit investment INR 22628,22628,investment,cash,,
Stock purchase INR 9468,9468,investment,upi,,
doctor ke yahan 24894 rupay laga card se die,24894,healthcare,card,,
Game purchase INR 12493,12493,entertainment,upi,,
doctor ke yahan 41351 rs. lgaa card se diyee,41351,healthcare,card,,
Food court payment INR 9157,9157,food,cash,,
cafe coffee ka khana 8997 rs. me aaya cash se diy,8997,food,cash,,
medical test charges me 23997 rupye kharchaa hua cash se die,23997,healthcare,cash,,
Medical test charges INR 10194,10194,healthcare,cash,,
Game purchase INR 25906,25906,entertainment,upi,,
Hospital bill INR 14908,14908,healthcare,cash,,
home loan emi EMI 19435 rupye kat gaye upi se,19435,emi,upi,,
Amazon purchase INR 14244,14244,shopping,card,,
netflix subscription ka subscription 2655 rs. card se renew kiyaa,2655,entertainment,card,,
Hotel booking INR 48911,48911,travel,upi,,
Swiggy order INR 43605,43605,food,card,,
Flight ticket booking INR 9225,9225,travel,upi,,
42467 rupaye kharcha kiyaa concert ticket pe card se,42467,entertainment,card,,
Medical test charges INR 16320,16320,healthcare,card,,
Mobile recharge INR 41116,41116,utilities,upi,,
online online shopping payment se 39859 ka saman liyaa cash se pay kiyaa,39859,shopping,cash,,
aaj ola cab liya 24808 rupye card se pay kya,24808,travel,card,,
Mobile recharge INR 4209,4209,utilities,upi,,
electronics shopping se 24637 rupaye ka shopping kia upi se,24637,shopping,upi,,
Gas bill payment INR 29727,29727,utilities,upi,,
home loan emi ki EMI 14384 rs cash se bhara,14384,emi,cash,,
aaj ola cab liyaa 7598 rupaiye cash se pay kiyaa,7598,travel,cash,,
Pharmacy medicine purchase INR 20321,20321,healthcare,cash,,
doctor consultation me 36826 rupay kharchaa hua cash se diyee,36826,healthcare,cash,,
aaj stock purchase me 21999 rupaiye lagaye cash se,21999,investment,cash,,
Food court payment INR 31649,31649,food,card,,
Flipkart order INR 11206,11206,shopping,upi,,
41843 rupaiye ka doctor consultation bill aaya cash se pay kiya,41843,healthcare,cash,,
movie ticket booking ka ticket 21756 rs me liya cash se,21756,entertainment,cash,,
Online shopping payment INR 4636,4636,shopping,card,,
College fees payment INR 30724,30724,education,cash,,
online shopping payment pe shopping kya 15947 rupaye kharcha cash se,15947,shopping,cash,,
Personal loan installment INR 34331,34331,emi,cash,,
loan ka bike loan emi 37949 rupaye cash se pay kya,37949,emi,cash,,
College fees payment INR 8530,8530,education,card,,
35489 rupye ka medical test charges bill aaya card se pay kiyaa,35489,healthcare,card,,
flight ticket booking ki ticket 35087 rs. me book kiyaa upi se,35087,travel,upi,,
uber ride ki ticket 35940 rupaye me book kiyaa upi se,35940,travel,upi,,
doctor consultation me 27525 rupay kharcha hua upi se diy,27525,healthcare,upi,,
aaj zomato dinner se khana order kya 7966 rs card se diye,7966,food,card,,
Water bill INR 7302,7302,utilities,cash,,
hospital bill me 13522 rupye kharch hua cash se diy,13522,healthcare,cash,,
1407 rupye ka medical test charges bill aaya cash se pay kya,1407,healthcare,cash,,
6106 rupay diy exam fee ke liye upi se,6106,education,upi,,
Stock purchase INR 40007,40007,investment,cash,,
9509 rupay kharcha kia pizza delivery pe cash se,9509,food,cash,,
Swiggy order INR 31440,31440,food,cash,,
12296 rs ka bike loan emi installment cash se diy,12296,emi,cash,,
Clothing store bill INR 22435,22435,shopping,cash,,
41301 rs laga hotel booking me cash se diye,41301,travel,cash,,
stock purchase me 20398 rupaye invest kiyaa upi se,20398,investment,upi,,
loan ka car loan emi 8322 rs. card se pay kiyaa,8322,emi,card,,
movie ticket booking dekha 37469 rupaiye laga cash se die,37469,entertainment,cash,,
game purchase dekha 4239 rupaiye laga card se diy,4239,entertainment,card,,
fixed deposit investment me 15692 rupye invest kia upi se,15692,investment,upi,,
aaj hotel booking liya 42394 rupaye upi se pay kya,42394,travel,upi,,
Fixed deposit investment INR 46421,46421,investment,cash,,
11041 rupye karcha kia concert ticket pe cash se,11041,entertainment,cash,,
online course subscription ki fees 47029 rupay card se bhra,47029,education,card,,
fixed deposit investment ka SIP 8743 rupaye card se bhra,8743,investment,card,,
aaj cafe coffee se khana order kiya 31519 rupye cash se diyee,31519,food,cash,,
crypto investment ka SIP 1681 rs upi se bharra,1681,investment,upi,,
37239 rupay ppf contribution me daale upi se,37239,investment,upi,,
cafe coffee me 28790 rupaiye ka khana khaaya cash se,28790,food,cash,,
hospital bill pe 37349 rupay karcha hui davai pe card se,37349,healthcare,card,,
Lunch at hotel INR 27203,27203,food,cash,,
12738 rupaiye lga hotel booking me cash se diyee,12738,travel,cash,,
loan ka bike loan emi 39680 rupaiye card se pay kiyaa,39680,emi,card,,
4115 rupaye ka order diye flipkart order pe card se,4115,shopping,card,,
17898 rupay kharch kiya movie ticket booking pe upi se,17898,entertainment,upi,,
Mobile recharge INR 14403,14403,utilities,card,,
padhai ke liye college fees payment pe 6028 rupaye kharcha kiya card se,6028,education,card,,
ppf contribution ka SIP 20640 rupay cash se bhara,20640,investment,cash,,
Flight ticket booking INR 26741,26741,travel,cash,,
Online shopping payment INR 37211,37211,shopping,card,,
Online course subscription INR 42836,42836,education,card,,
online shopping payment pe shopping kia 8697 rs khrcha upi se,8697,shopping,upi,,
Online shopping payment INR 7389,7389,shopping,cash,,
Fixed deposit investment INR 7885,7885,investment,card,,
aaj zomato dinner se khana order kya 11245 rupaiye upi se diye,11245,food,upi,,
35118 rupaiye ka order diy electronics shopping pe cash se,35118,shopping,cash,,
game purchase ka subscription 27298 rupaye upi se renew kia,27298,entertainment,upi,,
aaj water bill ka 29161 rupaye ka bill card se bharaa,29161,utilities,card,,
Home loan EMI INR 39993,39993,emi,card,,
38641 rupay ka water bill bill pay kya card se,38641,utilities,card,,
cafe coffee me 24772 rupay ka khana khaya upi se,24772,food,upi,,
Library fee INR 20612,20612,education,cash,,
Doctor consultation INR 45123,45123,healthcare,card,,
train ticket irctc ki ticket 44490 rs me book kya card se,44490,travel,card,,
pharmacy medicine purchase pe 20624 rupye kharch hui davai pe cash se,20624,healthcare,cash,,
48847 rupay lagaa train ticket irctc me cash se diy,48847,travel,cash,,
Mutual fund SIP INR 2414,2414,investment,card,,
credit card emi EMI 45973 rupaye kat gaye cash se,45973,emi,cash,,
Concert ticket INR 27110,27110,entertainment,cash,,
electricity bill payment recharge kia 11572 rupaiye card se,11572,utilities,card,,
Cafe coffee INR 10294,10294,food,card,,
Bus ticket INR 30044,30044,travel,upi,,
430 rupay ka internet recharge bill pay kiyaa upi se,430,utilities,upi,,
hospital bill pe 483 rupay kharch hui davai pe card se,483,healthcare,card,,
Doctor consultation INR 16270,16270,healthcare,card,,
Home loan EMI INR 36404,36404,emi,cash,,
21562 rupaiye ppf contribution me daale card se,21562,investment,card,,
Internet recharge INR 34814,34814,utilities,cash,,
14958 rs. fixed deposit investment me daale upi se,14958,investment,upi,,
Exam fee INR 34081,34081,education,card,,
Movie ticket booking INR 45548,45548,entertainment,card,,
6549 rs khrcha kia game purchase pe card se,6549,entertainment,card,,
27543 rupaiye crypto investment me daale cash se,27543,investment,cash,,
Medical test charges INR 4757,4757,healthcare,upi,,
Movie ticket booking INR 23898,23898,entertainment,cash,,
Bike loan EMI INR 38728,38728,emi,upi,,
46279 rupye ka order diyee online shopping payment pe card se,46279,shopping,card,,
aaj bus ticket lya 34016 rupye card se pay kiya,34016,travel,card,,
game purchase ka ticket 12466 rs me liyaa card se,12466,entertainment,card,,
food court payment ka khana 39317 rs. me aaya upi se die,39317,food,upi,,
28916 rupay diyee library fee ke liye cash se,28916,education,cash,,
internet recharge recharge kiya 48450 rupaye upi se,48450,utilities,upi,,
game purchase dekha 27117 rupaiye laga cash se die,27117,entertainment,cash,,
concert ticket ka subscription 11335 rs card se renew kiya,11335,entertainment,card,,
47381 rs. khrcha kiya netflix subscription pe upi se,47381,entertainment,upi,,
Credit card EMI INR 5211,5211,emi,cash,,
Electricity bill payment INR 15060,15060,utilities,card,,
movie ticket booking ka subscription 49060 rupaiye upi se renew kia,49060,entertainment,upi,,
Netflix subscription INR 15580,15580,entertainment,cash,,
online online shopping payment se 13853 ka saman liyaa cash se pay kiyaa,13853,shopping,cash,,
Car loan EMI INR 9526,9526,emi,upi,,
Netflix subscription INR 46028,46028,entertainment,cash,,
26167 rs. ka order diy amazon purchase pe upi se,26167,shopping,upi,,
lunch at hotel ka khana 38184 rs me aaya card se die,38184,food,card,,
flight ticket booking ki ticket 26596 rupaye me book kiyaa cash se,26596,travel,cash,,
Doctor consultation INR 30307,30307,healthcare,cash,,
Mobile recharge INR 1812,1812,utilities,cash,,
Water bill INR 19502,19502,utilities,card,,
Movie ticket booking INR 24704,24704,entertainment,upi,,
doctor ke yahan 1584 rupaiye laga upi se die,1584,healthcare,upi,,
Electronics shopping INR 31671,31671,shopping,cash,,
7120 rs. ka order diyee clothing store bill pe cash se,7120,shopping,cash,,
flight ticket booking ka kiraya 44005 rupay diyee cash se,44005,travel,cash,,
online course subscription ki fees 4956 rs. card se bharaa,4956,education,card,,
Bike loan EMI INR 28231,28231,emi,upi,,
College fees payment INR 24252,24252,education,cash,,
Movie ticket booking INR 2151,2151,entertainment,cash,,
PPF contribution INR 5960,5960,investment,cash,,
loan ka bike loan emi 36019 rupay card se pay kya,36019,emi,card,,
PPF contribution INR 15679,15679,investment,card,,
personal loan installment ki EMI 3953 rs. cash se bhara,3953,emi,cash,,
Mutual fund SIP INR 29091,29091,investment,cash,,
PPF contribution INR 13154,13154,investment,upi,,
aaj lunch at hotel se khana order kya 30540 rs upi se diyee,30540,food,upi,,
clothing store bill pe shopping kiya 15617 rs kharch card se,15617,shopping,card,,
Food court payment INR 31756,31756,food,upi,,
Stock purchase INR 46230,46230,investment,cash,,
Mobile recharge INR 2193,2193,utilities,card,,
31726 rupaiye ka pharmacy medicine purchase bill aaya cash se pay kia,31726,healthcare,cash,,
Online course subscription INR 49327,49327,education,cash,,
loan ka personal loan installment 14657 rupaiye cash se pay kiyaa,14657,emi,cash,,
food court payment ka khana 46454 rs. me aaya card se diye,46454,food,card,,
Uber ride INR 42286,42286,travel,upi,,
Hospital bill INR 36188,36188,healthcare,card,,
Pharmacy medicine purchase INR 4569,4569,healthcare,cash,,
Electricity bill payment INR 6153,6153,utilities,cash,,
gas bill payment ka bill 1431 rupye upi se bharra,1431,utilities,upi,,
Messy outlier tx bitcoin,0,1234,,,EDA test row
aaj restaurant bill se khana order kya 27348 rupaiye card se diyee,27348,food,card,,
Uber ride INR 40064,40064,travel,upi,,
stock purchase me 18291 rupye invest kiyaa card se,18291,investment,card,,
loan ka bike loan emi 33886 rupaye card se pay kiyaa,33886,emi,card,,
Fixed deposit investment INR 24409,24409,investment,card,,
flipkart order pe shopping kia 5581 rupye khrcha cash se,5581,shopping,cash,,
electronics shopping pe shopping kya 8387 rupay kharcha cash se,8387,shopping,cash,,
loan ka bike loan emi 15301 rs card se pay kia,15301,emi,card,,
23747 rupaiye lgaa flight ticket booking me card se die,23747,travel,card,,
Train ticket IRCTC INR 7876,7876,travel,cash,,
Electricity bill payment INR 12393,12393,utilities,cash,,
Credit card EMI INR 42536,42536,emi,card,,
aaj lunch at hotel se khana order kia 23612 rupye card se diye,23612,food,card,,
hospital bill pe 8207 rupaye kharch hui davai pe upi se,8207,healthcare,upi,,
bus ticket ki ticket 9723 rupay me book kia cash se,9723,travel,cash,,
pharmacy medicine purchase pe 43638 rupay karcha hui davai pe cash se,43638,healthcare,cash,,
Flight ticket booking INR 8408,8408,travel,upi,,
home loan emi EMI 10951 rs. kat gaye upi se,10951,emi,upi,,
netflix subscription dekha 4693 rupye lgaa upi se diy,4693,entertainment,upi,,
aaj stock purchase me 35196 rupay lagaye upi se,35196,investment,upi,,
exam fee ka course 35824 rupaye me lya card se pay kya,35824,education,card,,
College fees payment INR 37662,37662,education,upi,,
Restaurant bill INR 44089,44089,food,upi,,
Clothing store bill INR 29848,29848,shopping,upi,,
45683 rupaye ka pharmacy medicine purchase bill aaya upi se pay kia,45683,healthcare,upi,,
doctor consultation me 10683 rupay khrcha hua card se die,10683,healthcare,card,,
Clothing store bill INR 42547,42547,shopping,cash,,
aaj lunch at hotel se khana order kya 7207 rs. upi se diyee,7207,food,upi,,
1045 rupaiye stock purchase me daale card se,1045,investment,card,,
Gas bill payment INR 8699,8699,utilities,card,,
PPF contribution INR 32492,32492,investment,upi,,
Library fee INR 42683,42683,education,upi,,
loan ka credit card emi 49382 rs. card se pay kia,49382,emi,card,,
Pizza delivery INR 14836,14836,food,card,,
46012 rs. ka water bill bill pay kiyaa card se,46012,utilities,card,,
28733 rs. lgaa flight ticket booking me upi se die,28733,travel,upi,,
personal loan installment ki EMI 43570 rs. card se bharra,43570,emi,card,,
aaj ppf contribution me 33383 rs lagaye card se,33383,investment,card,,
48950 rs. ka order die flipkart order pe cash se,48950,shopping,cash,,
pharmacy medicine purchase pe 3749 rs. kharcha hui davai pe cash se,3749,healthcare,cash,,
Clothing store bill INR 18377,18377,shopping,card,,
internet recharge recharge kiya 48051 rs cash se,48051,utilities,cash,,
online electronics shopping se 9790 ka saman lya upi se pay kiya,9790,shopping,upi,,
15842 rs. karcha kiya game purchase pe card se,15842,entertainment,card,,
restaurant bill me 28939 rupye ka khana khaya cash se,28939,food,cash,,
game purchase ka ticket 18744 rupaiye me liyaa card se,18744,entertainment,card,,
fixed deposit investment ka SIP 2192 rupaiye upi se bharra,2192,investment,upi,,
Swiggy order INR 48787,48787,food,cash,,
crypto investment ka SIP 14301 rupay cash se bharra,14301,investment,cash,,
crypto investment me 27543 rupaye invest kya cash se,27543,investment,cash,,
Lunch at hotel INR 11782,11782,food,cash,,
15607 rs. ka home loan emi installment card se diyee,15607,emi,card,,
water bill ka bill 41771 rupaye upi se bharaa,41771,utilities,upi,,
Uber ride INR 35271,35271,travel,cash,,
Mutual fund SIP INR 45220,45220,investment,upi,,
Online shopping payment INR 47561,47561,shopping,upi,,
flight ticket booking ki ticket 32362 rs me book kiyaa upi se,32362,travel,upi,,
game purchase ka ticket 2788 rupay me lya upi se,2788,entertainment,upi,,
Library fee INR 3093,3093,education,cash,,
movie ticket booking ka subscription 31281 rs. card se renew kia,31281,entertainment,card,,
bike loan emi EMI 39680 rupaiye kat gaye card se,39680,emi,card,,
25881 rupay ka pharmacy medicine purchase bill aaya upi se pay kia,25881,healthcare,upi,,
Cafe coffee INR 25450,25450,food,upi,,
32736 rs. diyee library fee ke liye card se,32736,education,card,,
personal loan installment ki EMI 16273 rupaye cash se bhara,16273,emi,cash,,
train ticket irctc ki ticket 30578 rupaiye me book kiya card se,30578,travel,card,,
"food court payment pe 19278 ka bill tha, upi se pay kiyaa",19278,food,upi,,
train ticket irctc ki ticket 38765 rs. me book kia card se,38765,travel,card,,
game purchase ka subscription 34708 rupye cash se renew kiyaa,34708,entertainment,cash,,
concert ticket dekha 31374 rupaye lgaa card se diyee,31374,entertainment,card,,
Train ticket IRCTC INR 28930,28930,travel,upi,,
Library fee INR 24580,24580,education,upi,,
pharmacy medicine purchase me 25892 rupye kharch hua cash se diyee,25892,healthcare,cash,,
library fee ki fees 26073 rupye card se bhra,26073,education,card,,
credit card emi ki EMI 23158 rupaye upi se bhara,23158,emi,upi,,
Gas bill payment INR 6749,6749,utilities,upi,,
45076 rs. ka car loan emi installment card se diy,45076,emi,card,,
Food court payment INR 2044,2044,food,upi,,
25116 rupaiye ka pharmacy medicine purchase bill aaya cash se pay kiya,25116,healthcare,cash,,
padhai ke liye online course subscription pe 24156 rupaiye kharcha kia upi se,24156,education,upi,,
Flipkart order INR 32900,32900,shopping,cash,,
Mutual fund SIP INR 42033,42033,investment,card,,
Doctor consultation INR 2452,2452,healthcare,card,,
game purchase ka subscription 35357 rupaiye upi se renew kiyaa,35357,entertainment,upi,,
clothing store bill pe shopping kya 25400 rupaye khrcha cash se,25400,shopping,cash,,
padhai ke liye library fee pe 11688 rupay karcha kia upi se,11688,education,upi,,
online electronics shopping se 28722 ka saman lia upi se pay kya,28722,shopping,upi,,
Concert ticket INR 3386,3386,entertainment,card,,
Clothing store bill INR 30284,30284,shopping,upi,,
gas bill payment ka bill 5078 rupye cash se bhra,5078,utilities,cash,,
Clothing store bill INR 39433,39433,shopping,upi,,
college fees payment ka course 11059 rupaiye me lya card se pay kya,11059,education,card,,
College fees payment INR 40515,40515,education,cash,,
College fees payment INR 35772,35772,education,cash,,
Library fee INR 8844,8844,education,cash,,
46815 rupaiye kharcha kiya movie ticket booking pe upi se,46815,entertainment,upi,,
Fixed deposit investment INR 10951,10951,investment,cash,,
Home loan EMI INR 39290,39290,emi,cash,,
college fees payment ki fees 47409 rupye card se bhra,47409,education,card,,
swiggy order me 1295 rupaiye ka khana khaya card se,1295,food,card,,
library fee ki fees 35070 rupye card se bharaa,35070,education,card,,
online flipkart order se 13539 ka saman liya card se pay kiya,13539,shopping,card,,
Lunch at hotel INR 31657,31657,food,card,,
28788 rs khrcha kiya netflix subscription pe cash se,28788,entertainment,cash,,
38641 rupaiye stock purchase me daale card se,38641,investment,card,,
concert ticket ka ticket 6638 rupay me liyaa upi se,6638,entertainment,upi,,
33432 rupay ka bike loan emi installment cash se diyee,33432,emi,cash,,
electricity bill payment recharge kiyaa 10556 rupaye upi se,10556,utilities,upi,,
PPF contribution INR 6900,6900,investment,upi,,
medical test charges me 36552 rupaye kharchaa hua cash se diy,36552,healthcare,cash,,
mutual fund sip me 17752 rs invest kia cash se,17752,investment,cash,,
padhai ke liye college fees payment pe 19799 rupye kharch kia upi se,19799,education,upi,,
27726 rs. ka electricity bill payment bill pay kiya card se,27726,utilities,card,,
Crypto investment INR 37952,37952,investment,cash,,
flipkart order se 47294 rupye ka shopping kya upi se,47294,shopping,upi,,
zomato dinner ka khana 12503 rupaiye me aaya upi se diy,12503,food,upi,,
Bike loan EMI INR 7937,7937,emi,upi,,
cafe coffee me 44976 rs. ka khana khaya upi se,44976,food,upi,,
hotel booking ka kiraya 840 rupye die upi se,840,travel,upi,,
Concert ticket INR 8574,8574,entertainment,cash,,
online course subscription ki fees 29314 rupay upi se bharaa,29314,education,upi,,
46590 rupay ka gas bill payment bill pay kiyaa card se,46590,utilities,card,,
Electronics shopping INR 7526,7526,shopping,upi,,
mobile recharge ka bill 38108 rupay card se bharaa,38108,utilities,card,,
Bus ticket INR 36719,36719,travel,upi,,
water bill ka bill 9222 rupye upi se bhara,9222,utilities,upi,,
cafe coffee me 25210 rupye ka khana khaya upi se,25210,food,upi,,
Library fee INR 48058,48058,education,card,,
45076 rupye ka order diy amazon purchase pe card se,45076,shopping,card,,
aaj crypto investment me 7492 rupay lagaye cash se,7492,investment,cash,,
580 rupaiye ka pharmacy medicine purchase bill aaya card se pay kya,580,healthcare,card,,
6601 rs. khrcha kia zomato dinner pe card se,6601,food,card,,
17523 rupay kharcha kiyaa game purchase pe card se,17523,entertainment,card,,
aaj fixed deposit investment me 26018 rs lagaye card se,26018,investment,card,,
online shopping payment se 23280 rs ka shopping kia upi se,23280,shopping,upi,,
4711 rupay ka electricity bill payment bill pay kiyaa card se,4711,utilities,card,,
8662 rs. ka medical test charges bill aaya cash se pay kiya,8662,healthcare,cash,,
48755 rupay mutual fund sip me daale upi se,48755,investment,upi,,
32346 rupye laga train ticket irctc me upi se diy,32346,travel,upi,,
Concert ticket INR 46603,46603,entertainment,card,,
College fees payment INR 9211,9211,education,cash,,
home loan emi ki EMI 9407 rupay card se bharaa,9407,emi,card,,
cafe coffee me 3402 rupay ka khana khaya upi se,3402,food,upi,,
movie ticket booking ka ticket 47140 rupye me lia cash se,47140,entertainment,cash,,
Train ticket IRCTC INR 12799,12799,travel,upi,,
aaj stock purchase me 46904 rs. lagaye upi se,46904,investment,upi,,
47810 rupye ka order diy online shopping payment pe card se,47810,shopping,card,,
game purchase dekha 5977 rupay lgaa card se die,5977,entertainment,card,,
!@#$%^&*(),"1,000",unknown,,Delhi,
hospital bill pe 48021 rupaye khrcha hui davai pe card se,48021,healthcare,card,,
aaj mutual fund sip me 13893 rupye lagaye cash se,13893,investment,cash,,
Flight ticket booking INR 36780,36780,travel,cash,,
29615 rupaye laga ola cab me card se diy,29615,travel,card,,
game purchase ka subscription 24777 rupaye card se renew kiyaa,24777,entertainment,card,,
Exam fee INR 31262,31262,education,card,,
43316 rupye lagaa uber ride me card se diye,43316,travel,card,,
food court payment ka khana 10105 rs. me aaya upi se diyee,10105,food,upi,,
pizza delivery me 21602 rupye ka khana khaaya cash se,21602,food,cash,,
Stock purchase INR 19902,19902,investment,cash,,
Gas bill payment INR 38818,38818,utilities,cash,,
13882 rupye kharch kya swiggy order pe card se,13882,food,card,,
Zomato dinner INR 1023,1023,food,upi,,
aaj internet recharge ka 40058 rs. ka bill upi se bharaa,40058,utilities,upi,,
3826 rupye ka credit card emi installment cash se diy,3826,emi,cash,,
19440 rupaiye ka mobile recharge bill pay kiya card se,19440,utilities,card,,
Online course subscription INR 44255,44255,education,cash,,
exam fee ka course 45802 rupye me liya cash se pay kya,45802,education,cash,,
aaj electricity bill payment ka 22813 rupaye ka bill upi se bharra,22813,utilities,upi,,
aaj mutual fund sip me 22433 rupaiye lagaye cash se,22433,investment,cash,,
swiggy order me 44036 rs ka khana khaya upi se,44036,food,upi,,
Swiggy order INR 24782,24782,food,card,,
stock purchase me 9677 rupay invest kiya upi se,9677,investment,upi,,
,99999999,unknown,paypal,,
Hospital bill INR 2700,2700,healthcare,cash,,
Library fee INR 17036,17036,education,upi,,
10870 rupaye mutual fund sip me daale cash se,10870,investment,cash,,
Credit card EMI INR 29291,29291,emi,card,,
Uber ride INR 22900,22900,travel,cash,,
Credit card EMI INR 22348,22348,emi,upi,,
Amazon purchase INR 12046,12046,shopping,card,,
padhai ke liye online course subscription pe 11991 rupaiye khrcha kiyaa card se,11991,education,card,,
fixed deposit investment me 11736 rupaiye invest kya upi se,11736,investment,upi,,
ppf contribution ka SIP 11870 rupaiye cash se bharaa,11870,investment,cash,,
Mobile recharge INR 25140,25140,utilities,cash,,
20585 rupay lagaa uber ride me upi se die,20585,travel,upi,,
Exam fee INR 47450,47450,education,upi,,
amazon purchase se 33923 rs ka shopping kiyaa card se,33923,shopping,card,,
19136 rs diye library fee ke liye upi se,19136,education,upi,,
pizza delivery me 22821 rupye ka khana khya card se,22821,food,card,,
Electricity bill payment INR 21656,21656,utilities,cash,,
Zomato dinner INR 44905,44905,food,card,,
7112 rupaiye fixed deposit investment me daale cash se,7112,investment,cash,,
Internet recharge INR 30277,30277,utilities,upi,,
10672 rupay ka home loan emi installment card se die,10672,emi,card,,
Mutual fund SIP INR 41866,41866,investment,cash,,
Pizza delivery INR 48008,48008,food,card,,
aaj bus ticket liya 46686 rupay cash se pay kiyaa,46686,travel,cash,,
car loan emi EMI 21693 rs. kat gaye card se,21693,emi,card,,
uber ride ki ticket 48519 rupaiye me book kiyaa upi se,48519,travel,upi,,
Concert ticket INR 22010,22010,entertainment,upi,,
Water bill INR 38019,38019,utilities,cash,,
stock purchase me 37050 rupaye invest kya upi se,37050,investment,upi,,
amazon purchase pe shopping kiya 28455 rupye karcha cash se,28455,shopping,cash,,
Flipkart order INR 43718,43718,shopping,upi,,
mobile recharge recharge kia 1812 rupye cash se,1812,utilities,cash,,
internet recharge ka bill 47570 rupay cash se bharra,47570,utilities,cash,,
Electricity bill payment INR 18704,18704,utilities,card,,
Pizza delivery INR 39459,39459,food,upi,,
electricity bill payment recharge kia 4462 rs upi se,4462,utilities,upi,,
Stock purchase INR 3376,3376,investment,upi,,
online amazon purchase se 27721 ka saman lia cash se pay kya,27721,shopping,cash,,
Car loan EMI INR 8677,8677,emi,upi,,
bike loan emi EMI 27275 rupye kat gaye upi se,27275,emi,upi,,
food court payment me 48298 rupaye ka khana khaya cash se,48298,food,cash,,
Crypto investment INR 17695,17695,investment,cash,,
mobile recharge recharge kya 38956 rs. upi se,38956,utilities,upi,,
medical test charges me 35023 rs. kharch hua card se diye,35023,healthcare,card,,
Hospital bill INR 40591,40591,healthcare,cash,,
Doctor consultation INR 30012,30012,healthcare,cash,,
Movie ticket booking INR 9395,9395,entertainment,upi,,
bus ticket ka kiraya 133 rupay diye upi se,133,travel,upi,,
Netflix subscription INR 17059,17059,entertainment,cash,,
Stock purchase INR 18291,18291,investment,card,,
Gas bill payment INR 14373,14373,utilities,card,,
"restaurant bill pe 24805 ka bill tha, card se pay kiyaa",24805,food,card,,
Cafe coffee INR 42960,42960,food,card,,
padhai ke liye online course subscription pe 3423 rupaiye kharch kiyaa upi se,3423,education,upi,,
aaj ppf contribution me 25285 rupye lagaye card se,25285,investment,card,,
clothing store bill pe shopping kia 3802 rupaye khrcha card se,3802,shopping,card,,
padhai ke liye college fees payment pe 38858 rs. karcha kia card se,38858,education,card,,
Fixed deposit investment INR 8551,8551,investment,card,,
loan ka home loan emi 10951 rupay upi se pay kia,10951,emi,upi,,
36190 rupaiye kharchaa kiyaa game purchase pe cash se,36190,entertainment,cash,,
Credit card EMI INR 45012,45012,emi,card,,
doctor ke yahan 27400 rupaye lga upi se die,27400,healthcare,upi,,
Car loan EMI INR 18042,18042,emi,cash,,
Electricity bill payment INR 3336,3336,utilities,upi,,
Fixed deposit investment INR 37584,37584,investment,cash,,
doctor ke yahan 42352 rupaiye lga upi se die,42352,healthcare,upi,,
water bill recharge kia 39696 rupye card se,39696,utilities,card,,
Online shopping payment INR 39959,39959,shopping,cash,,
clothing store bill se 45382 rupaiye ka shopping kiyaa cash se,45382,shopping,cash,,
Online shopping payment INR 20823,20823,shopping,upi,,
Internet recharge INR 7480,7480,utilities,card,,
game purchase ka subscription 14362 rupye card se renew kia,14362,entertainment,card,,
7587 rs. fixed deposit investment me daale card se,7587,investment,card,,
college fees payment ki fees 16548 rupaiye upi se bhra,16548,education,upi,,
personal loan installment EMI 37110 rupay kat gaye cash se,37110,emi,cash,,
online electronics shopping se 1568 ka saman liya upi se pay kia,1568,shopping,upi,,
internet recharge recharge kia 26265 rupaye card se,26265,utilities,card,,
Netflix subscription INR 20723,20723,entertainment,cash,,
12715 rupay ka car loan emi installment card se diy,12715,emi,card,,
Doctor consultation INR 10683,10683,healthcare,card,,
Crypto investment INR 46867,46867,investment,upi,,
Crypto investment INR 9120,9120,investment,card,,
gas bill payment recharge kya 29522 rupye card se,29522,utilities,card,,
Mutual fund SIP INR 8431,8431,investment,upi,,
24813 rs. ka order diyee amazon purchase pe upi se,24813,shopping,upi,,
Internet recharge INR 7962,7962,utilities,cash,,
Messy outlier tx bitcoin,NULL,,ccard,,
Credit card EMI INR 47436,47436,emi,cash,,
21042 rs ka order diy flipkart order pe card se,21042,shopping,card,,
exam fee ka course 810 rupaiye me lia card se pay kia,810,education,card,,
Gas bill payment INR 43363,43363,utilities,cash,,
hotel booking ka kiraya 19334 rupaiye diy card se,19334,travel,card,,
exam fee ki fees 13362 rupay upi se bharra,13362,education,upi,,
exam fee ki fees 32215 rupaye upi se bhara,32215,education,upi,,
"food court payment pe 23172 ka bill tha, upi se pay kiya",23172,food,upi,,
medical test charges pe 17261 rupay kharchaa hui davai pe card se,17261,healthcare,card,,
credit card emi ki EMI 10233 rupay card se bharaa,10233,emi,card,,
restaurant bill ka khana 14591 rupay me aaya cash se diyee,14591,food,cash,,
online clothing store bill se 24204 ka saman lya upi se pay kya,24204,shopping,upi,,
Hotel booking INR 30916,30916,travel,cash,,
Electricity bill payment INR 11572,11572,utilities,card,,
1986 rupye crypto investment me daale upi se,1986,investment,upi,,
loan ka bike loan emi 3311 rupye upi se pay kya,3311,emi,upi,,
library fee ki fees 6490 rs. upi se bharra,6490,education,upi,,
padhai ke liye exam fee pe 47436 rupaiye kharcha kiyaa card se,47436,education,card,,
Electronics shopping INR 9760,9760,shopping,upi,,
Hospital bill INR 18224,18224,healthcare,cash,,
Crypto investment INR 2891,2891,investment,cash,,
Online shopping payment INR 22158,22158,shopping,card,,
concert ticket ka subscription 27731 rupaiye upi se renew kya,27731,entertainment,upi,,
loan ka home loan emi 8734 rupye cash se pay kia,8734,emi,cash,,
game purchase ka ticket 30374 rupaye me lya upi se,30374,entertainment,upi,,
Fixed deposit investment INR 8743,8743,investment,card,,
food court payment me 10096 rs. ka khana khaya card se,10096,food,card,,
amazon purchase se 46631 rupay ka shopping kiya card se,46631,shopping,card,,
Messy outlier tx ,"1,000",,csh,,
25148 rupaiye diyee exam fee ke liye cash se,25148,education,cash,,
Hospital bill INR 35447,35447,healthcare,card,,
pharmacy medicine purchase pe 25116 rupaiye kharch hui davai pe cash se,25116,healthcare,cash,,
14131 rs karcha kiyaa concert ticket pe cash se,14131,entertainment,cash,,
Bus ticket INR 29509,29509,travel,cash,,
movie ticket booking ka subscription 19981 rs. upi se renew kia,19981,entertainment,upi,,
Bus ticket INR 46705,46705,travel,card,,
uber ride ka kiraya 32646 rupye die cash se,32646,travel,cash,,
aaj bus ticket lia 24123 rs. card se pay kiyaa,24123,travel,card,,
credit card emi EMI 8402 rupaiye kat gaye upi se,8402,emi,upi,,
concert ticket dekha 2499 rupye laga upi se diy,2499,entertainment,upi,,
mutual fund sip ka SIP 35670 rupaiye card se bhara,35670,investment,card,,
24770 rs kharcha kiyaa netflix subscription pe card se,24770,entertainment,card,,
Gas bill payment INR 5505,5505,utilities,card,,
Fixed deposit investment INR 13926,13926,investment,upi,,
Bus ticket INR 7272,7272,travel,upi,,
aaj zomato dinner se khana order kiyaa 31298 rupaye upi se diye,31298,food,upi,,
Movie ticket booking INR 21741,21741,entertainment,card,,
Personal loan installment INR 41632,41632,emi,upi,,
aaj electricity bill payment ka 14659 rupye ka bill upi se bhara,14659,utilities,upi,,
Credit card EMI INR 34060,34060,emi,card,,
food court payment me 2160 rs ka khana khya cash se,2160,food,cash,,
College fees payment INR 41032,41032,education,card,,
padhai ke liye college fees payment pe 45004 rupaye kharchaa kia card se,45004,education,card,,
Swiggy order INR 4981,4981,food,card,,
Netflix subscription INR 47315,47315,entertainment,card,,
21664 rupay laga ola cab me cash se diy,21664,travel,cash,,
"pizza delivery pe 25303 ka bill tha, cash se pay kia",25303,food,cash,,
aaj electricity bill payment ka 33783 rupye ka bill upi se bharaa,33783,utilities,upi,,
Game purchase INR 7424,7424,entertainment,upi,,
Concert ticket INR 36532,36532,entertainment,cash,,
aaj gas bill payment ka 27177 rupaiye ka bill card se bhara,27177,utilities,card,,
Concert ticket INR 4018,4018,entertainment,upi,,
movie ticket booking ka ticket 49060 rs me lya upi se,49060,entertainment,upi,,
"zomato dinner pe 7384 ka bill tha, cash se pay kiyaa",7384,food,cash,,
padhai ke liye online course subscription pe 4425 rupaiye kharch kya card se,4425,education,card,,
Concert ticket INR 879,879,entertainment,upi,,
Crypto investment INR 41882,41882,investment,card,,
Home loan EMI INR 41887,41887,emi,cash,,
"swiggy order pe 48787 ka bill tha, cash se pay kia",48787,food,cash,,
Restaurant bill INR 19911,19911,food,upi,,
9677 rs. stock purchase me daale upi se,9677,investment,upi,,
electronics shopping pe shopping kya 36890 rupaye kharch card se,36890,shopping,card,,
hotel booking ka kiraya 42220 rs diy upi se,42220,travel,upi,,
internet recharge recharge kiya 33153 rupay card se,33153,utilities,card,,
Restaurant bill INR 17395,17395,food,card,,
Online course subscription INR 5731,5731,education,cash,,
Internet recharge INR 2270,2270,utilities,card,,
library fee ka course 1080 rupaiye me liyaa cash se pay kiyaa,1080,education,cash,,
aaj water bill ka 1942 rupay ka bill upi se bharra,1942,utilities,upi,,
pizza delivery me 35842 rupaiye ka khana khaaya cash se,35842,food,cash,,
Amazon purchase INR 7778,7778,shopping,upi,,
PPF contribution INR 1690,1690,investment,upi,,
College fees payment INR 25534,25534,education,upi,,
Medical test charges INR 34510,34510,healthcare,upi,,
aaj stock purchase me 35400 rs lagaye upi se,35400,investment,upi,,
internet recharge ka bill 26621 rs cash se bharra,26621,utilities,cash,,
6992 rs. die college fees payment ke liye card se,6992,education,card,,
hotel booking ki ticket 21920 rs me book kiya upi se,21920,travel,upi,,
electricity bill payment recharge kiyaa 37023 rupay card se,37023,utilities,card,,
Online shopping payment INR 25227,25227,shopping,card,,
Clothing store bill INR 16889,16889,shopping,upi,,
Doctor consultation INR 39744,39744,healthcare,card,,
Messy outlier tx unknown,NaN,unknown,paypal,,
doctor ke yahan 1732 rupye laga upi se diyee,1732,healthcare,upi,,
aaj ppf contribution me 38860 rupaiye lagaye card se,38860,investment,card,,
26436 rs laga uber ride me upi se diyee,26436,travel,upi,,
Water bill INR 48547,48547,utilities,upi,,
stock purchase me 9468 rupaye invest kia upi se,9468,investment,upi,,
electricity bill payment ka bill 7322 rupaye cash se bharra,7322,utilities,cash,,
Exam fee INR 7829,7829,education,card,,
library fee ka course 35955 rs. me liya upi se pay kiyaa,35955,education,upi,,
stock purchase me 17495 rupye invest kia card se,17495,investment,card,,
aaj crypto investment me 18636 rupaye lagaye card se,18636,investment,card,,
Flipkart order INR 32259,32259,shopping,upi,,
loan ka credit card emi 26305 rupaye upi se pay kya,26305,emi,upi,,
padhai ke liye college fees payment pe 22557 rupaye khrcha kiyaa upi se,22557,education,upi,,
college fees payment ki fees 25123 rupaye card se bharaa,25123,education,card,,
College fees payment INR 6992,6992,education,card,,
doctor ke yahan 25798 rupay lagaa card se diy,25798,healthcare,card,,
college fees payment ka course 8322 rs me lya card se pay kiya,8322,education,card,,
"zomato dinner pe 12682 ka bill tha, upi se pay kiya",12682,food,upi,,
25920 rs kharchaa kiyaa game purchase pe upi se,25920,entertainment,upi,,
internet recharge ka bill 36022 rs. card se bhra,36022,utilities,card,,
uber ride ka kiraya 37677 rupye diyee cash se,37677,travel,cash,,
aaj hotel booking liya 30104 rupaiye upi se pay kya,30104,travel,upi,,
medical test charges me 17864 rupay kharchaa hua upi se diy,17864,healthcare,upi,,
Clothing store bill INR 12317,12317,shopping,cash,,
pizza delivery ka khana 31890 rs. me aaya card se die,31890,food,card,,
32951 rs ka electricity bill payment bill pay kiyaa upi se,32951,utilities,upi,,
Crypto investment INR 1443,1443,investment,card,,
Mutual fund SIP INR 38029,38029,investment,cash,,
internet recharge recharge kiya 24259 rupay upi se,24259,utilities,upi,,
Cafe coffee INR 46312,46312,food,card,,
online shopping payment pe shopping kiya 8391 rs. kharcha card se,8391,shopping,card,,
Lunch at hotel INR 19676,19676,food,card,,
Library fee INR 19137,19137,education,cash,,
45379 rupaiye ka bike loan emi installment card se diyee,45379,emi,card,,
"zomato dinner pe 7550 ka bill tha, upi se pay kiyaa",7550,food,upi,,
Clothing store bill INR 3165,3165,shopping,upi,,
aaj restaurant bill se khana order kya 23891 rs upi se diy,23891,food,upi,,
Clothing store bill INR 16752,16752,shopping,cash,,
stock purchase ka SIP 20398 rupye upi se bharaa,20398,investment,upi,,
Doctor consultation INR 46799,46799,healthcare,cash,,
padhai ke liye online course subscription pe 4185 rs kharchaa kiya cash se,4185,education,cash,,
5607 rs. lgaa flight ticket booking me cash se diy,5607,travel,cash,,
Concert ticket INR 4826,4826,entertainment,cash,,
personal loan installment EMI 43963 rupaye kat gaye cash se,43963,emi,cash,,
6339 rupaiye ka order diy flipkart order pe upi se,6339,shopping,upi,,
Home loan EMI INR 17099,17099,emi,card,,
college fees payment ka course 26214 rupaiye me lya upi se pay kia,26214,education,upi,,
Hospital bill INR 25988,25988,healthcare,upi,,
PPF contribution INR 36198,36198,investment,cash,,
Mutual fund SIP INR 32104,32104,investment,cash,,
23080 rs. ka order diy electronics shopping pe upi se,23080,shopping,upi,,
food court payment me 48267 rupye ka khana khaaya cash se,48267,food,cash,,
electricity bill payment ka bill 21912 rs cash se bhara,21912,utilities,cash,,
2934 rs ka car loan emi installment upi se diy,2934,emi,upi,,
loan ka car loan emi 22081 rupaiye card se pay kiya,22081,emi,card,,
aaj bus ticket lia 31284 rupaiye upi se pay kya,31284,travel,upi,,
loan ka bike loan emi 35491 rs. card se pay kia,35491,emi,card,,
online clothing store bill se 32860 ka saman lia card se pay kia,32860,shopping,card,,
College fees payment INR 5655,5655,education,cash,,
bus ticket ki ticket 34011 rupaye me book kya upi se,34011,travel,upi,,
netflix subscription dekha 37523 rupaiye laga card se die,37523,entertainment,card,,
electricity bill payment ka bill 24131 rupye cash se bharra,24131,utilities,cash,,
42331 rs. laga ola cab me card se diy,42331,travel,card,,
food court payment me 38482 rupay ka khana khaaya card se,38482,food,card,,
bike loan emi EMI 16845 rs. kat gaye upi se,16845,emi,upi,,
hospital bill pe 15822 rs khrcha hui davai pe upi se,15822,healthcare,upi,,
18573 rupaiye khrcha kiya game purchase pe card se,18573,entertainment,card,,
Mutual fund SIP INR 1555,1555,investment,card,,
credit card emi EMI 8414 rupaye kat gaye card se,8414,emi,card,,
hotel booking ki ticket 33470 rupaiye me book kia card se,33470,travel,card,,
water bill ka bill 24489 rupaiye cash se bharaa,24489,utilities,cash,,
Netflix subscription INR 28788,28788,entertainment,cash,,
35663 rupaye ka pharmacy medicine purchase bill aaya upi se pay kia,35663,healthcare,upi,,
electricity bill payment recharge kiya 40994 rupay upi se,40994,utilities,upi,,
Online course subscription INR 17409,17409,education,cash,,
college fees payment ki fees 12285 rupay cash se bharra,12285,education,cash,,
home loan emi ki EMI 26067 rupaiye upi se bhra,26067,emi,upi,,
aaj fixed deposit investment me 48800 rupaye lagaye upi se,48800,investment,upi,,
Medical test charges INR 17261,17261,healthcare,card,,
Hotel booking INR 39521,39521,travel,cash,,
Exam fee INR 15131,15131,education,upi,,
Online course subscription INR 27698,27698,education,upi,,
10444 rs. ka order diye clothing store bill pe cash se,10444,shopping,cash,,
Restaurant bill INR 13261,13261,food,card,,
Netflix subscription INR 6861,6861,entertainment,card,,
Mobile recharge INR 9771,9771,utilities,card,,
water bill ka bill 7267 rupaiye cash se bhra,7267,utilities,cash,,
doctor ke yahan 38882 rs. lga card se diye,38882,healthcare,card,,
16477 rupye stock purchase me daale card se,16477,investment,card,,
movie ticket booking dekha 10089 rupye lgaa card se die,10089,entertainment,card,,
home loan emi ki EMI 39266 rupye upi se bharra,39266,emi,upi,,
Movie ticket booking INR 32741,32741,entertainment,cash,,
Personal loan installment INR 5391,5391,emi,upi,,
Credit card EMI INR 32039,32039,emi,cash,,
Mobile recharge INR 42774,42774,utilities,cash,,
pharmacy medicine purchase me 38564 rs. khrcha hua upi se diyee,38564,healthcare,upi,,
Messy outlier tx paypal,99999999,misc,unknown,,
8401 rupaiye ka home loan emi installment cash se diye,8401,emi,cash,,
doctor consultation pe 13735 rupay kharcha hui davai pe cash se,13735,healthcare,cash,,
swiggy order me 6575 rs ka khana khaaya upi se,6575,food,upi,,
online clothing store bill se 37584 ka saman lia card se pay kya,37584,shopping,card,,
"cafe coffee pe 18686 ka bill tha, cash se pay kiya",18686,food,cash,,
internet recharge recharge kiya 11822 rs cash se,11822,utilities,cash,,
gas bill payment ka bill 8699 rupaiye card se bharra,8699,utilities,card,,
Messy outlier tx UPIID123,five hundred,misc,123,,EDA test row
Clothing store bill INR 15482,15482,shopping,upi,,
cafe coffee ka khana 21822 rupaiye me aaya card se diy,21822,food,card,,
Electronics shopping INR 30887,30887,shopping,upi,,
doctor consultation me 41383 rs. kharch hua card se diy,41383,healthcare,card,,
internet recharge ka bill 24259 rs. upi se bhra,24259,utilities,upi,,
ppf contribution ka SIP 22388 rupye cash se bhara,22388,investment,cash,,
clothing store bill pe shopping kya 42229 rupay kharchaa cash se,42229,shopping,cash,,
Doctor consultation INR 6231,6231,healthcare,card,,
Electricity bill payment INR 28973,28973,utilities,card,,
lunch at hotel ka khana 48079 rs me aaya upi se diyee,48079,food,upi,,
Uber ride INR 40875,40875,travel,card,,
Zomato dinner INR 3302,3302,food,cash,,
electronics shopping pe shopping kiyaa 41710 rupaye kharcha cash se,41710,shopping,cash,,
gas bill payment ka bill 15717 rs. upi se bhara,15717,utilities,upi,,
Doctor consultation INR 40388,40388,healthcare,card,,
personal loan installment ki EMI 25772 rupye card se bhra,25772,emi,card,,
49330 rupaiye laga hotel booking me cash se die,49330,travel,cash,,
Uber ride INR 10808,10808,travel,cash,,
47469 rupaiye kharch kiya netflix subscription pe cash se,47469,entertainment,cash,,
Mobile recharge INR 19686,19686,utilities,cash,,
Library fee INR 31616,31616,education,upi,,
bus ticket ki ticket 34218 rupay me book kia upi se,34218,travel,upi,,
online electronics shopping se 13531 ka saman liya upi se pay kiya,13531,shopping,upi,,
Movie ticket booking INR 41858,41858,entertainment,upi,,
fixed deposit investment ka SIP 28612 rupay cash se bhra,28612,investment,cash,,
Movie ticket booking INR 36127,36127,entertainment,cash,,
36204 rupaye ka order diye electronics shopping pe upi se,36204,shopping,upi,,
gas bill payment recharge kia 43363 rupay cash se,43363,utilities,cash,,
Personal loan installment INR 19784,19784,emi,upi,,
hospital bill pe 6312 rupaye khrcha hui davai pe upi se,6312,healthcare,upi,,
Restaurant bill INR 4687,4687,food,cash,,
Online course subscription INR 24980,24980,education,card,,
Credit card EMI INR 1521,1521,emi,cash,,
Fixed deposit investment INR 28043,28043,investment,upi,,
Water bill INR 29992,29992,utilities,card,,
library fee ki fees 10885 rs cash se bhra,10885,education,cash,,
Credit card EMI INR 23284,23284,emi,cash,,
aaj swiggy order se khana order kya 38746 rs. cash se diy,38746,food,cash,,
Ola cab INR 49208,49208,travel,card,,
29160 rupaiye laga train ticket irctc me upi se diyee,29160,travel,upi,,
10558 rupay ka bike loan emi installment upi se diyee,10558,emi,upi,,
Stock purchase INR 39900,39900,investment,card,,
doctor ke yahan 37222 rupay lagaa card se diy,37222,healthcare,card,,
internet recharge recharge kia 5376 rupye card se,5376,utilities,card,,
ppf contribution ka SIP 37395 rupaye card se bhara,37395,investment,card,,
ola cab ka kiraya 33092 rupaye die cash se,33092,travel,cash,,
online amazon purchase se 4922 ka saman liyaa upi se pay kiyaa,4922,shopping,upi,,
credit card emi ki EMI 47436 rupye cash se bharra,47436,emi,cash,,
Crypto investment INR 30064,30064,investment,card,,
PPF contribution INR 45386,45386,investment,cash,,
42619 rs ka pharmacy medicine purchase bill aaya card se pay kiya,42619,healthcare,card,,
internet recharge recharge kia 19321 rs upi se,19321,utilities,upi,,
internet recharge ka bill 7962 rupay cash se bharra,7962,utilities,cash,,
doctor ke yahan 23773 rupye lagaa upi se diye,23773,healthcare,upi,,
exam fee ki fees 24447 rupaiye upi se bharra,24447,education,upi,,
Crypto investment INR 25553,25553,investment,cash,,
Mutual fund SIP INR 35670,35670,investment,card,,
5508 rs. ka hospital bill bill aaya upi se pay kiyaa,5508,healthcare,upi,,
Pizza delivery INR 42676,42676,food,upi,,
electricity bill payment recharge kia 41585 rs. card se,41585,utilities,card,,
33981 rupay ka order die flipkart order pe upi se,33981,shopping,upi,,
Flipkart order INR 18332,18332,shopping,cash,,
amazon purchase pe shopping kia 41075 rupaye khrcha card se,41075,shopping,card,,
fixed deposit investment me 13926 rupay invest kiya upi se,13926,investment,upi,,
Water bill INR 3417,3417,utilities,cash,,
crypto investment me 23292 rupye invest kiya card se,23292,investment,card,,
Game purchase INR 48130,48130,entertainment,cash,,
Electricity bill payment INR 36575,36575,utilities,cash,,
restaurant bill me 13817 rs ka khana khaya cash se,13817,food,cash,,
netflix subscription ka subscription 43430 rupaiye card se renew kiyaa,43430,entertainment,card,,
Library fee INR 23766,23766,education,upi,,
loan ka bike loan emi 7023 rupaye card se pay kiyaa,7023,emi,card,,
padhai ke liye exam fee pe 45802 rupaiye kharchaa kya cash se,45802,education,cash,,
10937 rs lga bus ticket me upi se die,10937,travel,upi,,
28930 rupaiye lagaa train ticket irctc me upi se diy,28930,travel,upi,,
Online shopping payment INR 20414,20414,shopping,upi,,
zomato dinner ka khana 39620 rupaiye me aaya card se diye,39620,food,card,,
PPF contribution INR 45583,45583,investment,cash,,
pizza delivery ka khana 22508 rupay me aaya upi se diye,22508,food,upi,,
Exam fee INR 39658,39658,education,cash,,
cafe coffee ka khana 5185 rs me aaya cash se die,5185,food,cash,,
Gas bill payment INR 25676,25676,utilities,cash,,
exam fee ka course 49851 rupay me lya card se pay kia,49851,education,card,,
ppf contribution me 5904 rupye invest kya upi se,5904,investment,upi,,
Gas bill payment INR 43967,43967,utilities,card,,
"zomato dinner pe 41858 ka bill tha, card se pay kya",41858,food,card,,
Swiggy order INR 1295,1295,food,card,,
concert ticket ka ticket 40207 rs. me liyaa card se,40207,entertainment,card,,
Game purchase INR 45785,45785,entertainment,cash,,
train ticket irctc ki ticket 33069 rupaye me book kiya card se,33069,travel,card,,
online electronics shopping se 49391 ka saman lya cash se pay kya,49391,shopping,cash,,
Flipkart order INR 30635,30635,shopping,card,,
Electronics shopping INR 11839,11839,shopping,upi,,
Netflix subscription INR 30862,30862,entertainment,cash,,
exam fee ka course 6376 rupaye me lya card se pay kia,6376,education,card,,
Online course subscription INR 22321,22321,education,card,,
Home loan EMI INR 10123,10123,emi,upi,,
uber ride ka kiraya 32669 rs die cash se,32669,travel,cash,,
Hotel booking INR 22125,22125,travel,cash,,
loan ka home loan emi 39993 rs. card se pay kiyaa,39993,emi,card,,
Car loan EMI INR 11326,11326,emi,cash,,
Movie ticket booking INR 16561,16561,entertainment,card,,
Netflix subscription INR 25649,25649,entertainment,upi,,
4054 rupaiye ka electricity bill payment bill pay kiya card se,4054,utilities,card,,
Messy outlier tx ccard,,,UPIID123,,
32193 rs ka doctor consultation bill aaya upi se pay kiya,32193,healthcare,upi,,
aaj internet recharge ka 11822 rupaiye ka bill cash se bharaa,11822,utilities,cash,,
Online course subscription INR 15985,15985,education,upi,,
29091 rupay mutual fund sip me daale cash se,29091,investment,cash,,
Bus ticket INR 41579,41579,travel,upi,,
Bike loan EMI INR 18952,18952,emi,upi,,
Pharmacy medicine purchase INR 40248,40248,healthcare,card,,
credit card emi ki EMI 34106 rupaye upi se bhara,34106,emi,upi,,
doctor consultation me 43780 rs. karcha hua upi se diye,43780,healthcare,upi,,
train ticket irctc ka kiraya 33174 rupay diyee upi se,33174,travel,upi,,
Movie ticket booking INR 31107,31107,entertainment,cash,,
Internet recharge INR 38643,38643,utilities,upi,,
17773 rs ka order diy flipkart order pe cash se,17773,shopping,cash,,
Flight ticket booking INR 13828,13828,travel,cash,,
30966 rupay diyee library fee ke liye cash se,30966,education,cash,,
13154 rupay ppf contribution me daale upi se,13154,investment,upi,,
Flight ticket booking INR 5231,5231,travel,upi,,
netflix subscription ka subscription 3588 rs cash se renew kiya,3588,entertainment,cash,,
concert ticket ka ticket 8574 rupaye me liya cash se,8574,entertainment,cash,,
Home loan EMI INR 21208,21208,emi,upi,,
49624 rs ka mobile recharge bill pay kya cash se,49624,utilities,cash,,
online shopping payment pe shopping kiya 14147 rupaiye kharchaa card se,14147,shopping,card,,
flipkart order se 11229 rupay ka shopping kya upi se,11229,shopping,upi,,
flight ticket booking ka kiraya 21632 rs. die cash se,21632,travel,cash,,
internet recharge recharge kiya 44254 rupaiye card se,44254,utilities,card,,
credit card emi EMI 29291 rupaye kat gaye card se,29291,emi,card,,
doctor ke yahan 39841 rupaiye lagaa card se diyee,39841,healthcare,card,,
medical test charges pe 44162 rupaye kharchaa hui davai pe upi se,44162,healthcare,upi,,
netflix subscription dekha 13588 rupaye lagaa card se diy,13588,entertainment,card,,
Personal loan installment INR 20473,20473,emi,cash,,
doctor ke yahan 25259 rs. laga upi se diyee,25259,healthcare,upi,,
29030 rs laga train ticket irctc me card se diye,29030,travel,card,,
Cafe coffee INR 28769,28769,food,cash,,
6435 rupay die college fees payment ke liye cash se,6435,education,cash,,
Cafe coffee INR 40575,40575,food,cash,,
Mutual fund SIP INR 28513,28513,investment,cash,,
car loan emi ki EMI 2367 rupaye cash se bhra,2367,emi,cash,,
loan ka bike loan emi 47795 rupye card se pay kiyaa,47795,emi,card,,
Train ticket IRCTC INR 45319,45319,travel,cash,,
bike loan emi EMI 3432 rupye kat gaye card se,3432,emi,card,,
Bus ticket INR 42708,42708,travel,card,,
Online shopping payment INR 38461,38461,shopping,card,,
49436 rupye ka order diy online shopping payment pe card se,49436,shopping,card,,
PPF contribution INR 32069,32069,investment,cash,,
Gas bill payment INR 10664,10664,utilities,card,,
aaj bus ticket lya 49485 rs card se pay kya,49485,travel,card,,
pharmacy medicine purchase pe 34174 rs kharchaa hui davai pe card se,34174,healthcare,card,,
Electronics shopping INR 1568,1568,shopping,upi,,
"cafe coffee pe 7795 ka bill tha, upi se pay kia",7795,food,upi,,
gas bill payment ka bill 29268 rs upi se bhara,29268,utilities,upi,,
aaj bus ticket liyaa 27154 rupaiye card se pay kiya,27154,travel,card,,
"zomato dinner pe 31580 ka bill tha, cash se pay kiyaa",31580,food,cash,,
movie ticket booking ka subscription 26277 rupay card se renew kia,26277,entertainment,card,,
Uber ride INR 26436,26436,travel,upi,,
Credit card EMI INR 16377,16377,emi,cash,,
Internet recharge INR 23178,23178,utilities,upi,,
Exam fee INR 36428,36428,education,upi,,
Flipkart order INR 11696,11696,shopping,upi,,
Doctor consultation INR 32665,32665,healthcare,cash,,
Doctor consultation INR 39046,39046,healthcare,cash,,
aaj internet recharge ka 10176 rupaiye ka bill card se bhara,10176,utilities,card,,
online shopping payment pe shopping kiyaa 49959 rupay kharch upi se,49959,shopping,upi,,
9067 rupaiye ka water bill bill pay kia cash se,9067,utilities,cash,,
Library fee INR 39485,39485,education,card,,
aaj gas bill payment ka 36777 rupaye ka bill upi se bharaa,36777,utilities,upi,,
Hospital bill INR 18187,18187,healthcare,cash,,
online course subscription ki fees 4185 rs cash se bhara,4185,education,cash,,
college fees payment ka course 41032 rs me lia card se pay kya,41032,education,card,,
aaj crypto investment me 25553 rs lagaye cash se,25553,investment,cash,,
Restaurant bill INR 36358,36358,food,cash,,
exam fee ki fees 43343 rupye card se bhra,43343,education,card,,
internet recharge ka bill 43054 rs. card se bharra,43054,utilities,card,,
College fees payment INR 1029,1029,education,cash,,
Zomato dinner INR 31580,31580,food,cash,,
Electricity bill payment INR 11961,11961,utilities,upi,,
aaj crypto investment me 18793 rupaiye lagaye card se,18793,investment,card,,
Bike loan EMI INR 45379,45379,emi,card,,
Home loan EMI INR 37322,37322,emi,card,,
loan ka home loan emi 20456 rupaiye card se pay kia,20456,emi,card,,
flight ticket booking ka kiraya 18699 rupye diy cash se,18699,travel,cash,,
Food court payment INR 25438,25438,food,card,,
Fixed deposit investment INR 2958,2958,investment,upi,,
aaj zomato dinner se khana order kiya 31188 rs card se diyee,31188,food,card,,
Bike loan EMI INR 7274,7274,emi,cash,,
flight ticket booking ka kiraya 1751 rupaye diye upi se,1751,travel,upi,,
crypto investment me 45893 rupaiye invest kiyaa upi se,45893,investment,upi,,
Internet recharge INR 11879,11879,utilities,card,,
mobile recharge recharge kiyaa 22237 rupay upi se,22237,utilities,upi,,
home loan emi ki EMI 34504 rs card se bhara,34504,emi,card,,
Library fee INR 35144,35144,education,upi,,
Swiggy order INR 37583,37583,food,upi,,
"zomato dinner pe 1023 ka bill tha, upi se pay kia",1023,food,upi,,
padhai ke liye library fee pe 42179 rupaye karcha kiya cash se,42179,education,cash,,
aaj uber ride liyaa 10808 rupaiye cash se pay kia,10808,travel,cash,,
Zomato dinner INR 910,910,food,cash,,
Food court payment INR 38390,38390,food,card,,
Credit card EMI INR 16106,16106,emi,upi,,
mutual fund sip ka SIP 38199 rupye card se bhara,38199,investment,card,,
gas bill payment recharge kia 35449 rs. upi se,35449,utilities,upi,,
Zomato dinner INR 29782,29782,food,card,,
Online shopping payment INR 40385,40385,shopping,cash,,
College fees payment INR 4957,4957,education,card,,
online electronics shopping se 45290 ka saman lia upi se pay kia,45290,shopping,upi,,
Hospital bill INR 35078,35078,healthcare,card,,
swiggy order ka khana 44066 rs me aaya upi se diye,44066,food,upi,,
Train ticket IRCTC INR 47366,47366,travel,cash,,
netflix subscription ka ticket 26053 rs me liya card se,26053,entertainment,card,,
library fee ki fees 15729 rupye cash se bhara,15729,education,cash,,
6160 rupye diy exam fee ke liye cash se,6160,education,cash,,
mutual fund sip me 37591 rupaye invest kiyaa upi se,37591,investment,upi,,
Online shopping payment INR 35319,35319,shopping,cash,,
online course subscription ka course 35017 rupaye me liyaa card se pay kiya,35017,education,card,,
Internet recharge INR 20928,20928,utilities,upi,,
flight ticket booking ka kiraya 5607 rs diye cash se,5607,travel,cash,,
movie ticket booking ka ticket 8987 rs me liyaa cash se,8987,entertainment,cash,,
Flight ticket booking INR 15542,15542,travel,card,,
3449 rs ka hospital bill bill aaya card se pay kiya,3449,healthcare,card,,
flight ticket booking ki ticket 36310 rs. me book kiyaa upi se,36310,travel,upi,,
uber ride ka kiraya 5985 rs. die cash se,5985,travel,cash,,
Lunch at hotel INR 731,731,food,upi,,
ola cab ka kiraya 6386 rs. die card se,6386,travel,card,,
electricity bill payment ka bill 13309 rupaiye card se bharaa,13309,utilities,card,,
aaj mutual fund sip me 21721 rupay lagaye card se,21721,investment,card,,
665 rs kharcha kiyaa lunch at hotel pe upi se,665,food,upi,,
Movie ticket booking INR 24022,24022,entertainment,card,,
Flight ticket booking INR 30606,30606,travel,cash,,
flight ticket booking ka kiraya 32933 rupay diy upi se,32933,travel,upi,,
padhai ke liye library fee pe 18516 rupye kharcha kiyaa card se,18516,education,card,,
Mobile recharge INR 44952,44952,utilities,cash,,
credit card emi EMI 41426 rs kat gaye upi se,41426,emi,upi,,
online clothing store bill se 49258 ka saman lya cash se pay kya,49258,shopping,cash,,
Online shopping payment INR 40053,40053,shopping,upi,,
amazon purchase se 15058 rupye ka shopping kia card se,15058,shopping,card,,
flight ticket booking ki ticket 5228 rs. me book kiyaa card se,5228,travel,card,,
online course subscription ki fees 15985 rs. upi se bhra,15985,education,upi,,
test transaction do not process,,unknown,UPIID123,,
college fees payment ka course 40427 rs me liya card se pay kiyaa,40427,education,card,,
Bike loan EMI INR 19041,19041,emi,upi,,
online amazon purchase se 11759 ka saman liyaa cash se pay kiyaa,11759,shopping,cash,,
35022 rupay die online course subscription ke liye cash se,35022,education,cash,,
electronics shopping pe shopping kiyaa 39951 rupaye khrcha upi se,39951,shopping,upi,,
Crypto investment INR 41031,41031,investment,card,,
gas bill payment recharge kiyaa 9327 rs cash se,9327,utilities,cash,,
29314 rs die online course subscription ke liye upi se,29314,education,upi,,
Restaurant bill INR 29463,29463,food,cash,,
aaj mobile recharge ka 12651 rupaiye ka bill card se bhara,12651,utilities,card,,
mutual fund sip me 10870 rs. invest kia cash se,10870,investment,cash,,
online electronics shopping se 4520 ka saman lya cash se pay kia,4520,shopping,cash,,
ppf contribution ka SIP 1178 rupaiye upi se bhara,1178,investment,upi,,
clothing store bill se 11887 rs. ka shopping kiyaa upi se,11887,shopping,upi,,
padhai ke liye college fees payment pe 41913 rupaiye karcha kiya cash se,41913,education,cash,,
padhai ke liye library fee pe 35224 rupay kharchaa kia card se,35224,education,card,,
clothing store bill pe shopping kiyaa 27912 rupaiye kharcha card se,27912,shopping,card,,
College fees payment INR 45952,45952,education,cash,,
Bus ticket INR 47921,47921,travel,upi,,
movie ticket booking ka ticket 29891 rupaye me lya upi se,29891,entertainment,upi,,
Gas bill payment INR 8452,8452,utilities,upi,,
medical test charges me 39961 rupay khrcha hua upi se diyee,39961,healthcare,upi,,
stock purchase me 40007 rs. invest kiyaa cash se,40007,investment,cash,,
game purchase dekha 26317 rupye lagaa card se die,26317,entertainment,card,,
43150 rs kharch kiya netflix subscription pe card se,43150,entertainment,card,,
Pharmacy medicine purchase INR 32333,32333,healthcare,upi,,
aaj stock purchase me 25510 rs lagaye cash se,25510,investment,cash,,
gas bill payment ka bill 19316 rupay card se bhara,19316,utilities,card,,
aaj uber ride lya 48016 rupye cash se pay kia,48016,travel,cash,,
water bill recharge kiyaa 48547 rs upi se,48547,utilities,upi,,
netflix subscription ka ticket 17282 rupye me lia upi se,17282,entertainment,upi,,
NaN,-100,misc,bitcoin,,
crypto investment ka SIP 27350 rupye cash se bharra,27350,investment,cash,,
car loan emi ki EMI 34860 rupaiye card se bhara,34860,emi,card,,
mobile recharge ka bill 44010 rs. cash se bharra,44010,utilities,cash,,
35650 rupye ka credit card emi installment card se diy,35650,emi,card,,
bus ticket ka kiraya 30044 rupaye die upi se,30044,travel,upi,,
1026 rupay khrcha kiyaa netflix subscription pe upi se,1026,entertainment,upi,,
netflix subscription ka ticket 28771 rupye me lya cash se,28771,entertainment,cash,,
Fixed deposit investment INR 17665,17665,investment,cash,,
movie ticket booking ka ticket 10089 rupaiye me lya card se,10089,entertainment,card,,
bus ticket ki ticket 25598 rs me book kya cash se,25598,travel,cash,,
PPF contribution INR 36574,36574,investment,upi,,
Zomato dinner INR 37902,37902,food,cash,,
electricity bill payment recharge kiyaa 34525 rs upi se,34525,utilities,upi,,
Amazon purchase INR 7154,7154,shopping,upi,,
netflix subscription ka ticket 19098 rs me lia upi se,19098,entertainment,upi,,
aaj train ticket irctc lya 5514 rs card se pay kiyaa,5514,travel,card,,
Flipkart order INR 7957,7957,shopping,upi,,
27240 rupaye ka electricity bill payment bill pay kiya card se,27240,utilities,card,,
29058 rupay lga bus ticket me cash se diyee,29058,travel,cash,,
Hospital bill INR 20024,20024,healthcare,upi,,
16730 rs. ka personal loan installment installment upi se diy,16730,emi,upi,,
movie ticket booking dekha 46710 rs lagaa upi se diye,46710,entertainment,upi,,
aaj fixed deposit investment me 8551 rupay lagaye card se,8551,investment,card,,
aaj mutual fund sip me 42763 rupaye lagaye upi se,42763,investment,upi,,
Netflix subscription INR 34348,34348,entertainment,upi,,
hospital bill pe 4108 rs khrcha hui davai pe cash se,4108,healthcare,cash,,
24283 rs. ka credit card emi installment upi se die,24283,emi,upi,,
Electronics shopping INR 43998,43998,shopping,cash,,
Online course subscription INR 8046,8046,education,card,,
bike loan emi EMI 25971 rs. kat gaye cash se,25971,emi,cash,,
Library fee INR 24477,24477,education,cash,,
loan ka car loan emi 7385 rs upi se pay kiyaa,7385,emi,upi,,
9734 rupaiye ka personal loan installment installment cash se diye,9734,emi,cash,,
Home loan EMI INR 9407,9407,emi,card,,
Bus ticket INR 34016,34016,travel,card,,
Pharmacy medicine purchase INR 48996,48996,healthcare,cash,,
Lunch at hotel INR 7094,7094,food,card,,
flipkart order se 9043 rupaye ka shopping kiyaa cash se,9043,shopping,cash,,
Cafe coffee INR 29685,29685,food,card,,
zomato dinner me 17551 rupaiye ka khana khaya card se,17551,food,card,,
loan ka bike loan emi 48103 rupaiye upi se pay kiya,48103,emi,upi,,
aaj ola cab lya 9265 rupaye upi se pay kiya,9265,travel,upi,,
Concert ticket INR 4773,4773,entertainment,upi,,
Home loan EMI INR 6026,6026,emi,upi,,
uber ride ki ticket 43386 rupye me book kiyaa card se,43386,travel,card,,
PPF contribution INR 7906,7906,investment,upi,,
Flipkart order INR 19786,19786,shopping,card,,
padhai ke liye college fees payment pe 11059 rs kharcha kia card se,11059,education,card,,
Personal loan installment INR 32859,32859,emi,upi,,
doctor ke yahan 47252 rupaye lgaa upi se diyee,47252,healthcare,upi,,
26811 rupye diyee exam fee ke liye cash se,26811,education,cash,,
Train ticket IRCTC INR 33174,33174,travel,upi,,
movie ticket booking dekha 26966 rupaye laga card se diyee,26966,entertainment,card,,
movie ticket booking ka subscription 45309 rupay cash se renew kiya,45309,entertainment,cash,,
11089 rupaye karcha kia game purchase pe upi se,11089,entertainment,upi,,
restaurant bill me 24805 rupay ka khana khayaa card se,24805,food,card,,
pizza delivery ka khana 14836 rupaiye me aaya card se diy,14836,food,card,,
28870 rupaye ka water bill bill pay kiyaa cash se,28870,utilities,cash,,
Movie ticket booking INR 49529,49529,entertainment,card,,
42457 rs. laga ola cab me cash se diy,42457,travel,cash,,
stock purchase me 31171 rupay invest kiya cash se,31171,investment,cash,,
aaj flight ticket booking liya 43800 rs upi se pay kiyaa,43800,travel,upi,,
aaj uber ride lya 10923 rupye cash se pay kya,10923,travel,cash,,
PPF contribution INR 38668,38668,investment,card,,
Food court payment INR 13199,13199,food,cash,,
Online course subscription INR 45769,45769,education,cash,,
zomato dinner me 37738 rupay ka khana khaaya upi se,37738,food,upi,,
Stock purchase INR 38641,38641,investment,card,,
stock purchase ka SIP 14422 rs upi se bhra,14422,investment,upi,,
Netflix subscription INR 7863,7863,entertainment,cash,,
Lunch at hotel INR 1189,1189,food,card,,
Mutual fund SIP INR 47743,47743,investment,upi,,
11790 rupaiye diyee online course subscription ke liye card se,11790,education,card,,
Library fee INR 26882,26882,education,card,,
pizza delivery me 6020 rs. ka khana khya cash se,6020,food,cash,,
water bill ka bill 19891 rupye cash se bhara,19891,utilities,cash,,
medical test charges me 48291 rupay kharch hua cash se diye,48291,healthcare,cash,,
3485 rupaye ka order diye electronics shopping pe upi se,3485,shopping,upi,,
doctor ke yahan 16423 rs lga upi se diye,16423,healthcare,upi,,
19704 rupye ka order die online shopping payment pe cash se,19704,shopping,cash,,
online clothing store bill se 11046 ka saman lia cash se pay kya,11046,shopping,cash,,
Mobile recharge INR 15825,15825,utilities,upi,,
aaj lunch at hotel se khana order kia 9931 rupay upi se diy,9931,food,upi,,
online electronics shopping se 37580 ka saman lya cash se pay kia,37580,shopping,cash,,
Gas bill payment INR 27177,27177,utilities,card,,
Clothing store bill INR 34810,34810,shopping,card,,
padhai ke liye online course subscription pe 39467 rupay khrcha kia cash se,39467,education,cash,,
aaj gas bill payment ka 34487 rs ka bill upi se bhra,34487,utilities,upi,,
train ticket irctc ka kiraya 46520 rupaiye die card se,46520,travel,card,,
Exam fee INR 48976,48976,education,card,,
stock purchase me 26684 rupaiye invest kiya upi se,26684,investment,upi,,
college fees payment ki fees 1445 rs card se bharra,1445,education,card,,
Bus ticket INR 13511,13511,travel,upi,,
18102 rupay kharcha kiya netflix subscription pe cash se,18102,entertainment,cash,,
online course subscription ki fees 6066 rs card se bhara,6066,education,card,,
Exam fee INR 19934,19934,education,cash,,
24945 rs ka credit card emi installment card se diy,24945,emi,card,,
aaj swiggy order se khana order kiya 33934 rupaye upi se die,33934,food,upi,,
flipkart order se 17276 rs. ka shopping kiyaa upi se,17276,shopping,upi,,
Online shopping payment INR 31781,31781,shopping,upi,,
Movie ticket booking INR 47679,47679,entertainment,upi,,
electronics shopping se 24389 rs. ka shopping kya upi se,24389,shopping,upi,,
Exam fee INR 6376,6376,education,card,,
Internet recharge INR 42913,42913,utilities,cash,,
Home loan EMI INR 14384,14384,emi,cash,,
Lunch at hotel INR 23612,23612,food,card,,
Pharmacy medicine purchase INR 32444,32444,healthcare,cash,,
Game purchase INR 18573,18573,entertainment,card,,
game purchase ka subscription 17274 rupay card se renew kia,17274,entertainment,card,,
Car loan EMI INR 11673,11673,emi,cash,,
flipkart order se 43147 rs. ka shopping kiyaa cash se,43147,shopping,cash,,
Train ticket IRCTC INR 33841,33841,travel,cash,,
ppf contribution me 7499 rs invest kiyaa upi se,7499,investment,upi,,
flight ticket booking ka kiraya 28002 rupye diye card se,28002,travel,card,,
pharmacy medicine purchase me 32725 rupay kharcha hua cash se diy,32725,healthcare,cash,,
Movie ticket booking INR 40367,40367,entertainment,cash,,
Bus ticket INR 15226,15226,travel,upi,,
stock purchase me 38369 rupaiye invest kia cash se,38369,investment,cash,,
Online course subscription INR 5603,5603,education,cash,,
9386 rupay lga flight ticket booking me cash se diy,9386,travel,cash,,
Doctor consultation INR 29829,29829,healthcare,card,,
train ticket irctc ki ticket 33210 rupaiye me book kia cash se,33210,travel,cash,,
20240 rupaiye ka gas bill payment bill pay kia card se,20240,utilities,card,,
clothing store bill se 36186 rupaiye ka shopping kya card se,36186,shopping,card,,
Flight ticket booking INR 45726,45726,travel,upi,,
Restaurant bill INR 35113,35113,food,upi,,
PPF contribution INR 43647,43647,investment,card,,
bike loan emi EMI 47795 rupaye kat gaye card se,47795,emi,card,,
padhai ke liye online course subscription pe 17420 rs. khrcha kiya card se,17420,education,card,,
cafe coffee ka khana 22265 rupay me aaya upi se die,22265,food,upi,,
padhai ke liye exam fee pe 10216 rupay kharch kia cash se,10216,education,cash,,
12375 rupaye mutual fund sip me daale upi se,12375,investment,upi,,
library fee ka course 1540 rs. me lya card se pay kya,1540,education,card,,
24602 rs. ka hospital bill bill aaya card se pay kia,24602,healthcare,card,,
Game purchase INR 15942,15942,entertainment,upi,,
gas bill payment recharge kya 11863 rs card se,11863,utilities,card,,
19930 rupaiye ka medical test charges bill aaya upi se pay kya,19930,healthcare,upi,,
netflix subscription ka subscription 27710 rs upi se renew kiyaa,27710,entertainment,upi,,
train ticket irctc ki ticket 29870 rupay me book kiya card se,29870,travel,card,,
Uber ride INR 36068,36068,travel,card,,
uber ride ka kiraya 38987 rs diyee cash se,38987,travel,cash,,
aaj mutual fund sip me 39339 rupay lagaye cash se,39339,investment,cash,,
aaj uber ride liya 15275 rupaye card se pay kiyaa,15275,travel,card,,
Online shopping payment INR 42542,42542,shopping,cash,,
Pharmacy medicine purchase INR 36394,36394,healthcare,upi,,
amazon purchase se 20937 rupay ka shopping kiyaa upi se,20937,shopping,upi,,
online online shopping payment se 10226 ka saman liyaa card se pay kia,10226,shopping,card,,
Netflix subscription INR 34257,34257,entertainment,upi,,
8431 rupaye mutual fund sip me daale upi se,8431,investment,upi,,
Netflix subscription INR 42387,42387,entertainment,cash,,
concert ticket dekha 8018 rupay lga cash se diyee,8018,entertainment,cash,,
49527 rupaiye ka order die electronics shopping pe upi se,49527,shopping,upi,,
bus ticket ki ticket 31696 rupaiye me book kiyaa card se,31696,travel,card,,
Electricity bill payment INR 24533,24533,utilities,upi,,
Bus ticket INR 12502,12502,travel,upi,,
loan ka credit card emi 48093 rupaiye card se pay kiyaa,48093,emi,card,,
Game purchase INR 47400,47400,entertainment,cash,,
Amazon purchase INR 4912,4912,shopping,cash,,
41378 rupye ka order diy electronics shopping pe cash se,41378,shopping,cash,,
Movie ticket booking INR 19949,19949,entertainment,upi,,
Flight ticket booking INR 28234,28234,travel,cash,,
Flipkart order INR 16609,16609,shopping,cash,,
library fee ki fees 40696 rs. upi se bharaa,40696,education,upi,,
8007 rupaiye die library fee ke liye cash se,8007,education,cash,,
Water bill INR 19159,19159,utilities,upi,,
Home loan EMI INR 9676,9676,emi,upi,,
Game purchase INR 22668,22668,entertainment,cash,,
loan ka bike loan emi 16950 rupay cash se pay kiya,16950,emi,cash,,
41882 rupaye crypto investment me daale card se,41882,investment,card,,
stock purchase me 6063 rupaye invest kia cash se,6063,investment,cash,,
Exam fee INR 18842,18842,education,upi,,
29777 rs. die exam fee ke liye card se,29777,education,card,,
movie ticket booking ka subscription 25114 rs. card se renew kiya,25114,entertainment,card,,
5677 rupay diyee exam fee ke liye card se,5677,education,card,,
Car loan EMI INR 277,277,emi,upi,,
Restaurant bill INR 25187,25187,food,cash,,
42466 rs ka order diye amazon purchase pe upi se,42466,shopping,upi,,
Amazon purchase INR 15466,15466,shopping,upi,,
water bill ka bill 4226 rs. card se bhra,4226,utilities,card,,
medical test charges pe 48690 rupye karcha hui davai pe cash se,48690,healthcare,cash,,
Ola cab INR 29615,29615,travel,card,,
8574 rs. kharch kia concert ticket pe cash se,8574,entertainment,cash,,
Library fee INR 11075,11075,education,upi,,
Movie ticket booking INR 12876,12876,entertainment,upi,,
pizza delivery me 37318 rupye ka khana khya cash se,37318,food,cash,,
3341 rupaye khrcha kia game purchase pe cash se,3341,entertainment,cash,,
mobile recharge recharge kya 33390 rupaiye card se,33390,utilities,card,,
"zomato dinner pe 44905 ka bill tha, card se pay kia",44905,food,card,,
Flight ticket booking INR 35678,35678,travel,upi,,
Home loan EMI INR 18663,18663,emi,upi,,
zomato dinner me 5891 rupay ka khana khayaa card se,5891,food,card,,
Online course subscription INR 30903,30903,education,card,,
Home loan EMI INR 14170,14170,emi,card,,
exam fee ki fees 12697 rs card se bharra,12697,education,card,,
clothing store bill se 44903 rupay ka shopping kiya upi se,44903,shopping,upi,,
Personal loan installment INR 21920,21920,emi,cash,,
pizza delivery ka khana 25283 rs. me aaya cash se diye,25283,food,cash,,
College fees payment INR 46746,46746,education,upi,,
online course subscription ki fees 34201 rs. cash se bhra,34201,education,cash,,
Online course subscription INR 292,292,education,upi,,
26929 rupaye diyee library fee ke liye cash se,26929,education,cash,,
46052 rupye ka internet recharge bill pay kiya upi se,46052,utilities,upi,,
home loan emi EMI 20576 rupaye kat gaye card se,20576,emi,card,,
car loan emi ki EMI 7944 rs upi se bharra,7944,emi,upi,,
Flight ticket booking INR 21630,21630,travel,cash,,
aaj food court payment se khana order kiyaa 9952 rs card se diy,9952,food,card,,
bus ticket ka kiraya 29509 rs. diy cash se,29509,travel,cash,,
Swiggy order INR 6575,6575,food,upi,,
Medical test charges INR 44992,44992,healthcare,upi,,
flipkart order se 38082 rupaye ka shopping kiyaa card se,38082,shopping,card,,
credit card emi ki EMI 12876 rs card se bharaa,12876,emi,card,,
aaj food court payment se khana order kia 13199 rs cash se diyee,13199,food,cash,,
credit card emi ki EMI 27288 rs upi se bhra,27288,emi,upi,,
cafe coffee me 36491 rs ka khana khayaa card se,36491,food,card,,
mobile recharge recharge kya 35152 rupye cash se,35152,utilities,cash,,
Car loan EMI INR 36913,36913,emi,cash,,
13073 rs. die exam fee ke liye cash se,13073,education,cash,,
credit card emi EMI 20157 rupye kat gaye upi se,20157,emi,upi,,
train ticket irctc ka kiraya 36083 rs die card se,36083,travel,card,,
Pharmacy medicine purchase INR 16673,16673,healthcare,card,,
Zomato dinner INR 36531,36531,food,upi,,
medical test charges pe 19887 rs. kharch hui davai pe card se,19887,healthcare,card,,
padhai ke liye library fee pe 36686 rs. karcha kiyaa card se,36686,education,card,,
25439 rupay ka gas bill payment bill pay kya cash se,25439,utilities,cash,,
aaj water bill ka 10855 rupye ka bill card se bharra,10855,utilities,card,,
online shopping payment se 36189 rupaiye ka shopping kia upi se,36189,shopping,upi,,
Library fee INR 31804,31804,education,cash,,
netflix subscription ka subscription 44905 rs. card se renew kya,44905,entertainment,card,,
uber ride ki ticket 15676 rupaye me book kiya card se,15676,travel,card,,
restaurant bill me 36620 rs. ka khana khya upi se,36620,food,upi,,
online course subscription ka course 5731 rupay me liyaa cash se pay kiya,5731,education,cash,,
movie ticket booking ka subscription 37152 rupay card se renew kiya,37152,entertainment,card,,
aaj ppf contribution me 48357 rupye lagaye upi se,48357,investment,upi,,
stock purchase me 24554 rupaye invest kia card se,24554,investment,card,,
11186 rupaiye ka bike loan emi installment card se diye,11186,emi,card,,
38643 rupaye ka internet recharge bill pay kia upi se,38643,utilities,upi,,
Water bill INR 44497,44497,utilities,upi,,
doctor consultation me 18948 rupye khrcha hua cash se die,18948,healthcare,cash,,
Online shopping payment INR 17118,17118,shopping,upi,,
Swiggy order INR 3466,3466,food,cash,,
10068 rupye ka bike loan emi installment upi se die,10068,emi,upi,,
39144 rupay ka internet recharge bill pay kya card se,39144,utilities,card,,
loan ka personal loan installment 49133 rupaiye cash se pay kya,49133,emi,cash,,
2524 rs lga hotel booking me card se diyee,2524,travel,card,,
online course subscription ka course 39585 rupaiye me lya cash se pay kiyaa,39585,education,cash,,
46782 rupay ka order diye electronics shopping pe card se,46782,shopping,card,,
Electricity bill payment INR 9577,9577,utilities,card,,
1067 rupye ka hospital bill bill aaya card se pay kya,1067,healthcare,card,,
Concert ticket INR 40226,40226,entertainment,cash,,
aaj mutual fund sip me 32055 rs lagaye cash se,32055,investment,cash,,
ppf contribution ka SIP 25508 rupaye cash se bhra,25508,investment,cash,,
loan ka bike loan emi 5087 rs. card se pay kya,5087,emi,card,,
online course subscription ki fees 32491 rupaiye cash se bharra,32491,education,cash,,
restaurant bill me 27632 rupaiye ka khana khaaya cash se,27632,food,cash,,
Electronics shopping INR 1140,1140,shopping,upi,,
Ola cab INR 3722,3722,travel,card,,
Online course subscription INR 13868,13868,education,upi,,
Amazon purchase INR 2502,2502,shopping,card,,
doctor ke yahan 24999 rs laga card se diyee,24999,healthcare,card,,
flipkart order se 10477 rs ka shopping kiyaa cash se,10477,shopping,cash,,
Amazon purchase INR 42115,42115,shopping,cash,,
Clothing store bill INR 19402,19402,shopping,cash,,
game purchase ka subscription 7424 rs upi se renew kiyaa,7424,entertainment,upi,,
aaj bus ticket lia 9334 rs. upi se pay kia,9334,travel,upi,,
online course subscription ka course 44194 rs. me liyaa card se pay kiyaa,44194,education,card,,
exam fee ki fees 5825 rupaye cash se bhra,5825,education,cash,,
Internet recharge INR 41328,41328,utilities,card,,
Swiggy order INR 9119,9119,food,upi,,
loan ka credit card emi 42967 rs. card se pay kia,42967,emi,card,,
padhai ke liye online course subscription pe 6595 rs. kharchaa kia card se,6595,education,card,,
Online shopping payment INR 43652,43652,shopping,upi,,
online online shopping payment se 30238 ka saman lia card se pay kya,30238,shopping,card,,
24900 rupaiye kharch kia lunch at hotel pe card se,24900,food,card,,
Concert ticket INR 46703,46703,entertainment,cash,,
8857 rs laga ola cab me card se die,8857,travel,card,,
37920 rupye ka hospital bill bill aaya upi se pay kia,37920,healthcare,upi,,
bike loan emi ki EMI 46482 rupaiye card se bhara,46482,emi,card,,
21822 rupaye kharch kiya cafe coffee pe card se,21822,food,card,,
water bill ka bill 2442 rs card se bhra,2442,utilities,card,,
36601 rupye lgaa train ticket irctc me upi se diye,36601,travel,upi,,
Messy outlier tx ccard,NULL,unknown,ccard,,
Pharmacy medicine purchase INR 9426,9426,healthcare,upi,,
Car loan EMI INR 31047,31047,emi,card,,
Pharmacy medicine purchase INR 43255,43255,healthcare,upi,,
39724 rs ka order diy clothing store bill pe card se,39724,shopping,card,,
ola cab ka kiraya 48148 rupaiye die cash se,48148,travel,cash,,
lunch at hotel me 7035 rupye ka khana khya card se,7035,food,card,,
personal loan installment ki EMI 950 rupay card se bharaa,950,emi,card,,
padhai ke liye library fee pe 36859 rupaiye kharcha kia card se,36859,education,card,,
Cafe coffee INR 13309,13309,food,card,,
library fee ki fees 36738 rupaiye upi se bhra,36738,education,upi,,
College fees payment INR 39059,39059,education,card,,
Bike loan EMI INR 49528,49528,emi,upi,,
gas bill payment ka bill 4389 rupaye cash se bharaa,4389,utilities,cash,,
stock purchase ka SIP 27887 rupye card se bhra,27887,investment,card,,
Netflix subscription INR 18577,18577,entertainment,upi,,
flipkart order se 13539 rs ka shopping kya card se,13539,shopping,card,,
movie ticket booking dekha 19748 rupaiye lgaa card se diyee,19748,entertainment,card,,
credit card emi EMI 48715 rs. kat gaye card se,48715,emi,card,,
aaj train ticket irctc liyaa 502 rupaiye cash se pay kiya,502,travel,cash,,
doctor ke yahan 14506 rs lga upi se die,14506,healthcare,upi,,
home loan emi EMI 43373 rupay kat gaye card se,43373,emi,card,,
padhai ke liye college fees payment pe 9413 rs. karcha kiya cash se,9413,education,cash,,
mutual fund sip me 27567 rupay invest kia card se,27567,investment,card,,
Ola cab INR 10384,10384,travel,upi,,
uber ride ki ticket 22533 rupaiye me book kiyaa cash se,22533,travel,cash,,
doctor ke yahan 6723 rupaiye laga cash se diye,6723,healthcare,cash,,
netflix subscription ka subscription 30396 rs. upi se renew kia,30396,entertainment,upi,,
bus ticket ka kiraya 39136 rupaye diye card se,39136,travel,card,,
car loan emi EMI 36450 rupaye kat gaye cash se,36450,emi,cash,,
concert ticket ka ticket 47372 rupaye me liya upi se,47372,entertainment,upi,,
Medical test charges INR 42294,42294,healthcare,card,,
online electronics shopping se 20770 ka saman lya card se pay kya,20770,shopping,card,,
car loan emi ki EMI 41529 rupye upi se bharaa,41529,emi,upi,,
37064 rupay lgaa hotel booking me card se diyee,37064,travel,card,,
Messy outlier tx csh,0,misc,ccard,NaN,
electricity bill payment ka bill 21656 rupaye cash se bhara,21656,utilities,cash,,
doctor consultation me 8516 rs. kharchaa hua upi se diy,8516,healthcare,upi,,
17828 rupaiye crypto investment me daale cash se,17828,investment,cash,,
doctor consultation pe 37218 rupaye kharch hui davai pe cash se,37218,healthcare,cash,,
restaurant bill me 36021 rupye ka khana khaaya upi se,36021,food,upi,,
credit card emi EMI 14126 rupaiye kat gaye card se,14126,emi,card,,
clothing store bill se 32860 rupaye ka shopping kiyaa card se,32860,shopping,card,,
bike loan emi EMI 3311 rupaiye kat gaye upi se,3311,emi,upi,,
college fees payment ka course 33590 rs. me lya card se pay kiya,33590,education,card,,
Credit card EMI INR 46012,46012,emi,cash,,
padhai ke liye exam fee pe 30415 rs karcha kya cash se,30415,education,cash,,
46550 rupay ka gas bill payment bill pay kiyaa upi se,46550,utilities,upi,,
Ola cab INR 33092,33092,travel,cash,,
Online shopping payment INR 35255,35255,shopping,upi,,
internet recharge ka bill 938 rupye cash se bharra,938,utilities,cash,,
Ola cab INR 49474,49474,travel,upi,,
aaj train ticket irctc liya 23223 rupye upi se pay kia,23223,travel,upi,,
netflix subscription ka subscription 12235 rupye cash se renew kiya,12235,entertainment,cash,,
Fixed deposit investment INR 19730,19730,investment,card,,
Restaurant bill INR 31012,31012,food,cash,,
Water bill INR 40559,40559,utilities,card,,
aaj ola cab liyaa 20876 rs cash se pay kiyaa,20876,travel,cash,,
Uber ride INR 43374,43374,travel,card,,
Game purchase INR 9810,9810,entertainment,upi,,
Food court payment INR 49276,49276,food,cash,,
Personal loan installment INR 15006,15006,emi,upi,,
aaj internet recharge ka 39778 rupaye ka bill card se bhara,39778,utilities,card,,
aaj swiggy order se khana order kia 43889 rupaye card se diy,43889,food,card,,
Game purchase INR 35357,35357,entertainment,upi,,
exam fee ki fees 12107 rupaye cash se bhra,12107,education,cash,,
restaurant bill ka khana 4477 rupaye me aaya upi se diy,4477,food,upi,,
online course subscription ki fees 18046 rupaye card se bhra,18046,education,card,,
water bill recharge kiyaa 10492 rs. card se,10492,utilities,card,,
Electricity bill payment INR 48272,48272,utilities,cash,,
Gas bill payment INR 26797,26797,utilities,upi,,
Electronics shopping INR 26374,26374,shopping,cash,,
online course subscription ka course 7142 rs me lia upi se pay kya,7142,education,upi,,
aaj stock purchase me 44590 rupay lagaye upi se,44590,investment,upi,,
mutual fund sip me 38853 rs invest kia cash se,38853,investment,cash,,
library fee ka course 47953 rs me lia upi se pay kya,47953,education,upi,,
1858 rupaye kharch kiyaa concert ticket pe card se,1858,entertainment,card,,
Gas bill payment INR 42032,42032,utilities,upi,,
online course subscription ki fees 11005 rs. cash se bharra,11005,education,cash,,
Game purchase INR 42299,42299,entertainment,cash,,
game purchase dekha 25906 rupye lga upi se diy,25906,entertainment,upi,,
Lunch at hotel INR 21906,21906,food,cash,,
Medical test charges INR 3031,3031,healthcare,upi,,
aaj stock purchase me 7963 rs lagaye card se,7963,investment,card,,
Library fee INR 36859,36859,education,card,,
food court payment ka khana 15492 rs. me aaya upi se diye,15492,food,upi,,
loan ka home loan emi 30868 rs card se pay kiya,30868,emi,card,,
online shopping payment se 18234 rupaiye ka shopping kya card se,18234,shopping,card,,
9577 rs ka electricity bill payment bill pay kia card se,9577,utilities,card,,
movie ticket booking dekha 19831 rupaiye laga card se diy,19831,entertainment,card,,
electronics shopping pe shopping kya 17942 rupaiye kharcha cash se,17942,shopping,cash,,
Flight ticket booking INR 28733,28733,travel,upi,,
Electricity bill payment INR 13309,13309,utilities,card,,
Medical test charges INR 49649,49649,healthcare,cash,,
45638 rs. diyee online course subscription ke liye upi se,45638,education,upi,,
game purchase ka subscription 31459 rupye upi se renew kiyaa,31459,entertainment,upi,,
Hotel booking INR 2662,2662,travel,card,,
ppf contribution ka SIP 17648 rupye cash se bhara,17648,investment,cash,,
40397 rs. lgaa train ticket irctc me cash se diyee,40397,travel,cash,,
padhai ke liye library fee pe 41392 rupay karcha kia upi se,41392,education,upi,,
Restaurant bill INR 5487,5487,food,upi,,
College fees payment INR 41709,41709,education,upi,,
Water bill INR 28870,28870,utilities,cash,,
College fees payment INR 34203,34203,education,cash,,
mobile recharge recharge kia 14863 rs card se,14863,utilities,card,,
Home loan EMI INR 26822,26822,emi,upi,,
doctor ke yahan 34351 rupye lgaa upi se diy,34351,healthcare,upi,,
Clothing store bill INR 34590,34590,shopping,upi,,
cafe coffee ka khana 39226 rupay me aaya card se diy,39226,food,card,,
Bus ticket INR 26515,26515,travel,card,,
Lunch at hotel INR 468,468,food,cash,,
37344 rupay crypto investment me daale upi se,37344,investment,upi,,
medical test charges me 35145 rupye kharcha hua cash se diye,35145,healthcare,cash,,
movie ticket booking dekha 27340 rs. laga upi se die,27340,entertainment,upi,,
20807 rupay diyee online course subscription ke liye card se,20807,education,card,,
28180 rupay ka personal loan installment installment upi se diye,28180,emi,upi,,
loan ka personal loan installment 35907 rs. cash se pay kiyaa,35907,emi,cash,,
aaj flight ticket booking lia 23668 rs cash se pay kiya,23668,travel,cash,,
online amazon purchase se 45733 ka saman lya card se pay kia,45733,shopping,card,,
college fees payment ka course 32716 rs. me liyaa card se pay kia,32716,education,card,,
pharmacy medicine purchase pe 22272 rs kharch hui davai pe card se,22272,healthcare,card,,
Flight ticket booking INR 35087,35087,travel,upi,,
clothing store bill se 46246 rs ka shopping kiya upi se,46246,shopping,upi,,
Mutual fund SIP INR 4450,4450,investment,card,,
aaj ppf contribution me 39339 rupye lagaye card se,39339,investment,card,,
Electricity bill payment INR 35073,35073,utilities,cash,,
Exam fee INR 12697,12697,education,card,,
Uber ride INR 30516,30516,travel,cash,,
23739 rs diy library fee ke liye cash se,23739,education,cash,,
Bus ticket INR 11107,11107,travel,card,,
Internet recharge INR 11631,11631,utilities,upi,,
college fees payment ki fees 49580 rs. card se bhara,49580,education,card,,
Online shopping payment INR 40918,40918,shopping,card,,
loan ka bike loan emi 22026 rupaiye upi se pay kiya,22026,emi,upi,,
44781 rupaiye diyee exam fee ke liye upi se,44781,education,upi,,
Personal loan installment INR 49133,49133,emi,cash,,
Credit card EMI INR 34947,34947,emi,cash,,
movie ticket booking ka ticket 9380 rupay me liya card se,9380,entertainment,card,,
aaj internet recharge ka 7962 rupaye ka bill cash se bhra,7962,utilities,cash,,
15514 rupye mutual fund sip me daale card se,15514,investment,card,,
game purchase dekha 31170 rs lagaa card se diy,31170,entertainment,card,,
Bus ticket INR 27433,27433,travel,upi,,
Car loan EMI INR 19165,19165,emi,upi,,
Water bill INR 24656,24656,utilities,card,,
Medical test charges INR 43843,43843,healthcare,upi,,
Hospital bill INR 37349,37349,healthcare,card,,
"food court payment pe 37485 ka bill tha, cash se pay kiya",37485,food,cash,,
Fixed deposit investment INR 8942,8942,investment,cash,,
27340 rs kharchaa kya movie ticket booking pe upi se,27340,entertainment,upi,,
mutual fund sip ka SIP 19116 rs upi se bharaa,19116,investment,upi,,
concert ticket ka subscription 9708 rupaye cash se renew kiyaa,9708,entertainment,cash,,
stock purchase ka SIP 19769 rs cash se bhra,19769,investment,cash,,
Online course subscription INR 6077,6077,education,card,,
padhai ke liye exam fee pe 20146 rupaye khrcha kiya card se,20146,education,card,,
internet recharge recharge kiya 46952 rupaiye card se,46952,utilities,card,,
45890 rupaye ppf contribution me daale upi se,45890,investment,upi,,
flight ticket booking ka kiraya 3656 rupay diye cash se,3656,travel,cash,,
flipkart order pe shopping kia 15322 rupaiye kharch cash se,15322,shopping,cash,,
Credit card EMI INR 18979,18979,emi,card,,
ola cab ki ticket 20826 rupye me book kia upi se,20826,travel,upi,,
Game purchase INR 20563,20563,entertainment,card,,
credit card emi ki EMI 16807 rupaiye card se bharaa,16807,emi,card,,
35872 rupye ka mobile recharge bill pay kiyaa card se,35872,utilities,card,,
Flipkart order INR 16890,16890,shopping,cash,,
Internet recharge INR 24912,24912,utilities,cash,,
Clothing store bill INR 10372,10372,shopping,cash,,
23115 rs. diy library fee ke liye cash se,23115,education,cash,,
Clothing store bill INR 27824,27824,shopping,cash,,
Gas bill payment INR 29929,29929,utilities,cash,,
hotel booking ka kiraya 13144 rupay diyee upi se,13144,travel,upi,,
home loan emi EMI 34817 rupaye kat gaye upi se,34817,emi,upi,,
exam fee ka course 22168 rupaiye me lia cash se pay kia,22168,education,cash,,
swiggy order me 11840 rs. ka khana khaya cash se,11840,food,cash,,
Internet recharge INR 39510,39510,utilities,cash,,
12664 rupay ka mobile recharge bill pay kiya cash se,12664,utilities,cash,,
1991 rupaiye ka pharmacy medicine purchase bill aaya upi se pay kia,1991,healthcare,upi,,
31281 rupaye karcha kiyaa movie ticket booking pe card se,31281,entertainment,card,,
hospital bill pe 21929 rupaiye kharcha hui davai pe upi se,21929,healthcare,upi,,
43359 rupaye lgaa train ticket irctc me cash se diye,43359,travel,cash,,
"pizza delivery pe 34934 ka bill tha, upi se pay kya",34934,food,upi,,
38239 rupaiye ka electricity bill payment bill pay kia card se,38239,utilities,card,,
ola cab ka kiraya 13667 rs diy card se,13667,travel,card,,
College fees payment INR 12285,12285,education,cash,,
Train ticket IRCTC INR 44490,44490,travel,card,,
32624 rupaiye ka hospital bill bill aaya cash se pay kiya,32624,healthcare,cash,,
19159 rupye ka water bill bill pay kia upi se,19159,utilities,upi,,
aaj electricity bill payment ka 24533 rupaye ka bill upi se bharaa,24533,utilities,upi,,
aaj cafe coffee se khana order kiyaa 16796 rupaiye upi se diye,16796,food,upi,,
Credit card EMI INR 46690,46690,emi,cash,,
Zomato dinner INR 46010,46010,food,cash,,
Netflix subscription INR 25638,25638,entertainment,cash,,
39465 rupay diyee online course subscription ke liye upi se,39465,education,upi,,
17382 rupay ka doctor consultation bill aaya cash se pay kiya,17382,healthcare,cash,,
Doctor consultation INR 45651,45651,healthcare,card,,
Medical test charges INR 9436,9436,healthcare,upi,,
PPF contribution INR 46269,46269,investment,upi,,
fixed deposit investment me 24409 rs invest kia card se,24409,investment,card,,
Water bill INR 25661,25661,utilities,cash,,
hospital bill me 9133 rs. karcha hua upi se diy,9133,healthcare,upi,,
Library fee INR 14058,14058,education,cash,,
Online shopping payment INR 20965,20965,shopping,card,,
online flipkart order se 49437 ka saman lia card se pay kya,49437,shopping,card,,
Stock purchase INR 37429,37429,investment,card,,
medical test charges me 23314 rupay kharch hua card se diyee,23314,healthcare,card,,
Medical test charges INR 11779,11779,healthcare,card,,
Pharmacy medicine purchase INR 10255,10255,healthcare,card,,
Lunch at hotel INR 41395,41395,food,card,,
mobile recharge ka bill 7005 rupay upi se bharra,7005,utilities,upi,,
35400 rupaye stock purchase me daale upi se,35400,investment,upi,,
4233 rupaye lga train ticket irctc me card se diye,4233,travel,card,,
movie ticket booking dekha 38770 rs. lagaa cash se diyee,38770,entertainment,cash,,
flight ticket booking ki ticket 25151 rupaiye me book kya upi se,25151,travel,upi,,
concert ticket dekha 19807 rupay lgaa card se diy,19807,entertainment,card,,
Home loan EMI INR 32869,32869,emi,card,,
aaj bus ticket liya 6287 rs upi se pay kiya,6287,travel,upi,,
loan ka bike loan emi 12296 rupye cash se pay kiyaa,12296,emi,cash,,
doctor consultation pe 39744 rs karcha hui davai pe card se,39744,healthcare,card,,
medical test charges me 16423 rupaye karcha hua upi se diye,16423,healthcare,upi,,
42423 rupye kharcha kiya game purchase pe card se,42423,entertainment,card,,
aaj ppf contribution me 15410 rs. lagaye cash se,15410,investment,cash,,
online shopping payment se 47561 rupaye ka shopping kya upi se,47561,shopping,upi,,
medical test charges pe 25171 rupaiye khrcha hui davai pe cash se,25171,healthcare,cash,,
Zomato dinner INR 7384,7384,food,cash,,
doctor ke yahan 38832 rs. lagaa cash se die,38832,healthcare,cash,,
College fees payment INR 21888,21888,education,cash,,
42028 rupay ka hospital bill bill aaya card se pay kya,42028,healthcare,card,,
Clothing store bill INR 10053,10053,shopping,card,,
medical test charges me 10455 rupay kharch hua cash se diy,10455,healthcare,cash,,
hospital bill pe 26840 rupay kharcha hui davai pe upi se,26840,healthcare,upi,,
food court payment me 49276 rupaiye ka khana khaaya cash se,49276,food,cash,,
bike loan emi ki EMI 10433 rupaye card se bhara,10433,emi,card,,
water bill ka bill 2400 rupye card se bharra,2400,utilities,card,,
6400 rupay kharcha kiya concert ticket pe upi se,6400,entertainment,upi,,
Cafe coffee INR 31584,31584,food,upi,,
Stock purchase INR 9677,9677,investment,upi,,
internet recharge recharge kia 20928 rupay upi se,20928,utilities,upi,,
aaj stock purchase me 1600 rupye lagaye cash se,1600,investment,cash,,
Internet recharge INR 45203,45203,utilities,card,,
Exam fee INR 8113,8113,education,upi,,
aaj zomato dinner se khana order kia 7861 rs cash se diye,7861,food,cash,,
Lunch at hotel INR 18461,18461,food,card,,
Exam fee INR 24276,24276,education,upi,,
home loan emi EMI 14170 rupaye kat gaye card se,14170,emi,card,,
game purchase ka subscription 35638 rupaye card se renew kiya,35638,entertainment,card,,
online online shopping payment se 44640 ka saman liya upi se pay kiya,44640,shopping,upi,,
netflix subscription ka ticket 19752 rs. me lia upi se,19752,entertainment,upi,,
flipkart order pe shopping kiyaa 21590 rs. kharch cash se,21590,shopping,cash,,
48494 rs. die library fee ke liye upi se,48494,education,upi,,
Flipkart order INR 38082,38082,shopping,card,,
movie ticket booking dekha 8126 rs. lagaa cash se diyee,8126,entertainment,cash,,
aaj flight ticket booking liyaa 46725 rs. upi se pay kia,46725,travel,upi,,
aaj stock purchase me 48390 rupye lagaye upi se,48390,investment,upi,,
Gas bill payment INR 42845,42845,utilities,upi,,
padhai ke liye exam fee pe 12697 rupye khrcha kya card se,12697,education,card,,
Exam fee INR 15837,15837,education,upi,,
Bus ticket INR 42731,42731,travel,card,,
Mutual fund SIP INR 47414,47414,investment,upi,,
amazon purchase pe shopping kia 10903 rupye kharchaa cash se,10903,shopping,cash,,
Lunch at hotel INR 34877,34877,food,cash,,
6026 rupay ka home loan emi installment upi se die,6026,emi,upi,,
hospital bill me 26189 rs. kharcha hua cash se die,26189,healthcare,cash,,
Flipkart order INR 10477,10477,shopping,cash,,
credit card emi ki EMI 49197 rupay upi se bhara,49197,emi,upi,,
train ticket irctc ka kiraya 47449 rs diye upi se,47449,travel,upi,,
loan ka home loan emi 33505 rupay upi se pay kiyaa,33505,emi,upi,,
22894 rupay die exam fee ke liye cash se,22894,education,cash,,
flipkart order se 973 rs. ka shopping kia upi se,973,shopping,upi,,
medical test charges me 36596 rupaye kharch hua cash se diye,36596,healthcare,cash,,
Mobile recharge INR 39667,39667,utilities,upi,,
5753 rs. ka electricity bill payment bill pay kiyaa upi se,5753,utilities,upi,,
40115 rupay ka pharmacy medicine purchase bill aaya cash se pay kia,40115,healthcare,cash,,
Doctor consultation INR 20103,20103,healthcare,cash,,
19577 rupay lagaa train ticket irctc me cash se die,19577,travel,cash,,
Flipkart order INR 38344,38344,shopping,cash,,
Gas bill payment INR 25439,25439,utilities,cash,,
Bike loan EMI INR 22319,22319,emi,cash,,
aaj mutual fund sip me 9455 rupaye lagaye cash se,9455,investment,cash,,
Game purchase INR 15621,15621,entertainment,card,,
doctor ke yahan 36394 rupye laga upi se diy,36394,healthcare,upi,,
32389 rupye kharch kiya food court payment pe card se,32389,food,card,,
aaj mutual fund sip me 13921 rupaiye lagaye cash se,13921,investment,cash,,
internet recharge ka bill 5611 rs upi se bhra,5611,utilities,upi,,
doctor ke yahan 14036 rupaye lga card se diye,14036,healthcare,card,,
Concert ticket INR 43740,43740,entertainment,upi,,
Medical test charges INR 9196,9196,healthcare,upi,,
Bike loan EMI INR 28540,28540,emi,upi,,
9395 rs karcha kiya movie ticket booking pe upi se,9395,entertainment,upi,,
medical test charges pe 22390 rs kharcha hui davai pe cash se,22390,healthcare,cash,,
electricity bill payment ka bill 11746 rupay upi se bharra,11746,utilities,upi,,
pharmacy medicine purchase pe 39614 rupay kharchaa hui davai pe card se,39614,healthcare,card,,
"restaurant bill pe 14591 ka bill tha, cash se pay kiyaa",14591,food,cash,,
Water bill INR 48822,48822,utilities,cash,,
33256 rupay khrcha kiya movie ticket booking pe upi se,33256,entertainment,upi,,
flipkart order pe shopping kia 7819 rupaiye karcha cash se,7819,shopping,cash,,
Hospital bill INR 42358,42358,healthcare,cash,,
uber ride ki ticket 37938 rupye me book kya card se,37938,travel,card,,
gas bill payment ka bill 29929 rs. cash se bhra,29929,utilities,cash,,
Pharmacy medicine purchase INR 34174,34174,healthcare,card,,
loan ka home loan emi 26307 rupye cash se pay kia,26307,emi,cash,,
Gas bill payment INR 10832,10832,utilities,card,,
lunch at hotel me 1189 rupaiye ka khana khaya card se,1189,food,card,,
clothing store bill pe shopping kiyaa 18436 rupay kharchaa cash se,18436,shopping,cash,,
mobile recharge recharge kiya 32639 rupaiye upi se,32639,utilities,upi,,
1126 rupay laga bus ticket me card se diy,1126,travel,card,,
aaj electricity bill payment ka 3362 rs. ka bill cash se bharra,3362,utilities,cash,,
Ola cab INR 42457,42457,travel,cash,,
car loan emi EMI 42092 rupye kat gaye upi se,42092,emi,upi,,
Electronics shopping INR 41378,41378,shopping,cash,,
college fees payment ka course 23735 rupye me liyaa card se pay kiya,23735,education,card,,
Home loan EMI INR 10951,10951,emi,upi,,
concert ticket dekha 22802 rupye laga upi se diy,22802,entertainment,upi,,
amazon purchase pe shopping kiyaa 39970 rupay kharchaa card se,39970,shopping,card,,
loan ka car loan emi 43527 rupay cash se pay kiya,43527,emi,cash,,
32949 rupaiye khrcha kya cafe coffee pe card se,32949,food,card,,
Movie ticket booking INR 12515,12515,entertainment,cash,,
electronics shopping pe shopping kiyaa 39397 rupye kharch card se,39397,shopping,card,,
aaj stock purchase me 1385 rs. lagaye upi se,1385,investment,upi,,
Internet recharge INR 43054,43054,utilities,card,,
Pharmacy medicine purchase INR 11434,11434,healthcare,cash,,
Movie ticket booking INR 27340,27340,entertainment,upi,,
stock purchase me 1234 rupye invest kiyaa cash se,1234,investment,cash,,
8425 rs. ka pharmacy medicine purchase bill aaya card se pay kia,8425,healthcare,card,,
Exam fee INR 30415,30415,education,cash,,
loan ka bike loan emi 18605 rupye cash se pay kya,18605,emi,cash,,
online amazon purchase se 42070 ka saman liyaa card se pay kiya,42070,shopping,card,,
padhai ke liye online course subscription pe 48116 rupay kharchaa kya card se,48116,education,card,,
exam fee ka course 41105 rupaye me lia cash se pay kiyaa,41105,education,cash,,
water bill recharge kiya 6476 rs. cash se,6476,utilities,cash,,
game purchase ka ticket 42299 rupaiye me lia cash se,42299,entertainment,cash,,
online online shopping payment se 33250 ka saman lya upi se pay kiyaa,33250,shopping,upi,,
Flipkart order INR 13539,13539,shopping,card,,
Fixed deposit investment INR 24695,24695,investment,card,,
concert ticket ka ticket 49527 rupaye me lya card se,49527,entertainment,card,,
aaj electricity bill payment ka 3320 rs ka bill card se bhra,3320,utilities,card,,
online shopping payment pe shopping kya 29696 rs kharchaa card se,29696,shopping,card,,
cafe coffee me 44420 rupaye ka khana khayaa upi se,44420,food,upi,,
Food court payment INR 48552,48552,food,cash,,
Electricity bill payment INR 35153,35153,utilities,cash,,
Internet recharge INR 26181,26181,utilities,card,,
medical test charges me 24970 rs kharcha hua card se diy,24970,healthcare,card,,
"restaurant bill pe 13363 ka bill tha, cash se pay kiya",13363,food,cash,,
stock purchase me 31556 rs. invest kiya card se,31556,investment,card,,
college fees payment ka course 24252 rs me lya cash se pay kia,24252,education,cash,,
internet recharge recharge kiyaa 42052 rupaye cash se,42052,utilities,cash,,
Amazon purchase INR 5975,5975,shopping,cash,,
Library fee INR 2033,2033,education,card,,
Train ticket IRCTC INR 2815,2815,travel,cash,,
aaj flight ticket booking lia 41133 rupaye card se pay kya,41133,travel,card,,
Internet recharge INR 23262,23262,utilities,upi,,
netflix subscription ka subscription 36242 rs. card se renew kia,36242,entertainment,card,,
stock purchase me 7300 rupaye invest kia card se,7300,investment,card,,
Water bill INR 15760,15760,utilities,cash,,
Pharmacy medicine purchase INR 38653,38653,healthcare,cash,,
Medical test charges INR 25495,25495,healthcare,upi,,
exam fee ki fees 24430 rupaiye card se bharaa,24430,education,card,,
48885 rupay kharcha kiya food court payment pe upi se,48885,food,upi,,
clothing store bill se 17766 rupay ka shopping kiya card se,17766,shopping,card,,
aaj ola cab liya 18073 rupay card se pay kiyaa,18073,travel,card,,
mutual fund sip ka SIP 5070 rupay cash se bhra,5070,investment,cash,,
loan ka credit card emi 47013 rs. card se pay kiya,47013,emi,card,,
home loan emi ki EMI 38595 rs upi se bharra,38595,emi,upi,,
hospital bill pe 38840 rupye khrcha hui davai pe upi se,38840,healthcare,upi,,
doctor consultation me 37362 rupaiye kharcha hua cash se diyee,37362,healthcare,cash,,
Doctor consultation INR 43262,43262,healthcare,cash,,
Messy outlier tx unknown,NULL,blabla,123,,
Credit card EMI INR 23564,23564,emi,upi,,
34348 rs kharch kia netflix subscription pe upi se,34348,entertainment,upi,,
gas bill payment ka bill 48166 rupay cash se bharra,48166,utilities,cash,,
Water bill INR 49046,49046,utilities,cash,,
concert ticket ka subscription 11763 rupay upi se renew kiya,11763,entertainment,upi,,
aaj ola cab liya 33092 rs. cash se pay kiya,33092,travel,cash,,
Gas bill payment INR 29721,29721,utilities,card,,
33675 rupay ka pharmacy medicine purchase bill aaya upi se pay kya,33675,healthcare,upi,,
aaj hotel booking liyaa 49330 rupay cash se pay kiyaa,49330,travel,cash,,
Doctor consultation INR 29350,29350,healthcare,card,,
Pharmacy medicine purchase INR 45837,45837,healthcare,cash,,
Restaurant bill INR 27119,27119,food,cash,,
Bus ticket INR 13637,13637,travel,upi,,
43167 rupaye ka credit card emi installment card se diye,43167,emi,card,,
46968 rupaiye die exam fee ke liye upi se,46968,education,upi,,
Online shopping payment INR 36189,36189,shopping,upi,,
7966 rupye ka pharmacy medicine purchase bill aaya cash se pay kiyaa,7966,healthcare,cash,,
37498 rupay ka pharmacy medicine purchase bill aaya cash se pay kiyaa,37498,healthcare,cash,,
Exam fee INR 10216,10216,education,cash,,
hotel booking ka kiraya 2800 rupaiye diyee card se,2800,travel,card,,
doctor ke yahan 30456 rupay lagaa upi se diyee,30456,healthcare,upi,,
aaj zomato dinner se khana order kiyaa 24063 rupaye upi se die,24063,food,upi,,
Train ticket IRCTC INR 44154,44154,travel,upi,,
online shopping payment pe shopping kia 23032 rupay kharch card se,23032,shopping,card,,
ppf contribution ka SIP 11899 rupaye cash se bhara,11899,investment,cash,,
Stock purchase INR 6959,6959,investment,card,,
Hospital bill INR 21176,21176,healthcare,cash,,
Medical test charges INR 25259,25259,healthcare,upi,,
library fee ki fees 11929 rupay card se bhara,11929,education,card,,
5317 rs. ka order diy clothing store bill pe cash se,5317,shopping,cash,,
Electronics shopping INR 40225,40225,shopping,upi,,
water bill recharge kiya 19826 rs card se,19826,utilities,card,,
internet recharge ka bill 24851 rupye cash se bhara,24851,utilities,cash,,
mobile recharge ka bill 29124 rupay cash se bharra,29124,utilities,cash,,
Flipkart order INR 49376,49376,shopping,cash,,
Train ticket IRCTC INR 29881,29881,travel,upi,,
Gas bill payment INR 20136,20136,utilities,upi,,
gas bill payment ka bill 14827 rupye upi se bhra,14827,utilities,upi,,
fixed deposit investment me 7631 rs invest kia card se,7631,investment,card,,
Bus ticket INR 28299,28299,travel,card,,
Concert ticket INR 43755,43755,entertainment,card,,
Bike loan EMI INR 33886,33886,emi,card,,
padhai ke liye exam fee pe 3733 rs. karcha kya card se,3733,education,card,,
Movie ticket booking INR 13406,13406,entertainment,cash,,
mutual fund sip ka SIP 49196 rs. card se bhara,49196,investment,card,,
doctor ke yahan 11203 rupye laga upi se diye,11203,healthcare,upi,,
Cafe coffee INR 31519,31519,food,cash,,
netflix subscription dekha 10897 rs lgaa upi se diy,10897,entertainment,upi,,
electricity bill payment ka bill 28451 rupaiye upi se bhara,28451,utilities,upi,,
Bike loan EMI INR 5799,5799,emi,card,,
Concert ticket INR 14131,14131,entertainment,cash,,
Stock purchase INR 18071,18071,investment,upi,,
40007 rs stock purchase me daale cash se,40007,investment,cash,,
fixed deposit investment ka SIP 972 rupaiye card se bharra,972,investment,card,,
Pharmacy medicine purchase INR 41090,41090,healthcare,cash,,
Electricity bill payment INR 7322,7322,utilities,cash,,
47701 rupye ka credit card emi installment upi se diye,47701,emi,upi,,
13352 rupaye ka order diy online shopping payment pe cash se,13352,shopping,cash,,
Mobile recharge INR 49624,49624,utilities,cash,,
Bike loan EMI INR 32437,32437,emi,upi,,
loan ka personal loan installment 10299 rupye cash se pay kiya,10299,emi,cash,,
aaj zomato dinner se khana order kia 24587 rs. card se diy,24587,food,card,,
Water bill INR 4226,4226,utilities,card,,
Car loan EMI INR 43527,43527,emi,cash,,
Electricity bill payment INR 25908,25908,utilities,card,,
Train ticket IRCTC INR 7743,7743,travel,upi,,
Ola cab INR 10988,10988,travel,card,,
Online course subscription INR 9216,9216,education,cash,,
car loan emi EMI 23881 rupye kat gaye upi se,23881,emi,upi,,
Food court payment INR 16634,16634,food,cash,,
Electricity bill payment INR 34378,34378,utilities,upi,,
Electronics shopping INR 3485,3485,shopping,upi,,
Flipkart order INR 30644,30644,shopping,upi,,
Water bill INR 16097,16097,utilities,card,,
Fixed deposit investment INR 14317,14317,investment,upi,,
clothing store bill pe shopping kia 11887 rupye kharch upi se,11887,shopping,upi,,
game purchase ka subscription 44741 rupaye cash se renew kiyaa,44741,entertainment,cash,,
movie ticket booking dekha 8987 rupaiye laga cash se die,8987,entertainment,cash,,
37890 rupye kharchaa kya zomato dinner pe cash se,37890,food,cash,,
Zomato dinner INR 48582,48582,food,card,,
Personal loan installment INR 10752,10752,emi,card,,
drop table users;,-100,misc,123,,
30259 rupaye lgaa ola cab me card se diye,30259,travel,card,,
aaj internet recharge ka 42052 rupaiye ka bill cash se bhara,42052,utilities,cash,,
8828 rupye lgaa bus ticket me upi se diyee,8828,travel,upi,,
online shopping payment pe shopping kiya 35319 rupay karcha cash se,35319,shopping,cash,,
Stock purchase INR 21104,21104,investment,upi,,
Swiggy order INR 35031,35031,food,cash,,
6793 rs. ka order diye electronics shopping pe upi se,6793,shopping,upi,,
Gas bill payment INR 29268,29268,utilities,upi,,
Cafe coffee INR 35011,35011,food,upi,,
Movie ticket booking INR 32137,32137,entertainment,card,,
19497 rupaye lagaa hotel booking me upi se diyee,19497,travel,upi,,
Doctor consultation INR 10415,10415,healthcare,upi,,
Lunch at hotel INR 13122,13122,food,cash,,
879 rs. khrcha kiyaa concert ticket pe upi se,879,entertainment,upi,,
Uber ride INR 6512,6512,travel,cash,,
amazon purchase se 39094 rs ka shopping kia upi se,39094,shopping,upi,,
Game purchase INR 19875,19875,entertainment,cash,,
23706 rupaye ka gas bill payment bill pay kiya card se,23706,utilities,card,,
aaj internet recharge ka 25831 rupay ka bill upi se bharra,25831,utilities,upi,,
movie ticket booking ka subscription 10232 rs upi se renew kiya,10232,entertainment,upi,,
pharmacy medicine purchase me 41206 rupye khrcha hua card se die,41206,healthcare,card,,
library fee ka course 28627 rupye me lia cash se pay kya,28627,education,cash,,
train ticket irctc ka kiraya 35992 rupaye die upi se,35992,travel,upi,,
loan ka credit card emi 6773 rupaiye card se pay kiya,6773,emi,card,,
Online shopping payment INR 31941,31941,shopping,card,,
21499 rupaye stock purchase me daale upi se,21499,investment,upi,,
flight ticket booking ki ticket 14393 rupaye me book kya upi se,14393,travel,upi,,
Zomato dinner INR 33073,33073,food,cash,,
Car loan EMI INR 32426,32426,emi,card,,
Restaurant bill INR 28066,28066,food,upi,,
"cafe coffee pe 13624 ka bill tha, upi se pay kya",13624,food,upi,,
exam fee ki fees 11555 rupaye cash se bharaa,11555,education,cash,,
Amazon purchase INR 11360,11360,shopping,card,,
42488 rupay diye online course subscription ke liye upi se,42488,education,upi,,
netflix subscription ka ticket 11831 rs me liyaa cash se,11831,entertainment,cash,,
ola cab ki ticket 25043 rupay me book kia upi se,25043,travel,upi,,
cafe coffee me 5152 rupaye ka khana khayaa upi se,5152,food,upi,,
28251 rupay ka order die amazon purchase pe cash se,28251,shopping,cash,,
movie ticket booking dekha 25505 rs. laga cash se diyee,25505,entertainment,cash,,
6900 rupye ppf contribution me daale upi se,6900,investment,upi,,
doctor ke yahan 4166 rupye lagaa upi se die,4166,healthcare,upi,,
flight ticket booking ki ticket 16591 rupye me book kya upi se,16591,travel,upi,,
Flight ticket booking INR 2558,2558,travel,cash,,
aaj train ticket irctc lya 4487 rupye upi se pay kiyaa,4487,travel,upi,,
gas bill payment ka bill 11052 rupaye card se bharra,11052,utilities,card,,
online electronics shopping se 23080 ka saman liyaa upi se pay kiya,23080,shopping,upi,,
Doctor consultation INR 31165,31165,healthcare,cash,,
Medical test charges INR 38477,38477,healthcare,upi,,
Gas bill payment INR 2559,2559,utilities,cash,,
Messy outlier tx ccard,,error,bitcoin,,
Online course subscription INR 29473,29473,education,card,,
10384 rupye lgaa ola cab me upi se diyee,10384,travel,upi,,
medical test charges pe 12049 rupaye karcha hui davai pe cash se,12049,healthcare,cash,,
padhai ke liye library fee pe 43371 rs. karcha kia upi se,43371,education,upi,,
hotel booking ka kiraya 47891 rs diy card se,47891,travel,card,,
Car loan EMI INR 49197,49197,emi,upi,,
9710 rupaye kharch kiya movie ticket booking pe cash se,9710,entertainment,cash,,
internet recharge recharge kiyaa 35585 rs upi se,35585,utilities,upi,,
train ticket irctc ka kiraya 28434 rs diyee card se,28434,travel,card,,
pizza delivery me 17308 rupay ka khana khaya cash se,17308,food,cash,,
Mobile recharge INR 39235,39235,utilities,card,,
exam fee ki fees 37361 rs card se bhara,37361,education,card,,
game purchase dekha 46497 rupye lga card se diy,46497,entertainment,card,,
exam fee ka course 49707 rupaiye me liyaa card se pay kya,49707,education,card,,
Pharmacy medicine purchase INR 32848,32848,healthcare,upi,,
train ticket irctc ki ticket 45323 rupye me book kia cash se,45323,travel,cash,,
aaj stock purchase me 18830 rupye lagaye cash se,18830,investment,cash,,
"zomato dinner pe 20660 ka bill tha, card se pay kiya",20660,food,card,,
Medical test charges INR 18009,18009,healthcare,upi,,
personal loan installment EMI 14154 rupay kat gaye upi se,14154,emi,upi,,
Bus ticket INR 15145,15145,travel,upi,,
"cafe coffee pe 30008 ka bill tha, upi se pay kia",30008,food,upi,,
movie ticket booking dekha 48615 rupaye lgaa upi se diye,48615,entertainment,upi,,
water bill recharge kia 18005 rs. upi se,18005,utilities,upi,,
Online shopping payment INR 18859,18859,shopping,upi,,
swiggy order me 41364 rs ka khana khaya upi se,41364,food,upi,,
pharmacy medicine purchase me 42462 rupye kharchaa hua upi se diye,42462,healthcare,upi,,
library fee ki fees 40481 rs. card se bharaa,40481,education,card,,
Flight ticket booking INR 4138,4138,travel,upi,,
Online shopping payment INR 16094,16094,shopping,upi,,
hospital bill me 20018 rupaye karcha hua upi se die,20018,healthcare,upi,,
online amazon purchase se 28251 ka saman lya cash se pay kiya,28251,shopping,cash,,
aaj stock purchase me 47141 rupye lagaye card se,47141,investment,card,,
online amazon purchase se 47591 ka saman lya cash se pay kiyaa,47591,shopping,cash,,
9762 rupye ka doctor consultation bill aaya card se pay kiya,9762,healthcare,card,,
aaj internet recharge ka 11879 rupaiye ka bill card se bhara,11879,utilities,card,,
online clothing store bill se 22320 ka saman lya upi se pay kya,22320,shopping,upi,,
swiggy order ka khana 27375 rupaiye me aaya upi se diyee,27375,food,upi,,
41632 rs ka personal loan installment installment upi se diye,41632,emi,upi,,
hospital bill me 3449 rupye kharchaa hua card se diye,3449,healthcare,card,,
Personal loan installment INR 35938,35938,emi,upi,,
aaj ola cab liyaa 24836 rupay upi se pay kya,24836,travel,upi,,
Lunch at hotel INR 33656,33656,food,upi,,
uber ride ki ticket 10393 rupye me book kiya card se,10393,travel,card,,
College fees payment INR 2239,2239,education,cash,,
doctor ke yahan 10255 rupaiye laga card se diye,10255,healthcare,card,,
Library fee INR 17952,17952,education,upi,,
Credit card EMI INR 49382,49382,emi,card,,
Swiggy order INR 3029,3029,food,cash,,
Credit card EMI INR 26305,26305,emi,upi,,
3718 rupye kharcha kiya netflix subscription pe card se,3718,entertainment,card,,
Library fee INR 27185,27185,education,upi,,
college fees payment ki fees 30724 rupay cash se bharra,30724,education,cash,,
aaj water bill ka 49400 rupaiye ka bill cash se bhra,49400,utilities,cash,,
5304 rupaye diyee college fees payment ke liye card se,5304,education,card,,
Library fee INR 32326,32326,education,upi,,
doctor ke yahan 21811 rupaiye laga upi se diye,21811,healthcare,upi,,
PPF contribution INR 11899,11899,investment,cash,,
personal loan installment EMI 2092 rupaiye kat gaye card se,2092,emi,card,,
Stock purchase INR 6063,6063,investment,cash,,
Home loan EMI INR 38403,38403,emi,cash,,
doctor ke yahan 41378 rupaye lagaa cash se diyee,41378,healthcare,cash,,
concert ticket ka ticket 10970 rs. me lia card se,10970,entertainment,card,,
loan ka personal loan installment 32859 rupaye upi se pay kiya,32859,emi,upi,,
44718 rupaye ka internet recharge bill pay kia upi se,44718,utilities,upi,,
hospital bill pe 14615 rupaiye karcha hui davai pe card se,14615,healthcare,card,,
Cafe coffee INR 8289,8289,food,upi,,
Cafe coffee INR 3402,3402,food,upi,,
21920 rupye ka personal loan installment installment cash se diyee,21920,emi,cash,,
Mobile recharge INR 36260,36260,utilities,upi,,
doctor consultation me 10598 rupaiye karcha hua upi se diyee,10598,healthcare,upi,,
20785 rs. ka medical test charges bill aaya cash se pay kiyaa,20785,healthcare,cash,,
Hospital bill INR 2994,2994,healthcare,upi,,
aaj water bill ka 25357 rs. ka bill cash se bharaa,25357,utilities,cash,,
Bike loan EMI INR 28505,28505,emi,upi,,
Exam fee INR 24350,24350,education,card,,
credit card emi ki EMI 23564 rupye upi se bhara,23564,emi,upi,,
online amazon purchase se 29095 ka saman lia upi se pay kiyaa,29095,shopping,upi,,
exam fee ki fees 36392 rupaiye upi se bharra,36392,education,upi,,
29848 rs. ka order diye clothing store bill pe upi se,29848,shopping,upi,,
21920 rs. lagaa hotel booking me upi se diy,21920,travel,upi,,
Hospital bill INR 36809,36809,healthcare,cash,,
Game purchase INR 4239,4239,entertainment,card,,
aaj bus ticket lya 8946 rupaye cash se pay kiyaa,8946,travel,cash,,
Credit card EMI INR 13590,13590,emi,cash,,
flipkart order pe shopping kya 32900 rupye kharchaa cash se,32900,shopping,cash,,
aaj food court payment se khana order kiya 35151 rs. cash se die,35151,food,cash,,
Restaurant bill INR 9884,9884,food,card,,
Doctor consultation INR 23204,23204,healthcare,cash,,
24205 rs lga train ticket irctc me cash se diye,24205,travel,cash,,
online shopping payment se 44440 rs. ka shopping kiyaa upi se,44440,shopping,upi,,
45769 rupaye diyee online course subscription ke liye cash se,45769,education,cash,,
stock purchase me 19372 rupaiye invest kiyaa card se,19372,investment,card,,
Gas bill payment INR 7271,7271,utilities,upi,,
40075 rupay khrcha kiya restaurant bill pe cash se,40075,food,cash,,
Exam fee INR 19878,19878,education,card,,
bus ticket ki ticket 945 rupaiye me book kia upi se,945,travel,upi,,
26515 rupye lgaa bus ticket me card se die,26515,travel,card,,
food court payment me 11576 rs ka khana khaya cash se,11576,food,cash,,
uber ride ka kiraya 9026 rs diyee upi se,9026,travel,upi,,
PPF contribution INR 11307,11307,investment,cash,,
aaj crypto investment me 47099 rupaye lagaye upi se,47099,investment,upi,,
5904 rs ppf contribution me daale upi se,5904,investment,upi,,
25205 rupaiye kharchaa kya concert ticket pe upi se,25205,entertainment,upi,,
Library fee INR 34355,34355,education,upi,,
car loan emi ki EMI 31567 rupaye cash se bharra,31567,emi,cash,,
Lunch at hotel INR 24015,24015,food,cash,,
Hotel booking INR 49330,49330,travel,cash,,
credit card emi EMI 46690 rupaiye kat gaye cash se,46690,emi,cash,,
car loan emi ki EMI 20350 rs cash se bharaa,20350,emi,cash,,
pharmacy medicine purchase me 12078 rupaye kharchaa hua cash se die,12078,healthcare,cash,,
home loan emi ki EMI 17140 rs cash se bhra,17140,emi,cash,,
stock purchase me 6039 rupay invest kya card se,6039,investment,card,,
Bike loan EMI INR 46482,46482,emi,card,,
Uber ride INR 32464,32464,travel,cash,,
Pizza delivery INR 37318,37318,food,cash,,
29602 rs ka internet recharge bill pay kia cash se,29602,utilities,cash,,
just random text 123,NaN,error,unknown,,EDA test row
credit card emi EMI 13121 rs kat gaye card se,13121,emi,card,,
3031 rs. ka medical test charges bill aaya upi se pay kya,3031,healthcare,upi,,
49578 rupaiye khrcha kiya netflix subscription pe card se,49578,entertainment,card,,
24262 rupaiye ka order diy online shopping payment pe card se,24262,shopping,card,,
Netflix subscription INR 1238,1238,entertainment,card,,
Pizza delivery INR 11281,11281,food,card,,
Bike loan EMI INR 5087,5087,emi,card,,
8849 rupaye diy exam fee ke liye card se,8849,education,card,,
Food court payment INR 21293,21293,food,upi,,
Pharmacy medicine purchase INR 25116,25116,healthcare,cash,,
flight ticket booking ka kiraya 35087 rupaye die upi se,35087,travel,upi,,
crypto investment me 38527 rupaiye invest kia upi se,38527,investment,upi,,
clothing store bill se 39433 rs ka shopping kia upi se,39433,shopping,upi,,
credit card emi ki EMI 15371 rupaiye cash se bhara,15371,emi,cash,,
online online shopping payment se 6946 ka saman lia card se pay kia,6946,shopping,card,,
Pizza delivery INR 9509,9509,food,cash,,
crypto investment ka SIP 1986 rs upi se bharaa,1986,investment,upi,,
25302 rupaiye ka medical test charges bill aaya card se pay kiyaa,25302,healthcare,card,,
online course subscription ka course 44855 rs. me lya cash se pay kya,44855,education,cash,,
27348 rupaiye khrcha kia restaurant bill pe card se,27348,food,card,,
Personal loan installment INR 21586,21586,emi,card,,
Car loan EMI INR 33130,33130,emi,upi,,
library fee ka course 22571 rs me lya card se pay kia,22571,education,card,,
PPF contribution INR 41694,41694,investment,cash,,
Bike loan EMI INR 38540,38540,emi,cash,,
padhai ke liye online course subscription pe 17778 rs. kharch kiyaa cash se,17778,education,cash,,
27119 rupay khrcha kia restaurant bill pe cash se,27119,food,cash,,
27185 rupay diye library fee ke liye upi se,27185,education,upi,,
Flipkart order INR 7484,7484,shopping,upi,,
mutual fund sip ka SIP 40608 rupye upi se bhara,40608,investment,upi,,
fixed deposit investment ka SIP 49214 rupaye card se bharaa,49214,investment,card,,
loan ka bike loan emi 28611 rupaiye cash se pay kiyaa,28611,emi,cash,,
Food court payment INR 32389,32389,food,card,,
pizza delivery ka khana 41481 rs. me aaya card se diyee,41481,food,card,,
802 rs ka order diye online shopping payment pe cash se,802,shopping,cash,,
flight ticket booking ka kiraya 8151 rupaye diy cash se,8151,travel,cash,,
36913 rupaiye diyee library fee ke liye card se,36913,education,card,,
mutual fund sip me 18264 rupaye invest kya upi se,18264,investment,upi,,
Movie ticket booking INR 21543,21543,entertainment,cash,,
Mobile recharge INR 20721,20721,utilities,upi,,
Water bill INR 38509,38509,utilities,upi,,
Food court payment INR 36854,36854,food,upi,,
Messy outlier tx ccard,five hundred,blabla,ccard,NULL,
internet recharge ka bill 16904 rupaye card se bharra,16904,utilities,card,,
library fee ki fees 7653 rupay cash se bharra,7653,education,cash,,
padhai ke liye online course subscription pe 42836 rupay kharch kiya card se,42836,education,card,,
Hospital bill INR 4249,4249,healthcare,upi,,
flight ticket booking ki ticket 5666 rs. me book kiyaa card se,5666,travel,card,,
Pharmacy medicine purchase INR 39626,39626,healthcare,upi,,
college fees payment ka course 30724 rs. me lia cash se pay kya,30724,education,cash,,
Medical test charges INR 34726,34726,healthcare,card,,
electronics shopping pe shopping kiyaa 5228 rupaye kharchaa upi se,5228,shopping,upi,,
padhai ke liye college fees payment pe 8530 rs. kharcha kia card se,8530,education,card,,
5415 rupye crypto investment me daale upi se,5415,investment,upi,,
padhai ke liye college fees payment pe 14567 rs karcha kya card se,14567,education,card,,
2014 rupye lgaa ola cab me upi se diye,2014,travel,upi,,
mobile recharge recharge kya 20622 rupaiye cash se,20622,utilities,cash,,
3846 rupaiye ka internet recharge bill pay kia card se,3846,utilities,card,,
49683 rupye kharcha kya game purchase pe upi se,49683,entertainment,upi,,
bus ticket ki ticket 42889 rs. me book kiyaa upi se,42889,travel,upi,,
clothing store bill pe shopping kiya 44402 rs karcha upi se,44402,shopping,upi,,
doctor ke yahan 12866 rupye lagaa cash se diyee,12866,healthcare,cash,,
Train ticket IRCTC INR 17091,17091,travel,cash,,
Online shopping payment INR 44568,44568,shopping,cash,,
Zomato dinner INR 24587,24587,food,card,,
doctor consultation me 3844 rupaiye khrcha hua upi se diye,3844,healthcare,upi,,
netflix subscription dekha 10584 rupye lagaa cash se diyee,10584,entertainment,cash,,
pharmacy medicine purchase me 44664 rupay karcha hua card se die,44664,healthcare,card,,
Netflix subscription INR 44905,44905,entertainment,card,,
exam fee ki fees 34325 rupaye upi se bharra,34325,education,upi,,
Personal loan installment INR 38357,38357,emi,card,,
gas bill payment ka bill 29522 rupay card se bharaa,29522,utilities,card,,
online course subscription ka course 17866 rupay me lya upi se pay kia,17866,education,upi,,
concert ticket ka ticket 4868 rs. me lya card se,4868,entertainment,card,,
college fees payment ka course 49635 rs me lya card se pay kya,49635,education,card,,
medical test charges me 24364 rupay karcha hua cash se diyee,24364,healthcare,cash,,
16762 rs ka bike loan emi installment upi se diy,16762,emi,upi,,
pharmacy medicine purchase pe 21958 rupye karcha hui davai pe cash se,21958,healthcare,cash,,
online shopping payment se 4718 rs. ka shopping kiya card se,4718,shopping,card,,
online electronics shopping se 40225 ka saman liyaa upi se pay kia,40225,shopping,upi,,
uber ride ki ticket 38543 rs me book kiya cash se,38543,travel,cash,,
aaj mobile recharge ka 17277 rupaiye ka bill card se bharra,17277,utilities,card,,
12513 rs kharchaa kia food court payment pe upi se,12513,food,upi,,
12117 rs. kharchaa kya netflix subscription pe cash se,12117,entertainment,cash,,
7272 rupye lagaa bus ticket me upi se diy,7272,travel,upi,,
9212 rupay ka credit card emi installment upi se diyee,9212,emi,upi,,
game purchase ka subscription 33672 rupye upi se renew kiyaa,33672,entertainment,upi,,
aaj pizza delivery se khana order kiya 41159 rs. cash se diye,41159,food,cash,,
Mobile recharge INR 14523,14523,utilities,card,,
Stock purchase INR 5176,5176,investment,card,,
Flight ticket booking INR 33304,33304,travel,card,,
Pizza delivery INR 9325,9325,food,upi,,
11995 rupaiye kharch kiya concert ticket pe card se,11995,entertainment,card,,
online electronics shopping se 15287 ka saman liya cash se pay kiyaa,15287,shopping,cash,,
Lunch at hotel INR 31681,31681,food,card,,
aaj stock purchase me 33442 rs. lagaye card se,33442,investment,card,,
lunch at hotel ka khana 15351 rupay me aaya upi se diy,15351,food,upi,,
bike loan emi EMI 6310 rupye kat gaye cash se,6310,emi,cash,,
test transaction do not process,five hundred,,123,,
Doctor consultation INR 45682,45682,healthcare,upi,,
crypto investment me 24245 rupaiye invest kya card se,24245,investment,card,,
game purchase dekha 48487 rs. lga cash se diyee,48487,entertainment,cash,,
PPF contribution INR 16946,16946,investment,card,,
Concert ticket INR 28359,28359,entertainment,cash,,
mobile recharge recharge kya 25140 rs cash se,25140,utilities,cash,,
Electricity bill payment INR 5785,5785,utilities,card,,
online electronics shopping se 36703 ka saman liyaa card se pay kya,36703,shopping,card,,
23898 rupay kharch kia movie ticket booking pe cash se,23898,entertainment,cash,,
Netflix subscription INR 10997,10997,entertainment,upi,,
mutual fund sip me 2199 rs. invest kia upi se,2199,investment,upi,,
pharmacy medicine purchase pe 13570 rs kharcha hui davai pe cash se,13570,healthcare,cash,,
swiggy order me 38131 rs. ka khana khaaya upi se,38131,food,upi,,
mutual fund sip me 23594 rupaiye invest kiyaa card se,23594,investment,card,,
College fees payment INR 26214,26214,education,upi,,
Bike loan EMI INR 10068,10068,emi,upi,,
Water bill INR 27033,27033,utilities,card,,
train ticket irctc ki ticket 7748 rupay me book kiya card se,7748,travel,card,,
6190 rupaiye ka credit card emi installment cash se diy,6190,emi,cash,,
43757 rs ka order diye clothing store bill pe cash se,43757,shopping,cash,,
clothing store bill se 15386 rs. ka shopping kiya cash se,15386,shopping,cash,,
bike loan emi EMI 33432 rupaye kat gaye cash se,33432,emi,cash,,
Game purchase INR 25920,25920,entertainment,upi,,
Online course subscription INR 11146,11146,education,upi,,
Zomato dinner INR 44483,44483,food,cash,,
41421 rupye ka internet recharge bill pay kia card se,41421,utilities,card,,
Library fee INR 33540,33540,education,card,,
40388 rs ka doctor consultation bill aaya card se pay kiya,40388,healthcare,card,,
Bike loan EMI INR 4969,4969,emi,cash,,
2700 rupaye ka hospital bill bill aaya cash se pay kiya,2700,healthcare,cash,,
48552 rs karcha kiyaa food court payment pe cash se,48552,food,cash,,
personal loan installment ki EMI 43721 rupaye cash se bhra,43721,emi,cash,,
movie ticket booking ka ticket 8003 rupay me liya cash se,8003,entertainment,cash,,
bike loan emi EMI 3838 rupye kat gaye upi se,3838,emi,upi,,
Hospital bill INR 48021,48021,healthcare,card,,
41779 rs. lga flight ticket booking me upi se diy,41779,travel,upi,,
Flipkart order INR 30802,30802,shopping,card,,
Gas bill payment INR 4389,4389,utilities,cash,,
personal loan installment ki EMI 29883 rupye cash se bhra,29883,emi,cash,,
uber ride ki ticket 27817 rs. me book kiyaa upi se,27817,travel,upi,,
Home loan EMI INR 34541,34541,emi,cash,,
2915 rupaye ka personal loan installment installment upi se diy,2915,emi,upi,,
43216 rupay ka order diyee clothing store bill pe cash se,43216,shopping,cash,,
Online course subscription INR 11066,11066,education,card,,
bike loan emi EMI 43129 rs kat gaye cash se,43129,emi,cash,,
Bike loan EMI INR 45008,45008,emi,cash,,
Flipkart order INR 22475,22475,shopping,card,,
<script>alert('xss')</script>,,,bitcoin,,EDA test row
Pharmacy medicine purchase INR 30130,30130,healthcare,cash,,
game purchase ka ticket 28738 rupye me liya upi se,28738,entertainment,upi,,
39359 rupye laga ola cab me card se die,39359,travel,card,,
loan ka home loan emi 9418 rupye cash se pay kiyaa,9418,emi,cash,,
ola cab ki ticket 37202 rupay me book kiyaa card se,37202,travel,card,,
pharmacy medicine purchase me 32444 rupye kharcha hua cash se die,32444,healthcare,cash,,
Netflix subscription INR 36831,36831,entertainment,cash,,
<script>alert('xss')</script>,,shopping_err,unknown,,
bike loan emi EMI 2411 rupaiye kat gaye upi se,2411,emi,upi,,
38760 rupay ka electricity bill payment bill pay kiya cash se,38760,utilities,cash,,
Messy outlier tx ccard,,,,Mumbai,EDA test row
Game purchase INR 37665,37665,entertainment,card,,
fixed deposit investment ka SIP 26018 rupaye card se bhra,26018,investment,card,,
home loan emi ki EMI 22776 rupaye card se bharra,22776,emi,card,,
home loan emi ki EMI 32869 rs card se bhra,32869,emi,card,,
restaurant bill me 30611 rs ka khana khayaa card se,30611,food,card,,
29858 rupaye die college fees payment ke liye upi se,29858,education,upi,,
water bill ka bill 41332 rs. upi se bharaa,41332,utilities,upi,,
28032 rs. diye exam fee ke liye cash se,28032,education,cash,,
Hospital bill INR 8207,8207,healthcare,upi,,
online amazon purchase se 10628 ka saman liya card se pay kiyaa,10628,shopping,card,,
clothing store bill se 45765 rupaiye ka shopping kiyaa upi se,45765,shopping,upi,,
ppf contribution ka SIP 32449 rupaye upi se bharaa,32449,investment,upi,,
pharmacy medicine purchase me 4387 rupaiye karcha hua cash se die,4387,healthcare,cash,,
pharmacy medicine purchase me 22662 rupye kharcha hua cash se die,22662,healthcare,cash,,
Hotel booking INR 6718,6718,travel,upi,,
PPF contribution INR 36813,36813,investment,upi,,
aaj fixed deposit investment me 32745 rupaye lagaye upi se,32745,investment,upi,,
24606 rupaiye diye college fees payment ke liye cash se,24606,education,cash,,
test transaction do not process,-100,misc,,,
Water bill INR 19393,19393,utilities,upi,,
Uber ride INR 36125,36125,travel,cash,,
Zomato dinner INR 27436,27436,food,card,,
library fee ka course 6490 rupaye me liyaa upi se pay kiya,6490,education,upi,,
clothing store bill se 8736 rupye ka shopping kiya cash se,8736,shopping,cash,,
exam fee ki fees 33297 rupaiye upi se bhara,33297,education,upi,,
bike loan emi ki EMI 16845 rs. upi se bharra,16845,emi,upi,,
Online course subscription INR 27912,27912,education,upi,,
Library fee INR 11929,11929,education,card,,
pizza delivery me 39953 rupaiye ka khana khaya card se,39953,food,card,,
College fees payment INR 41779,41779,education,upi,,
Medical test charges INR 32536,32536,healthcare,upi,,
loan ka personal loan installment 6146 rupay cash se pay kya,6146,emi,cash,,
25173 rupye ka home loan emi installment cash se diyee,25173,emi,cash,,
Gas bill payment INR 31910,31910,utilities,card,,
Netflix subscription INR 19851,19851,entertainment,cash,,
zomato dinner me 48990 rupay ka khana khya card se,48990,food,card,,
aaj fixed deposit investment me 2688 rupye lagaye cash se,2688,investment,cash,,
31262 rupaye die exam fee ke liye card se,31262,education,card,,
Uber ride INR 37938,37938,travel,card,,
pharmacy medicine purchase me 40248 rupye kharcha hua card se diye,40248,healthcare,card,,
crypto investment me 7664 rs. invest kya card se,7664,investment,card,,
Concert ticket INR 27935,27935,entertainment,upi,,
47620 rs ka medical test charges bill aaya upi se pay kia,47620,healthcare,upi,,
46012 rs ka credit card emi installment cash se diye,46012,emi,cash,,
home loan emi ki EMI 47080 rs. upi se bhara,47080,emi,upi,,
Medical test charges INR 38867,38867,healthcare,card,,
Food court payment INR 48267,48267,food,cash,,
25884 rs. ka car loan emi installment card se diyee,25884,emi,card,,
9249 rupaye ka bike loan emi installment cash se diyee,9249,emi,cash,,
39930 rupye kharch kia zomato dinner pe cash se,39930,food,cash,,
"food court payment pe 28702 ka bill tha, upi se pay kia",28702,food,upi,,
aaj stock purchase me 45951 rupaye lagaye cash se,45951,investment,cash,,
online course subscription ki fees 38784 rs cash se bhara,38784,education,cash,,
mobile recharge recharge kiyaa 20721 rs upi se,20721,utilities,upi,,
1479 rupye diy library fee ke liye card se,1479,education,card,,
22272 rupye ka pharmacy medicine purchase bill aaya card se pay kiyaa,22272,healthcare,card,,
45500 rupay stock purchase me daale upi se,45500,investment,upi,,
Crypto investment INR 40237,40237,investment,upi,,
30005 rs. kharchaa kiya restaurant bill pe upi se,30005,food,upi,,
Netflix subscription INR 39961,39961,entertainment,card,,
Online shopping payment INR 38055,38055,shopping,cash,,
train ticket irctc ki ticket 2815 rupay me book kiya cash se,2815,travel,cash,,
Flight ticket booking INR 9386,9386,travel,cash,,
Crypto investment INR 13140,13140,investment,cash,,
"pizza delivery pe 37935 ka bill tha, card se pay kiya",37935,food,card,,
aaj internet recharge ka 31194 rupye ka bill upi se bhara,31194,utilities,upi,,
Mutual fund SIP INR 32055,32055,investment,cash,,
ppf contribution me 31071 rs. invest kia card se,31071,investment,card,,
doctor ke yahan 5504 rupaye lgaa cash se die,5504,healthcare,cash,,
Personal loan installment INR 15247,15247,emi,cash,,
Pharmacy medicine purchase INR 46477,46477,healthcare,upi,,
Library fee INR 40932,40932,education,cash,,
movie ticket booking ka subscription 22657 rs cash se renew kia,22657,entertainment,cash,,
crypto investment me 33494 rupaiye invest kia cash se,33494,investment,cash,,
aaj ppf contribution me 16946 rupay lagaye card se,16946,investment,card,,
Fixed deposit investment INR 43440,43440,investment,upi,,
Hospital bill INR 21582,21582,healthcare,card,,
College fees payment INR 26976,26976,education,cash,,
online shopping payment pe shopping kia 22158 rs. khrcha card se,22158,shopping,card,,
Mobile recharge INR 36585,36585,utilities,cash,,
Game purchase INR 38600,38600,entertainment,card,,
pharmacy medicine purchase pe 20321 rs. kharcha hui davai pe cash se,20321,healthcare,cash,,
aaj ola cab lya 48007 rs upi se pay kiyaa,48007,travel,upi,,
aaj ppf contribution me 11307 rs. lagaye cash se,11307,investment,cash,,
Hospital bill INR 14615,14615,healthcare,card,,
home loan emi ki EMI 15114 rs. upi se bhra,15114,emi,upi,,
pharmacy medicine purchase me 47337 rs. karcha hua cash se diye,47337,healthcare,cash,,
Stock purchase INR 1385,1385,investment,upi,,
40150 rupaiye ka pharmacy medicine purchase bill aaya card se pay kiya,40150,healthcare,card,,
aaj restaurant bill se khana order kia 18628 rupay card se diye,18628,food,card,,
Electronics shopping INR 16912,16912,shopping,card,,
doctor ke yahan 40280 rupaiye lgaa upi se diye,40280,healthcare,upi,,
uber ride ka kiraya 19069 rs. diye upi se,19069,travel,upi,,
online clothing store bill se 35544 ka saman liyaa card se pay kiyaa,35544,shopping,card,,
Clothing store bill INR 32268,32268,shopping,cash,,
college fees payment ka course 39059 rs. me lia card se pay kiya,39059,education,card,,
24656 rupye ka water bill bill pay kia card se,24656,utilities,card,,
aaj internet recharge ka 27826 rupye ka bill card se bharaa,27826,utilities,card,,
aaj gas bill payment ka 45338 rupay ka bill upi se bhra,45338,utilities,upi,,
internet recharge ka bill 25681 rupaye upi se bharra,25681,utilities,upi,,
loan ka home loan emi 25173 rupaiye cash se pay kia,25173,emi,cash,,
19694 rs. ka order diy electronics shopping pe card se,19694,shopping,card,,
crypto investment ka SIP 48735 rs cash se bharra,48735,investment,cash,,
movie ticket booking dekha 19949 rs. lagaa upi se diyee,19949,entertainment,upi,,
flipkart order pe shopping kiyaa 46004 rupay kharchaa card se,46004,shopping,card,,
flight ticket booking ka kiraya 46270 rupye die upi se,46270,travel,upi,,
Train ticket IRCTC INR 48847,48847,travel,cash,,
concert ticket ka ticket 46062 rs me lya upi se,46062,entertainment,upi,,
Car loan EMI INR 45602,45602,emi,cash,,
online course subscription ka course 49904 rupaiye me liya upi se pay kiyaa,49904,education,upi,,
Doctor consultation INR 22862,22862,healthcare,card,,
Electricity bill payment INR 6358,6358,utilities,cash,,
"pizza delivery pe 14330 ka bill tha, upi se pay kya",14330,food,upi,,
42126 rs. lga flight ticket booking me card se diye,42126,travel,card,,
movie ticket booking ka subscription 8094 rupay cash se renew kia,8094,entertainment,cash,,
pizza delivery ka khana 20048 rupaye me aaya card se diy,20048,food,card,,
"pizza delivery pe 9325 ka bill tha, upi se pay kiyaa",9325,food,upi,,
pharmacy medicine purchase me 6862 rs. khrcha hua upi se diyee,6862,healthcare,upi,,
34106 rupye ka credit card emi installment upi se diye,34106,emi,upi,,
Mutual fund SIP INR 6662,6662,investment,cash,,
loan ka credit card emi 44674 rupye cash se pay kiyaa,44674,emi,cash,,
48946 rupaye kharch kia game purchase pe upi se,48946,entertainment,upi,,
bike loan emi EMI 44991 rs. kat gaye cash se,44991,emi,cash,,
loan ka credit card emi 23724 rupaye cash se pay kiya,23724,emi,cash,,
aaj pizza delivery se khana order kia 21288 rupye card se diy,21288,food,card,,
"zomato dinner pe 14676 ka bill tha, cash se pay kiyaa",14676,food,cash,,
flight ticket booking ki ticket 9397 rs me book kya card se,9397,travel,card,,
Online course subscription INR 35017,35017,education,card,,
Library fee INR 19537,19537,education,card,,
"food court payment pe 33501 ka bill tha, upi se pay kiyaa",33501,food,upi,,
restaurant bill ka khana 42609 rupaye me aaya upi se die,42609,food,upi,,
doctor ke yahan 41958 rupaiye lgaa cash se diy,41958,healthcare,cash,,
Pharmacy medicine purchase INR 2242,2242,healthcare,upi,,
Crypto investment INR 47099,47099,investment,upi,,
game purchase ka ticket 36229 rupaiye me liya cash se,36229,entertainment,cash,,
internet recharge recharge kia 23178 rs. upi se,23178,utilities,upi,,
Messy outlier tx ccard,0,blabla,paypal,,
pharmacy medicine purchase pe 21419 rupye khrcha hui davai pe upi se,21419,healthcare,upi,,
netflix subscription ka ticket 8429 rupye me lya card se,8429,entertainment,card,,
Online shopping payment INR 30426,30426,shopping,cash,,
Flipkart order INR 28928,28928,shopping,cash,,
car loan emi EMI 3240 rupaiye kat gaye upi se,3240,emi,upi,,
18034 rupaye diyee college fees payment ke liye cash se,18034,education,cash,,
flipkart order pe shopping kia 19969 rupay kharchaa cash se,19969,shopping,cash,,
Online shopping payment INR 2686,2686,shopping,card,,
bus ticket ka kiraya 19731 rs die upi se,19731,travel,upi,,
Netflix subscription INR 9742,9742,entertainment,cash,,
padhai ke liye college fees payment pe 21240 rs khrcha kiyaa cash se,21240,education,cash,,
Netflix subscription INR 12235,12235,entertainment,cash,,
credit card emi ki EMI 41630 rs cash se bhara,41630,emi,cash,,
padhai ke liye online course subscription pe 31046 rs kharchaa kiyaa cash se,31046,education,cash,,
loan ka home loan emi 37322 rs. card se pay kya,37322,emi,card,,
12803 rupaye kharch kiyaa cafe coffee pe cash se,12803,food,cash,,
Amazon purchase INR 8357,8357,shopping,upi,,
electricity bill payment ka bill 43742 rs. card se bharaa,43742,utilities,card,,
uber ride ka kiraya 43386 rupay diyee card se,43386,travel,card,,
15261 rupye ka internet recharge bill pay kia cash se,15261,utilities,cash,,
doctor consultation pe 32665 rupaye kharcha hui davai pe cash se,32665,healthcare,cash,,
810 rupaiye die exam fee ke liye card se,810,education,card,,
26312 rupye ka order diy electronics shopping pe card se,26312,shopping,card,,
Electronics shopping INR 30528,30528,shopping,cash,,
Credit card EMI INR 23065,23065,emi,card,,
online course subscription ka course 31262 rupay me lia cash se pay kya,31262,education,cash,,
ppf contribution ka SIP 45528 rs. card se bhra,45528,investment,card,,
mutual fund sip ka SIP 21535 rupaye cash se bhra,21535,investment,cash,,
Mutual fund SIP INR 9829,9829,investment,upi,,
Hotel booking INR 2078,2078,travel,upi,,
Gas bill payment INR 9182,9182,utilities,upi,,
Electronics shopping INR 1279,1279,shopping,cash,,
18264 rs mutual fund sip me daale upi se,18264,investment,upi,,
College fees payment INR 31649,31649,education,card,,
3420 rupye lga hotel booking me upi se diy,3420,travel,upi,,
hotel booking ka kiraya 48293 rupye diye upi se,48293,travel,upi,,
College fees payment INR 41625,41625,education,card,,
4826 rs khrcha kya concert ticket pe cash se,4826,entertainment,cash,,
fixed deposit investment me 13375 rs. invest kiya upi se,13375,investment,upi,,
online online shopping payment se 715 ka saman lia upi se pay kiya,715,shopping,upi,,
Online course subscription INR 17206,17206,education,cash,,
online clothing store bill se 27979 ka saman liyaa card se pay kiya,27979,shopping,card,,
Pharmacy medicine purchase INR 2679,2679,healthcare,card,,
4944 rupay ka order diye flipkart order pe upi se,4944,shopping,upi,,
Exam fee INR 14429,14429,education,upi,,
7282 rs. ka personal loan installment installment upi se diyee,7282,emi,upi,,
Concert ticket INR 18555,18555,entertainment,upi,,
Train ticket IRCTC INR 20156,20156,travel,card,,
movie ticket booking ka subscription 36416 rupye cash se renew kia,36416,entertainment,cash,,
8326 rupaye diy college fees payment ke liye card se,8326,education,card,,
Ola cab INR 33382,33382,travel,cash,,
game purchase ka subscription 3341 rupay cash se renew kya,3341,entertainment,cash,,
Home loan EMI INR 10786,10786,emi,card,,
33517 rupye ka order diy flipkart order pe card se,33517,shopping,card,,
37956 rs diye exam fee ke liye upi se,37956,education,upi,,
aaj food court payment se khana order kiyaa 48885 rupaye upi se die,48885,food,upi,,
Home loan EMI INR 44398,44398,emi,card,,
<script>alert('xss')</script>,"1,000",shopping_err,csh,123,
fixed deposit investment me 20610 rupay invest kia card se,20610,investment,card,,
car loan emi ki EMI 9767 rupaiye upi se bhra,9767,emi,upi,,
exam fee ka course 21146 rs me liyaa cash se pay kiya,21146,education,cash,,
PPF contribution INR 32449,32449,investment,upi,,
11206 rupaiye ka order diyee flipkart order pe upi se,11206,shopping,upi,,
car loan emi EMI 16798 rupaye kat gaye upi se,16798,emi,upi,,
stock purchase ka SIP 48390 rupaye upi se bharaa,48390,investment,upi,,
Water bill INR 36857,36857,utilities,card,,
bus ticket ka kiraya 41579 rupaiye diy upi se,41579,travel,upi,,
Flipkart order INR 13109,13109,shopping,cash,,
loan ka credit card emi 46012 rupay cash se pay kya,46012,emi,cash,,
credit card emi EMI 2475 rupye kat gaye card se,2475,emi,card,,
Fixed deposit investment INR 11736,11736,investment,upi,,
padhai ke liye online course subscription pe 10709 rupye khrcha kia cash se,10709,education,cash,,
12478 rs ka car loan emi installment cash se diyee,12478,emi,cash,,
Medical test charges INR 9829,9829,healthcare,cash,,
<script>alert('xss')</script>,,misc,,NaN,
online course subscription ki fees 45388 rupaye cash se bharaa,45388,education,cash,,
online electronics shopping se 16912 ka saman lia card se pay kia,16912,shopping,card,,
Movie ticket booking INR 22911,22911,entertainment,upi,,
stock purchase me 19329 rupaye invest kiya cash se,19329,investment,cash,,
Electronics shopping INR 7768,7768,shopping,card,,
Car loan EMI INR 12478,12478,emi,cash,,
Crypto investment INR 33358,33358,investment,cash,,
gas bill payment recharge kia 13785 rupaiye upi se,13785,utilities,upi,,
Hospital bill INR 37778,37778,healthcare,upi,,
Train ticket IRCTC INR 43416,43416,travel,upi,,
Hospital bill INR 34646,34646,healthcare,upi,,
stock purchase ka SIP 37050 rs. upi se bharaa,37050,investment,upi,,
44268 rupaye kharcha kiyaa game purchase pe upi se,44268,entertainment,upi,,
doctor ke yahan 41993 rupaye laga cash se diye,41993,healthcare,cash,,
doctor ke yahan 48996 rs lgaa cash se die,48996,healthcare,cash,,
electronics shopping se 32177 rupaiye ka shopping kiyaa cash se,32177,shopping,cash,,
Flight ticket booking INR 26596,26596,travel,cash,,
Amazon purchase INR 39169,39169,shopping,cash,,
movie ticket booking ka ticket 24734 rupaiye me liya card se,24734,entertainment,card,,
loan ka car loan emi 12478 rs. cash se pay kiyaa,12478,emi,cash,,
aaj uber ride lia 7532 rupaiye cash se pay kia,7532,travel,cash,,
loan ka home loan emi 3590 rupye cash se pay kiya,3590,emi,cash,,
!@#$%^&*(),-5000,,UPIID123,Unknown,
Electricity bill payment INR 25555,25555,utilities,card,,
uber ride ki ticket 32669 rupay me book kya cash se,32669,travel,cash,,
Hospital bill INR 24670,24670,healthcare,cash,,
padhai ke liye exam fee pe 31084 rupay kharchaa kiya upi se,31084,education,upi,,
42112 rs. ka gas bill payment bill pay kiyaa cash se,42112,utilities,cash,,
Pharmacy medicine purchase INR 27734,27734,healthcare,card,,
netflix subscription ka subscription 37554 rupaye cash se renew kya,37554,entertainment,cash,,
movie ticket booking ka subscription 45548 rupaye card se renew kiyaa,45548,entertainment,card,,
48270 rupye ka internet recharge bill pay kiya upi se,48270,utilities,upi,,
37287 rupaye fixed deposit investment me daale card se,37287,investment,card,,
11066 rupaye diye online course subscription ke liye card se,11066,education,card,,
Movie ticket booking INR 14225,14225,entertainment,card,,
Bike loan EMI INR 6310,6310,emi,cash,,
49779 rupaye ka order diyee amazon purchase pe upi se,49779,shopping,upi,,
pharmacy medicine purchase me 25354 rupye kharch hua card se diy,25354,healthcare,card,,
doctor consultation pe 7063 rs. kharch hui davai pe upi se,7063,healthcare,upi,,
doctor ke yahan 6231 rs lga card se die,6231,healthcare,card,,
Crypto investment INR 1681,1681,investment,upi,,
aaj zomato dinner se khana order kia 41858 rupaye card se diye,41858,food,card,,
33981 rupaiye khrcha kia movie ticket booking pe card se,33981,entertainment,card,,
exam fee ka course 41155 rs me liyaa upi se pay kiyaa,41155,education,upi,,
Lunch at hotel INR 15636,15636,food,card,,
Electricity bill payment INR 8430,8430,utilities,upi,,
Online shopping payment INR 39740,39740,shopping,cash,,
PPF contribution INR 44613,44613,investment,cash,,
Netflix subscription INR 5606,5606,entertainment,upi,,
medical test charges pe 35023 rupye khrcha hui davai pe card se,35023,healthcare,card,,
Bike loan EMI INR 32567,32567,emi,cash,,
Mutual fund SIP INR 33886,33886,investment,cash,,
movie ticket booking dekha 13215 rs. lgaa cash se die,13215,entertainment,cash,,
food court payment me 24526 rupaiye ka khana khaaya card se,24526,food,card,,
aaj fixed deposit investment me 13601 rupaye lagaye card se,13601,investment,card,,
49755 rupaiye ka hospital bill bill aaya card se pay kya,49755,healthcare,card,,
Pharmacy medicine purchase INR 27123,27123,healthcare,upi,,
Movie ticket booking INR 29029,29029,entertainment,cash,,
13034 rs. stock purchase me daale upi se,13034,investment,upi,,
doctor ke yahan 42358 rupay lagaa cash se die,42358,healthcare,cash,,
Movie ticket booking INR 21923,21923,entertainment,upi,,
Messy outlier tx 123,NULL,blabla,paypal,,
College fees payment INR 28985,28985,education,cash,,
car loan emi ki EMI 35903 rupaiye cash se bharaa,35903,emi,cash,,
PPF contribution INR 36136,36136,investment,cash,,
uber ride ka kiraya 5465 rupaye die cash se,5465,travel,cash,,
Hotel booking INR 840,840,travel,upi,,
7532 rs lga uber ride me cash se diy,7532,travel,cash,,
"food court payment pe 32697 ka bill tha, upi se pay kiya",32697,food,upi,,
loan ka bike loan emi 26366 rupaye upi se pay kiyaa,26366,emi,upi,,
Crypto investment INR 19329,19329,investment,upi,,
Movie ticket booking INR 5660,5660,entertainment,card,,
34441 rupaiye diye library fee ke liye upi se,34441,education,upi,,
mutual fund sip me 41309 rs invest kiyaa cash se,41309,investment,cash,,
Fixed deposit investment INR 13375,13375,investment,upi,,
34387 rupye khrcha kya netflix subscription pe upi se,34387,entertainment,upi,,
44646 rs. ka car loan emi installment upi se diye,44646,emi,upi,,
Game purchase INR 14362,14362,entertainment,card,,
Food court payment INR 5422,5422,food,cash,,
movie ticket booking ka ticket 49979 rupaye me liyaa card se,49979,entertainment,card,,
40248 rupaye ka pharmacy medicine purchase bill aaya card se pay kiyaa,40248,healthcare,card,,
Electronics shopping INR 36890,36890,shopping,card,,
College fees payment INR 40427,40427,education,card,,
Train ticket IRCTC INR 6217,6217,travel,card,,
pharmacy medicine purchase pe 36823 rupaye kharchaa hui davai pe cash se,36823,healthcare,cash,,
26022 rs ka medical test charges bill aaya card se pay kiya,26022,healthcare,card,,
flight ticket booking ka kiraya 17108 rupaye diy cash se,17108,travel,cash,,
pizza delivery ka khana 48008 rupye me aaya card se diye,48008,food,card,,
Internet recharge INR 26659,26659,utilities,upi,,
Netflix subscription INR 47586,47586,entertainment,card,,
Stock purchase INR 46904,46904,investment,upi,,
Concert ticket INR 6638,6638,entertainment,upi,,
26557 rupay laga bus ticket me card se diye,26557,travel,card,,
"restaurant bill pe 20167 ka bill tha, upi se pay kiyaa",20167,food,upi,,
Gas bill payment INR 23706,23706,utilities,card,,
aaj fixed deposit investment me 9546 rs. lagaye upi se,9546,investment,upi,,
15402 rs. ka order die flipkart order pe cash se,15402,shopping,cash,,
8506 rs. khrcha kiyaa movie ticket booking pe card se,8506,entertainment,card,,
Mutual fund SIP INR 2199,2199,investment,upi,,
Mobile recharge INR 24008,24008,utilities,cash,,
24350 rupay diy exam fee ke liye card se,24350,education,card,,
electronics shopping pe shopping kiyaa 32639 rupaye kharchaa card se,32639,shopping,card,,
bus ticket ki ticket 45063 rs. me book kiya cash se,45063,travel,cash,,
Exam fee INR 28470,28470,education,cash,,
Car loan EMI INR 16412,16412,emi,cash,,
Hospital bill INR 43581,43581,healthcare,card,,
flight ticket booking ka kiraya 17691 rupye diye cash se,17691,travel,cash,,
Electronics shopping INR 25464,25464,shopping,upi,,
Mutual fund SIP INR 22394,22394,investment,cash,,
aaj gas bill payment ka 29727 rupaiye ka bill upi se bharaa,29727,utilities,upi,,
Movie ticket booking INR 27775,27775,entertainment,cash,,
Car loan EMI INR 12427,12427,emi,upi,,
pharmacy medicine purchase me 41301 rupay kharchaa hua card se diy,41301,healthcare,card,,
10724 rs. karcha kiya netflix subscription pe upi se,10724,entertainment,upi,,
electronics shopping se 30385 rupaiye ka shopping kya card se,30385,shopping,card,,
food court payment ka khana 6637 rs. me aaya upi se diye,6637,food,upi,,
aaj lunch at hotel se khana order kia 2968 rupay cash se diy,2968,food,cash,,
Amazon purchase INR 20937,20937,shopping,upi,,
flight ticket booking ka kiraya 20033 rupaiye die card se,20033,travel,card,,
concert ticket ka ticket 10992 rs. me lya cash se,10992,entertainment,cash,,
concert ticket ka ticket 9046 rupay me lya upi se,9046,entertainment,upi,,
college fees payment ki fees 23735 rupay card se bhra,23735,education,card,,
5549 rs. ka medical test charges bill aaya cash se pay kia,5549,healthcare,cash,,
1712 rupaiye kharcha kiya zomato dinner pe card se,1712,food,card,,
hotel booking ka kiraya 42216 rs. die upi se,42216,travel,upi,,
aaj crypto investment me 10060 rupye lagaye card se,10060,investment,card,,
Medical test charges INR 41024,41024,healthcare,card,,
online electronics shopping se 24762 ka saman liya card se pay kiya,24762,shopping,card,,
aaj flight ticket booking liyaa 11199 rupaiye cash se pay kia,11199,travel,cash,,
Hospital bill INR 23864,23864,healthcare,upi,,
doctor consultation me 40666 rs. kharchaa hua cash se die,40666,healthcare,cash,,
netflix subscription ka ticket 41465 rupaye me liya upi se,41465,entertainment,upi,,
Food court payment INR 7103,7103,food,upi,,
aaj flight ticket booking liyaa 6485 rupay card se pay kiyaa,6485,travel,card,,
Online course subscription INR 44194,44194,education,card,,
loan ka personal loan installment 4193 rs. upi se pay kia,4193,emi,upi,,
48671 rupaye fixed deposit investment me daale cash se,48671,investment,cash,,
home loan emi ki EMI 14764 rs card se bhra,14764,emi,card,,
aaj ppf contribution me 38126 rupaiye lagaye card se,38126,investment,card,,
4249 rupye ka hospital bill bill aaya upi se pay kiya,4249,healthcare,upi,,
doctor ke yahan 36084 rupaiye lga cash se diye,36084,healthcare,cash,,
Clothing store bill INR 32860,32860,shopping,card,,
mobile recharge recharge kya 744 rupay cash se,744,utilities,cash,,
39775 rupaiye ka order diye clothing store bill pe upi se,39775,shopping,upi,,
online flipkart order se 4115 ka saman liyaa card se pay kya,4115,shopping,card,,
Food court payment INR 48885,48885,food,upi,,
Netflix subscription INR 39724,39724,entertainment,card,,
Pizza delivery INR 25283,25283,food,cash,,
Swiggy order INR 44066,44066,food,upi,,
loan ka car loan emi 30271 rs. card se pay kiyaa,30271,emi,card,,
1997 rupaiye stock purchase me daale cash se,1997,investment,cash,,
padhai ke liye college fees payment pe 36671 rupay kharch kiyaa cash se,36671,education,cash,,
ppf contribution me 46269 rs invest kiya upi se,46269,investment,upi,,
Pizza delivery INR 41481,41481,food,card,,
aaj crypto investment me 19329 rupye lagaye upi se,19329,investment,upi,,
car loan emi EMI 43220 rupay kat gaye card se,43220,emi,card,,
30472 rupay khrcha kiya movie ticket booking pe card se,30472,entertainment,card,,
uber ride ki ticket 42286 rupaye me book kiya upi se,42286,travel,upi,,
Movie ticket booking INR 33256,33256,entertainment,upi,,
Uber ride INR 17611,17611,travel,cash,,
exam fee ka course 29565 rs. me lya card se pay kya,29565,education,card,,
Doctor consultation INR 17739,17739,healthcare,card,,
padhai ke liye library fee pe 40696 rupye karcha kya upi se,40696,education,upi,,
home loan emi ki EMI 38531 rs cash se bharaa,38531,emi,cash,,
flipkart order se 37009 rupaiye ka shopping kya cash se,37009,shopping,cash,,
42215 rupaiye kharch kia swiggy order pe card se,42215,food,card,,
Uber ride INR 35008,35008,travel,cash,,
Ola cab INR 560,560,travel,upi,,
Zomato dinner INR 21097,21097,food,card,,
Ola cab INR 41043,41043,travel,upi,,
bus ticket ka kiraya 31696 rupaye diy card se,31696,travel,card,,
movie ticket booking dekha 7932 rupaiye laga cash se die,7932,entertainment,cash,,
aaj ppf contribution me 25528 rs lagaye card se,25528,investment,card,,
Game purchase INR 9851,9851,entertainment,upi,,
amazon purchase se 17634 rupaye ka shopping kia card se,17634,shopping,card,,
Cafe coffee INR 8997,8997,food,cash,,
3471 rupaye karcha kya food court payment pe upi se,3471,food,upi,,
Online shopping payment INR 8391,8391,shopping,card,,
online shopping payment se 43652 rupye ka shopping kiya upi se,43652,shopping,upi,,
Amazon purchase INR 18342,18342,shopping,cash,,
Hospital bill INR 30456,30456,healthcare,upi,,
aaj pizza delivery se khana order kiyaa 11281 rs card se diy,11281,food,card,,
Mutual fund SIP INR 13221,13221,investment,card,,
game purchase ka subscription 40725 rs upi se renew kiyaa,40725,entertainment,upi,,
library fee ki fees 29049 rs card se bhra,29049,education,card,,
Crypto investment INR 6414,6414,investment,upi,,
Food court payment INR 46423,46423,food,upi,,
aaj lunch at hotel se khana order kiyaa 24395 rupaiye card se diye,24395,food,card,,
Home loan EMI INR 38595,38595,emi,upi,,
electricity bill payment recharge kia 25555 rs card se,25555,utilities,card,,
Fixed deposit investment INR 47665,47665,investment,cash,,
library fee ka course 41040 rupye me lya cash se pay kia,41040,education,cash,,
"lunch at hotel pe 34558 ka bill tha, cash se pay kia",34558,food,cash,,
Electronics shopping INR 23080,23080,shopping,upi,,
Library fee INR 24668,24668,education,upi,,
16364 rupaye kharcha kya pizza delivery pe upi se,16364,food,upi,,
Stock purchase INR 16477,16477,investment,card,,
47994 rs. khrcha kiyaa pizza delivery pe upi se,47994,food,upi,,
Medical test charges INR 14092,14092,healthcare,card,,
game purchase dekha 12111 rupaye lgaa upi se diy,12111,entertainment,upi,,
loan ka car loan emi 17046 rupye cash se pay kya,17046,emi,cash,,
Mutual fund SIP INR 25450,25450,investment,card,,
amazon purchase se 48838 rupay ka shopping kiyaa cash se,48838,shopping,cash,,
Gas bill payment INR 15742,15742,utilities,cash,,
Fixed deposit investment INR 45315,45315,investment,cash,,
Netflix subscription INR 43150,43150,entertainment,card,,
35664 rupay ka mobile recharge bill pay kiya card se,35664,utilities,card,,
Concert ticket INR 8391,8391,entertainment,card,,
Game purchase INR 19414,19414,entertainment,upi,,
doctor consultation pe 27400 rupaye karcha hui davai pe upi se,27400,healthcare,upi,,
PPF contribution INR 45890,45890,investment,upi,,
aaj bus ticket lya 4991 rs. card se pay kia,4991,travel,card,,
flipkart order se 48950 rupaye ka shopping kia cash se,48950,shopping,cash,,
mutual fund sip ka SIP 27567 rupaye card se bharra,27567,investment,card,,
Fixed deposit investment INR 48800,48800,investment,upi,,
aaj hotel booking liya 46903 rupye upi se pay kya,46903,travel,upi,,
drop table users;,0,,UPIID123,,
online clothing store bill se 26514 ka saman lya cash se pay kia,26514,shopping,cash,,
pizza delivery ka khana 6020 rupye me aaya cash se diyee,6020,food,cash,,
5459 rs. diy college fees payment ke liye cash se,5459,education,cash,,
13505 rupaiye ka internet recharge bill pay kya card se,13505,utilities,card,,
31558 rs karcha kiya food court payment pe cash se,31558,food,cash,,
exam fee ki fees 30415 rupaiye cash se bharra,30415,education,cash,,
Online course subscription INR 38191,38191,education,upi,,
home loan emi ki EMI 10672 rupye card se bharaa,10672,emi,card,,
Cafe coffee INR 23358,23358,food,card,,
46685 rs. khrcha kia concert ticket pe card se,46685,entertainment,card,,
fixed deposit investment ka SIP 3527 rs cash se bharra,3527,investment,cash,,
medical test charges pe 26486 rupye karcha hui davai pe upi se,26486,healthcare,upi,,
Amazon purchase INR 10903,10903,shopping,cash,,
5546 rupaiye lagaa flight ticket booking me card se diye,5546,travel,card,,
doctor consultation me 28025 rupye karcha hua card se diyee,28025,healthcare,card,,
Bus ticket INR 18298,18298,travel,cash,,
personal loan installment EMI 15247 rs. kat gaye cash se,15247,emi,cash,,
College fees payment INR 39451,39451,education,upi,,
21489 rupay ka hospital bill bill aaya upi se pay kya,21489,healthcare,upi,,
padhai ke liye library fee pe 35955 rs. kharch kiya upi se,35955,education,upi,,
online amazon purchase se 15466 ka saman liya upi se pay kya,15466,shopping,upi,,
zomato dinner me 27584 rupaye ka khana khya cash se,27584,food,cash,,
Game purchase INR 15343,15343,entertainment,upi,,
online clothing store bill se 27382 ka saman lia card se pay kia,27382,shopping,card,,
Movie ticket booking INR 10232,10232,entertainment,upi,,
Electronics shopping INR 4611,4611,shopping,upi,,
concert ticket ka ticket 31374 rupaye me liyaa card se,31374,entertainment,card,,
loan ka car loan emi 34415 rupay upi se pay kiyaa,34415,emi,upi,,
doctor ke yahan 41130 rupaye laga upi se diye,41130,healthcare,upi,,
31756 rupye karcha kiyaa food court payment pe upi se,31756,food,upi,,
Messy outlier tx UPIID123,NaN,1234,,,
online shopping payment se 44629 rs. ka shopping kiya cash se,44629,shopping,cash,,
Clothing store bill INR 3802,3802,shopping,card,,
Clothing store bill INR 12703,12703,shopping,upi,,
Game purchase INR 10115,10115,entertainment,cash,,
mobile recharge ka bill 32639 rupye upi se bharaa,32639,utilities,upi,,
Internet recharge INR 796,796,utilities,upi,,
amazon purchase pe shopping kiya 1478 rs. khrcha upi se,1478,shopping,upi,,
Internet recharge INR 47509,47509,utilities,upi,,
Crypto investment INR 1986,1986,investment,upi,,
online course subscription ka course 41380 rs me liya cash se pay kya,41380,education,cash,,
Uber ride INR 19069,19069,travel,upi,,
doctor ke yahan 8143 rs. laga card se diy,8143,healthcare,card,,
internet recharge recharge kiyaa 11560 rupay cash se,11560,utilities,cash,,
Mutual fund SIP INR 40712,40712,investment,upi,,
doctor consultation pe 16270 rupay kharchaa hui davai pe card se,16270,healthcare,card,,
35322 rs ka mobile recharge bill pay kia cash se,35322,utilities,cash,,
PPF contribution INR 42642,42642,investment,upi,,
stock purchase ka SIP 18291 rupaye card se bharaa,18291,investment,card,,
loan ka car loan emi 24875 rupye cash se pay kiya,24875,emi,cash,,
Car loan EMI INR 3658,3658,emi,upi,,
gas bill payment recharge kia 9079 rupaiye card se,9079,utilities,card,,
"pizza delivery pe 39459 ka bill tha, upi se pay kiya",39459,food,upi,,
home loan emi ki EMI 27547 rupye upi se bharaa,27547,emi,upi,,
train ticket irctc ka kiraya 29870 rupay die card se,29870,travel,card,,
2353 rupye ka home loan emi installment upi se die,2353,emi,upi,,
loan ka bike loan emi 47781 rupye cash se pay kia,47781,emi,cash,,
Hotel booking INR 35424,35424,travel,cash,,
Medical test charges INR 37431,37431,healthcare,cash,,
concert ticket ka subscription 25205 rupay upi se renew kiya,25205,entertainment,upi,,
aaj cafe coffee se khana order kiya 6536 rupye upi se diyee,6536,food,upi,,
netflix subscription dekha 34171 rupaye laga upi se diyee,34171,entertainment,upi,,
47409 rupaye diye college fees payment ke liye card se,47409,education,card,,
movie ticket booking ka subscription 23808 rs upi se renew kiyaa,23808,entertainment,upi,,
Fixed deposit investment INR 36273,36273,investment,cash,,
mobile recharge ka bill 29006 rs. card se bhara,29006,utilities,card,,
33819 rupaiye ka medical test charges bill aaya card se pay kiya,33819,healthcare,card,,
Medical test charges INR 27608,27608,healthcare,cash,,
Library fee INR 26929,26929,education,cash,,
lunch at hotel me 468 rs. ka khana khaya cash se,468,food,cash,,
44340 rs laga uber ride me card se diye,44340,travel,card,,
5686 rs. kharch kiya movie ticket booking pe cash se,5686,entertainment,cash,,
movie ticket booking ka subscription 14138 rupay upi se renew kia,14138,entertainment,upi,,
personal loan installment ki EMI 31504 rs cash se bhara,31504,emi,cash,,
netflix subscription ka subscription 10997 rupaye upi se renew kiyaa,10997,entertainment,upi,,
hospital bill pe 1394 rupay kharcha hui davai pe upi se,1394,healthcare,upi,,
8192 rupaye die college fees payment ke liye card se,8192,education,card,,
Stock purchase INR 48247,48247,investment,upi,,
doctor ke yahan 25302 rupaye lagaa card se diy,25302,healthcare,card,,
3026 rs kharcha kia concert ticket pe upi se,3026,entertainment,upi,,
Game purchase INR 572,572,entertainment,upi,,
14288 rupay crypto investment me daale cash se,14288,investment,cash,,
Movie ticket booking INR 30472,30472,entertainment,card,,
padhai ke liye college fees payment pe 49138 rs khrcha kya card se,49138,education,card,,
game purchase ka ticket 22668 rupaiye me liyaa cash se,22668,entertainment,cash,,
Library fee INR 11688,11688,education,upi,,
Fixed deposit investment INR 5074,5074,investment,upi,,
Library fee INR 41040,41040,education,cash,,
online course subscription ki fees 49327 rupaiye cash se bharra,49327,education,cash,,
Electronics shopping INR 22776,22776,shopping,card,,
"lunch at hotel pe 15636 ka bill tha, card se pay kiya",15636,food,card,,
aaj internet recharge ka 9745 rupaye ka bill upi se bharaa,9745,utilities,upi,,
online course subscription ka course 30500 rupaye me lia upi se pay kya,30500,education,upi,,
Hospital bill INR 1146,1146,healthcare,upi,,
aaj flight ticket booking liya 32051 rupay card se pay kia,32051,travel,card,,
library fee ka course 20612 rupaye me liya cash se pay kia,20612,education,cash,,
Home loan EMI INR 43373,43373,emi,card,,
Ola cab INR 6386,6386,travel,card,,
aaj ppf contribution me 45880 rs. lagaye cash se,45880,investment,cash,,
Doctor consultation INR 48752,48752,healthcare,upi,,
Train ticket IRCTC INR 1488,1488,travel,upi,,
Bike loan EMI INR 6974,6974,emi,upi,,
clothing store bill se 27824 rs. ka shopping kiya cash se,27824,shopping,cash,,
flight ticket booking ki ticket 44005 rupay me book kia cash se,44005,travel,cash,,
Crypto investment INR 27350,27350,investment,cash,,
Mutual fund SIP INR 40850,40850,investment,upi,,
PPF contribution INR 7499,7499,investment,upi,,
Flipkart order INR 47760,47760,shopping,card,,
Netflix subscription INR 44660,44660,entertainment,upi,,
2033 rupaiye die library fee ke liye card se,2033,education,card,,
library fee ki fees 17036 rupye upi se bhra,17036,education,upi,,
ola cab ka kiraya 43036 rupay diy cash se,43036,travel,cash,,
33946 rs kharcha kia cafe coffee pe upi se,33946,food,upi,,
Hospital bill INR 48699,48699,healthcare,cash,,
mutual fund sip ka SIP 33886 rupaiye cash se bhara,33886,investment,cash,,
Water bill INR 30036,30036,utilities,upi,,
Amazon purchase INR 25923,25923,shopping,card,,
mobile recharge recharge kia 36585 rupaye cash se,36585,utilities,cash,,
Medical test charges INR 36596,36596,healthcare,cash,,
Flipkart order INR 7561,7561,shopping,upi,,
online clothing store bill se 34927 ka saman liya cash se pay kya,34927,shopping,cash,,
concert ticket dekha 35666 rupaye lagaa cash se diye,35666,entertainment,cash,,
Exam fee INR 20050,20050,education,upi,,
car loan emi ki EMI 30271 rupay card se bhara,30271,emi,card,,
car loan emi ki EMI 17220 rupye cash se bharaa,17220,emi,cash,,
Online course subscription INR 16086,16086,education,upi,,
Flight ticket booking INR 37303,37303,travel,card,,
game purchase dekha 178 rs lga card se diyee,178,entertainment,card,,
padhai ke liye college fees payment pe 578 rupye karcha kiyaa card se,578,education,card,,
cafe coffee me 16726 rupaiye ka khana khaaya upi se,16726,food,upi,,
Mobile recharge INR 47125,47125,utilities,cash,,
Pharmacy medicine purchase INR 41958,41958,healthcare,cash,,
Doctor consultation INR 18948,18948,healthcare,cash,,
aaj mobile recharge ka 39704 rupaye ka bill card se bhara,39704,utilities,card,,
clothing store bill se 27979 rs. ka shopping kiyaa card se,27979,shopping,card,,
gas bill payment ka bill 14373 rupaye card se bhra,14373,utilities,card,,
Messy outlier tx ,"1,000",blabla,123,,
Clothing store bill INR 15386,15386,shopping,cash,,
Lunch at hotel INR 4921,4921,food,upi,,
movie ticket booking ka ticket 17301 rs me lia cash se,17301,entertainment,cash,,
loan ka car loan emi 2099 rupaiye cash se pay kia,2099,emi,cash,,
credit card emi EMI 41382 rupaye kat gaye cash se,41382,emi,cash,,
hospital bill pe 18187 rupaye kharchaa hui davai pe cash se,18187,healthcare,cash,,
Credit card EMI INR 45623,45623,emi,cash,,
aaj water bill ka 41771 rs ka bill upi se bharaa,41771,utilities,upi,,
Flipkart order INR 16403,16403,shopping,cash,,
Credit card EMI INR 27288,27288,emi,upi,,
water bill recharge kiya 4121 rupay card se,4121,utilities,card,,
college fees payment ka course 33198 rs me liya cash se pay kia,33198,education,cash,,
Restaurant bill INR 27901,27901,food,cash,,
Mobile recharge INR 26243,26243,utilities,upi,,
electricity bill payment recharge kya 8408 rs. card se,8408,utilities,card,,
15981 rupaiye laga train ticket irctc me card se diyee,15981,travel,card,,
Clothing store bill INR 37584,37584,shopping,card,,
Credit card EMI INR 21187,21187,emi,cash,,
Zomato dinner INR 24187,24187,food,cash,,
Fixed deposit investment INR 36293,36293,investment,cash,,
Clothing store bill INR 42229,42229,shopping,cash,,
padhai ke liye exam fee pe 42566 rs. karcha kiya card se,42566,education,card,,
medical test charges me 18009 rupye kharcha hua upi se diye,18009,healthcare,upi,,
"restaurant bill pe 36358 ka bill tha, cash se pay kia",36358,food,cash,,
Restaurant bill INR 21693,21693,food,upi,,
Food court payment INR 28414,28414,food,card,,
aaj crypto investment me 1057 rupay lagaye upi se,1057,investment,upi,,
crypto investment ka SIP 42283 rupaye card se bhra,42283,investment,card,,
15019 rupye ka hospital bill bill aaya card se pay kiyaa,15019,healthcare,card,,
Home loan EMI INR 19390,19390,emi,card,,
Pharmacy medicine purchase INR 40150,40150,healthcare,card,,
47454 rs. stock purchase me daale card se,47454,investment,card,,
45134 rupaye kharch kia movie ticket booking pe upi se,45134,entertainment,upi,,
23295 rupaiye ka credit card emi installment cash se diye,23295,emi,cash,,
medical test charges pe 9577 rupaiye khrcha hui davai pe card se,9577,healthcare,card,,
24245 rupaye crypto investment me daale card se,24245,investment,card,,
concert ticket ka ticket 8018 rupay me lia cash se,8018,entertainment,cash,,
Internet recharge INR 938,938,utilities,cash,,
Game purchase INR 178,178,entertainment,card,,
flipkart order se 17857 rupaye ka shopping kiya card se,17857,shopping,card,,
Exam fee INR 6416,6416,education,upi,,
Doctor consultation INR 41843,41843,healthcare,cash,,
Personal loan installment INR 2637,2637,emi,card,,
44108 rs. khrcha kiyaa lunch at hotel pe upi se,44108,food,upi,,
concert ticket ka ticket 12623 rupaiye me lya cash se,12623,entertainment,cash,,
Flight ticket booking INR 30647,30647,travel,upi,,
College fees payment INR 23579,23579,education,card,,
Car loan EMI INR 9767,9767,emi,upi,,
44836 rupye ka personal loan installment installment cash se diy,44836,emi,cash,,
water bill ka bill 20320 rupaye cash se bhra,20320,utilities,cash,,
Train ticket IRCTC INR 15671,15671,travel,cash,,
stock purchase ka SIP 21104 rupye upi se bhra,21104,investment,upi,,
Stock purchase INR 33304,33304,investment,cash,,
Hotel booking INR 47374,47374,travel,upi,,
7598 rupye laga ola cab me cash se die,7598,travel,cash,,
Swiggy order INR 33934,33934,food,upi,,
Mobile recharge INR 12020,12020,utilities,upi,,
home loan emi EMI 4014 rupaye kat gaye cash se,4014,emi,cash,,
game purchase ka ticket 29784 rs me lia card se,29784,entertainment,card,,
train ticket irctc ki ticket 12163 rupye me book kiya cash se,12163,travel,cash,,
42640 rupaye kharch kiya restaurant bill pe card se,42640,food,card,,
24353 rs ka order diye flipkart order pe upi se,24353,shopping,upi,,
test transaction do not process,NULL,unknown,unknown,,
padhai ke liye college fees payment pe 46746 rupye khrcha kiyaa upi se,46746,education,upi,,
34474 rupay ka order die flipkart order pe upi se,34474,shopping,upi,,
bike loan emi EMI 39366 rupay kat gaye upi se,39366,emi,upi,,
bus ticket ka kiraya 43421 rupaiye diye cash se,43421,travel,cash,,
Exam fee INR 29431,29431,education,upi,,
Online course subscription INR 41556,41556,education,card,,
8244 rupaye ka home loan emi installment upi se diyee,8244,emi,upi,,
Mobile recharge INR 36416,36416,utilities,upi,,
padhai ke liye exam fee pe 49059 rs kharcha kia cash se,49059,education,cash,,
Home loan EMI INR 35959,35959,emi,card,,
Hotel booking INR 42394,42394,travel,upi,,
water bill ka bill 28151 rupaye cash se bharaa,28151,utilities,cash,,
credit card emi EMI 42596 rs. kat gaye cash se,42596,emi,cash,,
food court payment ka khana 7103 rupaiye me aaya upi se die,7103,food,upi,,
Food court payment INR 4034,4034,food,cash,,
16223 rs ka internet recharge bill pay kiya upi se,16223,utilities,upi,,
pharmacy medicine purchase me 47795 rupay khrcha hua card se diy,47795,healthcare,card,,
aaj lunch at hotel se khana order kiyaa 43024 rs card se diy,43024,food,card,,
21063 rupaye diye online course subscription ke liye upi se,21063,education,upi,,
7906 rupay ppf contribution me daale upi se,7906,investment,upi,,
movie ticket booking ka ticket 31484 rs. me liya card se,31484,entertainment,card,,
Swiggy order INR 16473,16473,food,cash,,
Uber ride INR 31493,31493,travel,upi,,
35435 rupye kharcha kiyaa lunch at hotel pe upi se,35435,food,upi,,
9465 rs ka mobile recharge bill pay kiyaa card se,9465,utilities,card,,
Game purchase INR 44061,44061,entertainment,cash,,
zomato dinner me 910 rs ka khana khaaya cash se,910,food,cash,,
netflix subscription dekha 17282 rs lagaa upi se diy,17282,entertainment,upi,,
Pizza delivery INR 14330,14330,food,upi,,
home loan emi ki EMI 12161 rupaiye cash se bharaa,12161,emi,cash,,
netflix subscription ka ticket 25649 rupaye me lia upi se,25649,entertainment,upi,,
Mutual fund SIP INR 11654,11654,investment,upi,,
exam fee ki fees 20050 rupaiye upi se bharaa,20050,education,upi,,
aaj pizza delivery se khana order kya 32289 rs cash se diy,32289,food,cash,,
College fees payment INR 49896,49896,education,cash,,
Train ticket IRCTC INR 28486,28486,travel,upi,,
Library fee INR 4339,4339,education,card,,
"swiggy order pe 19333 ka bill tha, cash se pay kia",19333,food,cash,,
college fees payment ka course 25534 rupaye me liyaa upi se pay kiyaa,25534,education,upi,,
medical test charges me 27608 rupye kharch hua cash se diye,27608,healthcare,cash,,
Water bill INR 9222,9222,utilities,upi,,
gas bill payment ka bill 5451 rupaye card se bhara,5451,utilities,card,,
concert ticket ka ticket 16055 rupay me liya card se,16055,entertainment,card,,
pharmacy medicine purchase pe 41490 rs khrcha hui davai pe upi se,41490,healthcare,upi,,
Medical test charges INR 11044,11044,healthcare,card,,
electronics shopping pe shopping kia 26374 rupaye kharcha cash se,26374,shopping,cash,,
16192 rupay kharch kia netflix subscription pe cash se,16192,entertainment,cash,,
doctor ke yahan 37431 rupay lagaa cash se diye,37431,healthcare,cash,,
college fees payment ki fees 31649 rupaye card se bharra,31649,education,card,,
hotel booking ki ticket 25571 rs. me book kiya card se,25571,travel,card,,
Zomato dinner INR 9020,9020,food,cash,,
Pizza delivery INR 36067,36067,food,cash,,
Doctor consultation INR 40484,40484,healthcare,cash,,
gas bill payment ka bill 34482 rupaiye upi se bharra,34482,utilities,upi,,
Uber ride INR 49739,49739,travel,upi,,
35774 rs. ka medical test charges bill aaya card se pay kiya,35774,healthcare,card,,
aaj hotel booking liya 8563 rupaiye cash se pay kiya,8563,travel,cash,,
electronics shopping se 45499 rs ka shopping kiyaa card se,45499,shopping,card,,
Uber ride INR 9345,9345,travel,cash,,
online flipkart order se 48990 ka saman lya upi se pay kya,48990,shopping,upi,,
flipkart order se 1758 rs ka shopping kya cash se,1758,shopping,cash,,
Mutual fund SIP INR 12004,12004,investment,card,,
zomato dinner me 16325 rs. ka khana khaya card se,16325,food,card,,
crypto investment me 33133 rupay invest kiyaa upi se,33133,investment,upi,,
aaj mobile recharge ka 27181 rs ka bill upi se bhra,27181,utilities,upi,,
netflix subscription ka subscription 15580 rupye cash se renew kya,15580,entertainment,cash,,
medical test charges pe 39835 rs kharcha hui davai pe cash se,39835,healthcare,cash,,
Doctor consultation INR 39343,39343,healthcare,card,,
exam fee ki fees 22237 rupye card se bharra,22237,education,card,,
31212 rupay crypto investment me daale card se,31212,investment,card,,
food court payment me 21293 rupye ka khana khayaa upi se,21293,food,upi,,
Clothing store bill INR 20195,20195,shopping,card,,
7422 rs diy library fee ke liye cash se,7422,education,cash,,
Doctor consultation INR 24867,24867,healthcare,card,,
uber ride ki ticket 28551 rs me book kiyaa cash se,28551,travel,cash,,
Car loan EMI INR 6836,6836,emi,upi,,
aaj internet recharge ka 2270 rs. ka bill card se bhara,2270,utilities,card,,
Fixed deposit investment INR 28612,28612,investment,cash,,
33908 rupye ka order diy flipkart order pe upi se,33908,shopping,upi,,
31261 rs karcha kiya restaurant bill pe cash se,31261,food,cash,,
Medical test charges INR 47323,47323,healthcare,cash,,
Netflix subscription INR 29523,29523,entertainment,card,,
Hospital bill INR 7971,7971,healthcare,upi,,
45026 rs ka pharmacy medicine purchase bill aaya cash se pay kiya,45026,healthcare,cash,,
gas bill payment ka bill 23695 rupay cash se bhra,23695,utilities,cash,,
doctor consultation pe 41748 rupaye kharchaa hui davai pe upi se,41748,healthcare,upi,,
Personal loan installment INR 25795,25795,emi,card,,
clothing store bill pe shopping kia 42547 rs. kharchaa cash se,42547,shopping,cash,,
Food court payment INR 11576,11576,food,cash,,
Mutual fund SIP INR 38199,38199,investment,card,,
Crypto investment INR 31212,31212,investment,card,,
41040 rupaiye diyee library fee ke liye cash se,41040,education,cash,,
electricity bill payment recharge kiyaa 5785 rupaiye card se,5785,utilities,card,,
movie ticket booking ka ticket 12515 rupye me lya cash se,12515,entertainment,cash,,
water bill ka bill 35381 rs. card se bhra,35381,utilities,card,,
Flight ticket booking INR 15892,15892,travel,card,,
"restaurant bill pe 7341 ka bill tha, cash se pay kiya",7341,food,cash,,
online course subscription ki fees 10709 rupaiye cash se bhara,10709,education,cash,,
netflix subscription ka ticket 19849 rupay me lya upi se,19849,entertainment,upi,,
Electronics shopping INR 11232,11232,shopping,card,,
Crypto investment INR 3863,3863,investment,card,,
doctor ke yahan 44992 rs. laga upi se die,44992,healthcare,upi,,
Crypto investment INR 41867,41867,investment,cash,,
Water bill INR 10492,10492,utilities,card,,
library fee ka course 3093 rupaiye me lya cash se pay kiyaa,3093,education,cash,,
aaj fixed deposit investment me 7885 rupaiye lagaye card se,7885,investment,card,,
25438 rupaiye karcha kiya food court payment pe card se,25438,food,card,,
Fixed deposit investment INR 12113,12113,investment,cash,,
"food court payment pe 38390 ka bill tha, card se pay kya",38390,food,card,,
Gas bill payment INR 49429,49429,utilities,upi,,
Zomato dinner INR 7966,7966,food,card,,
Flight ticket booking INR 8787,8787,travel,cash,,
padhai ke liye library fee pe 20612 rs. kharchaa kiyaa cash se,20612,education,cash,,
fixed deposit investment me 27591 rupye invest kiyaa upi se,27591,investment,upi,,
movie ticket booking ka ticket 36127 rupaye me lya cash se,36127,entertainment,cash,,
20013 rupaiye kharch kiya movie ticket booking pe cash se,20013,entertainment,cash,,
Pharmacy medicine purchase INR 1244,1244,healthcare,cash,,
27433 rupay lgaa bus ticket me upi se die,27433,travel,upi,,
doctor consultation pe 12386 rupay kharchaa hui davai pe cash se,12386,healthcare,cash,,
12078 rs. ka pharmacy medicine purchase bill aaya cash se pay kiya,12078,healthcare,cash,,
netflix subscription ka subscription 10724 rupaiye upi se renew kia,10724,entertainment,upi,,
fixed deposit investment me 12752 rs. invest kia upi se,12752,investment,upi,,
24836 rupay laga ola cab me upi se die,24836,travel,upi,,
padhai ke liye college fees payment pe 44692 rupaye karcha kia cash se,44692,education,cash,,
Game purchase INR 17274,17274,entertainment,card,,
online electronics shopping se 41107 ka saman lya card se pay kya,41107,shopping,card,,
ppf contribution ka SIP 45386 rs cash se bharra,45386,investment,cash,,
22388 rupaye ppf contribution me daale cash se,22388,investment,cash,,
crypto investment me 24835 rs. invest kya card se,24835,investment,card,,
pizza delivery ka khana 25303 rupaye me aaya cash se diy,25303,food,cash,,
35977 rupay mutual fund sip me daale cash se,35977,investment,cash,,
Library fee INR 28916,28916,education,cash,,
movie ticket booking ka ticket 21260 rupay me liya upi se,21260,entertainment,upi,,
medical test charges pe 5549 rupaiye kharcha hui davai pe cash se,5549,healthcare,cash,,
gas bill payment ka bill 3349 rupaiye cash se bhra,3349,utilities,cash,,
pharmacy medicine purchase pe 8538 rupaiye kharchaa hui davai pe card se,8538,healthcare,card,,
game purchase dekha 4372 rupaiye lga cash se diyee,4372,entertainment,cash,,
Flight ticket booking INR 36679,36679,travel,upi,,
17171 rs. ka hospital bill bill aaya cash se pay kia,17171,healthcare,cash,,
flipkart order pe shopping kiya 4328 rupye kharcha upi se,4328,shopping,upi,,
Flipkart order INR 47990,47990,shopping,cash,,
Doctor consultation INR 32835,32835,healthcare,card,,
Medical test charges INR 20775,20775,healthcare,cash,,
Electronics shopping INR 1669,1669,shopping,cash,,
exam fee ki fees 8849 rupye card se bhara,8849,education,card,,
Uber ride INR 9026,9026,travel,upi,,
Game purchase INR 38541,38541,entertainment,upi,,
netflix subscription ka subscription 30862 rupay cash se renew kiyaa,30862,entertainment,cash,,
23750 rupaye lagaa ola cab me upi se die,23750,travel,upi,,
Hospital bill INR 7815,7815,healthcare,cash,,
39521 rs. lgaa hotel booking me cash se diyee,39521,travel,cash,,
personal loan installment EMI 13640 rs kat gaye upi se,13640,emi,upi,,
Ola cab INR 20156,20156,travel,cash,,
3039 rs ka car loan emi installment upi se diy,3039,emi,upi,,
25555 rupaye ka electricity bill payment bill pay kya card se,25555,utilities,card,,
Pizza delivery INR 16368,16368,food,upi,,
Hotel booking INR 48293,48293,travel,upi,,
ola cab ka kiraya 21245 rupay diyee card se,21245,travel,card,,
Hospital bill INR 28638,28638,healthcare,upi,,
40519 rupaye kharchaa kya cafe coffee pe card se,40519,food,card,,
electronics shopping pe shopping kya 40225 rs. kharcha upi se,40225,shopping,upi,,
Home loan EMI INR 19435,19435,emi,upi,,
Game purchase INR 15842,15842,entertainment,card,,
Library fee INR 23739,23739,education,cash,,
electronics shopping se 20461 rs ka shopping kia card se,20461,shopping,card,,
mutual fund sip me 38918 rs invest kya upi se,38918,investment,upi,,
Cafe coffee INR 25448,25448,food,upi,,
doctor ke yahan 15822 rupay lagaa upi se diye,15822,healthcare,upi,,
Ola cab INR 20016,20016,travel,card,,
Pharmacy medicine purchase INR 10685,10685,healthcare,card,,
credit card emi EMI 34060 rupay kat gaye card se,34060,emi,card,,
Medical test charges INR 35023,35023,healthcare,card,,
25520 rs. khrcha kiya swiggy order pe card se,25520,food,card,,
doctor ke yahan 10851 rupaiye lga cash se diy,10851,healthcare,cash,,
ppf contribution ka SIP 33383 rupay card se bhara,33383,investment,card,,
49528 rupaiye ka bike loan emi installment upi se diy,49528,emi,upi,,
Flipkart order INR 45250,45250,shopping,cash,,
43343 rupaiye diye exam fee ke liye card se,43343,education,card,,
Electronics shopping INR 37580,37580,shopping,cash,,
mobile recharge recharge kya 14523 rupye card se,14523,utilities,card,,
Gas bill payment INR 34108,34108,utilities,card,,
21543 rupay kharchaa kya movie ticket booking pe cash se,21543,entertainment,cash,,
bike loan emi ki EMI 39366 rs. upi se bhra,39366,emi,upi,,
6231 rupay ka doctor consultation bill aaya card se pay kya,6231,healthcare,card,,
aaj mutual fund sip me 36370 rs. lagaye card se,36370,investment,card,,
6128 rupaiye ka electricity bill payment bill pay kya cash se,6128,utilities,cash,,
40289 rs. ka internet recharge bill pay kya card se,40289,utilities,card,,
fixed deposit investment ka SIP 1472 rupaye cash se bharra,1472,investment,cash,,
Car loan EMI INR 10699,10699,emi,cash,,
movie ticket booking ka ticket 48636 rupaye me lya card se,48636,entertainment,card,,
loan ka bike loan emi 16476 rs. card se pay kia,16476,emi,card,,
Gas bill payment INR 13785,13785,utilities,upi,,
Concert ticket INR 29754,29754,entertainment,card,,
pharmacy medicine purchase pe 37315 rupye karcha hui davai pe upi se,37315,healthcare,upi,,
Flipkart order INR 37545,37545,shopping,card,,
42913 rupaye ka internet recharge bill pay kia cash se,42913,utilities,cash,,
Electronics shopping INR 1981,1981,shopping,upi,,
bike loan emi ki EMI 35528 rupay upi se bhra,35528,emi,upi,,
hospital bill me 44758 rupaye khrcha hua upi se diye,44758,healthcare,upi,,
Library fee INR 32182,32182,education,cash,,
personal loan installment EMI 42245 rupaiye kat gaye cash se,42245,emi,cash,,
Car loan EMI INR 2934,2934,emi,upi,,
aaj zomato dinner se khana order kiyaa 34043 rupaye cash se die,34043,food,cash,,
12386 rupay ka bike loan emi installment upi se diyee,12386,emi,upi,,
Zomato dinner INR 5961,5961,food,card,,
mutual fund sip ka SIP 23228 rupaye cash se bhra,23228,investment,cash,,
online clothing store bill se 34810 ka saman liyaa card se pay kiyaa,34810,shopping,card,,
Messy outlier tx unknown,-5000,shopping_err,bitcoin,,
aaj crypto investment me 14482 rupaiye lagaye card se,14482,investment,card,,
library fee ki fees 31098 rupye upi se bharaa,31098,education,upi,,
aaj flight ticket booking liya 26741 rupaye cash se pay kiya,26741,travel,cash,,
Water bill INR 5226,5226,utilities,cash,,
swiggy order ka khana 46887 rupaye me aaya cash se diy,46887,food,cash,,
water bill recharge kiya 29107 rupay card se,29107,utilities,card,,
Cafe coffee INR 44825,44825,food,cash,,
aaj internet recharge ka 796 rupaiye ka bill upi se bhara,796,utilities,upi,,
movie ticket booking ka ticket 23726 rupye me lia upi se,23726,entertainment,upi,,
hotel booking ki ticket 7258 rs. me book kiyaa upi se,7258,travel,upi,,
movie ticket booking ka ticket 9710 rupay me liya cash se,9710,entertainment,cash,,
42933 rs. kharcha kiyaa food court payment pe cash se,42933,food,cash,,
48277 rs. diye library fee ke liye card se,48277,education,card,,
exam fee ki fees 42598 rupye cash se bharaa,42598,education,cash,,
Online shopping payment INR 43173,43173,shopping,upi,,
Train ticket IRCTC INR 19332,19332,travel,card,,
42905 rupaiye ka medical test charges bill aaya cash se pay kya,42905,healthcare,cash,,
30028 rs. lagaa ola cab me upi se diyee,30028,travel,upi,,
Online shopping payment INR 49133,49133,shopping,cash,,
"pizza delivery pe 10328 ka bill tha, card se pay kya",10328,food,card,,
10670 rupye ka medical test charges bill aaya cash se pay kia,10670,healthcare,cash,,
Netflix subscription INR 34899,34899,entertainment,card,,
hospital bill pe 43581 rs. kharch hui davai pe card se,43581,healthcare,card,,
Ola cab INR 24836,24836,travel,upi,,
"swiggy order pe 13447 ka bill tha, upi se pay kiya",13447,food,upi,,
crypto investment ka SIP 20033 rs. card se bhra,20033,investment,card,,
29386 rs. kharcha kia restaurant bill pe cash se,29386,food,cash,,
gas bill payment ka bill 15926 rs. cash se bhra,15926,utilities,cash,,
38956 rs. ka mobile recharge bill pay kia upi se,38956,utilities,upi,,
aaj mobile recharge ka 39235 rs ka bill card se bharra,39235,utilities,card,,
zomato dinner me 18931 rs ka khana khaaya upi se,18931,food,upi,,
Online course subscription INR 23303,23303,education,upi,,
zomato dinner ka khana 7550 rs. me aaya upi se diye,7550,food,upi,,
aaj crypto investment me 41159 rs lagaye cash se,41159,investment,cash,,
Internet recharge INR 31454,31454,utilities,cash,,
Netflix subscription INR 14604,14604,entertainment,cash,,
netflix subscription ka ticket 38092 rupye me lia card se,38092,entertainment,card,,
padhai ke liye library fee pe 21568 rupye kharcha kia upi se,21568,education,upi,,
online shopping payment se 32066 rupay ka shopping kya card se,32066,shopping,card,,
Amazon purchase INR 11086,11086,shopping,card,,
34081 rupay die exam fee ke liye card se,34081,education,card,,
28468 rupay ka personal loan installment installment cash se diyee,28468,emi,cash,,
Bike loan EMI INR 4518,4518,emi,card,,
Netflix subscription INR 29689,29689,entertainment,cash,,
fixed deposit investment me 14772 rupay invest kia upi se,14772,investment,upi,,
11536 rupaiye kharcha kiyaa lunch at hotel pe cash se,11536,food,cash,,
17702 rs ka medical test charges bill aaya cash se pay kiyaa,17702,healthcare,cash,,
doctor ke yahan 40713 rupay lagaa upi se diy,40713,healthcare,upi,,
Swiggy order INR 41364,41364,food,upi,,
Electricity bill payment INR 28905,28905,utilities,card,,
pharmacy medicine purchase me 41602 rupaiye kharcha hua upi se diyee,41602,healthcare,upi,,
41575 rupaiye die college fees payment ke liye card se,41575,education,card,,
movie ticket booking ka ticket 1269 rs me lia cash se,1269,entertainment,cash,,
credit card emi EMI 1348 rs kat gaye upi se,1348,emi,upi,,
Movie ticket booking INR 43144,43144,entertainment,card,,
Fixed deposit investment INR 15692,15692,investment,upi,,
Bus ticket INR 3976,3976,travel,card,,
online course subscription ki fees 44855 rs cash se bhra,44855,education,cash,,
online flipkart order se 30635 ka saman lia card se pay kiya,30635,shopping,card,,
personal loan installment ki EMI 25795 rupye card se bharaa,25795,emi,card,,
15130 rupye ka gas bill payment bill pay kiyaa card se,15130,utilities,card,,
clothing store bill pe shopping kya 10053 rupay karcha card se,10053,shopping,card,,
Exam fee INR 15418,15418,education,upi,,
Doctor consultation INR 21811,21811,healthcare,upi,,
23609 rs ka pharmacy medicine purchase bill aaya card se pay kia,23609,healthcare,card,,
3240 rupay ka car loan emi installment upi se diye,3240,emi,upi,,
Lunch at hotel INR 23740,23740,food,card,,
Clothing store bill INR 5797,5797,shopping,card,,
3838 rupaye ka bike loan emi installment upi se diye,3838,emi,upi,,
ola cab ki ticket 49208 rupay me book kia card se,49208,travel,card,,
Uber ride INR 28353,28353,travel,cash,,
26319 rupaiye ka electricity bill payment bill pay kiyaa card se,26319,utilities,card,,
Hospital bill INR 35405,35405,healthcare,card,,
20108 rupaiye diy online course subscription ke liye card se,20108,education,card,,
34216 rs khrcha kya concert ticket pe card se,34216,entertainment,card,,
Mutual fund SIP INR 13893,13893,investment,cash,,
netflix subscription ka subscription 25226 rs. upi se renew kiya,25226,entertainment,upi,,
padhai ke liye library fee pe 44237 rs. kharchaa kya card se,44237,education,card,,
doctor consultation pe 48752 rs kharcha hui davai pe upi se,48752,healthcare,upi,,
Exam fee INR 45514,45514,education,cash,,
college fees payment ka course 6419 rs. me lia cash se pay kia,6419,education,cash,,
car loan emi ki EMI 8677 rupye upi se bharra,8677,emi,upi,,
Clothing store bill INR 38809,38809,shopping,upi,,
Hospital bill INR 17623,17623,healthcare,cash,,
ppf contribution ka SIP 42642 rupaye upi se bharaa,42642,investment,upi,,
Doctor consultation INR 44662,44662,healthcare,card,,
train ticket irctc ka kiraya 16286 rs diyee card se,16286,travel,card,,
Uber ride INR 32669,32669,travel,cash,,
Restaurant bill INR 43702,43702,food,cash,,
46333 rupaiye ka medical test charges bill aaya cash se pay kiya,46333,healthcare,cash,,
concert ticket ka ticket 23106 rs. me lia card se,23106,entertainment,card,,
Gas bill payment INR 16247,16247,utilities,card,,
train ticket irctc ka kiraya 47562 rs diy card se,47562,travel,card,,
netflix subscription ka ticket 11310 rupye me lia card se,11310,entertainment,card,,
Library fee INR 7653,7653,education,cash,,
Home loan EMI INR 17140,17140,emi,cash,,
crypto investment me 1057 rs. invest kya upi se,1057,investment,upi,,
netflix subscription dekha 6338 rs lgaa card se diyee,6338,entertainment,card,,
36980 rs ka order diye online shopping payment pe upi se,36980,shopping,upi,,
Credit card EMI INR 477,477,emi,cash,,
19536 rupaye ka order diyee amazon purchase pe card se,19536,shopping,card,,
Amazon purchase INR 46990,46990,shopping,cash,,
netflix subscription ka ticket 30338 rs. me lia upi se,30338,entertainment,upi,,
Train ticket IRCTC INR 6057,6057,travel,cash,,
Library fee INR 42064,42064,education,cash,,
bus ticket ka kiraya 20406 rs diyee card se,20406,travel,card,,
Food court payment INR 33501,33501,food,upi,,
movie ticket booking ka subscription 46773 rupaye card se renew kiyaa,46773,entertainment,card,,
credit card emi EMI 477 rupay kat gaye cash se,477,emi,cash,,
Game purchase INR 28040,28040,entertainment,cash,,
46867 rs crypto investment me daale upi se,46867,investment,upi,,
library fee ka course 40932 rupaye me liyaa cash se pay kia,40932,education,cash,,
padhai ke liye library fee pe 23766 rs karcha kya upi se,23766,education,upi,,
padhai ke liye library fee pe 32736 rupay khrcha kiyaa card se,32736,education,card,,
Stock purchase INR 1234,1234,investment,cash,,
Bus ticket INR 45063,45063,travel,cash,,
Hotel booking INR 21306,21306,travel,upi,,
aaj gas bill payment ka 11766 rupye ka bill upi se bhara,11766,utilities,upi,,
online course subscription ka course 43228 rs me liya card se pay kya,43228,education,card,,
online electronics shopping se 13168 ka saman lya upi se pay kiya,13168,shopping,upi,,
49527 rupaye karcha kia concert ticket pe card se,49527,entertainment,card,,
hotel booking ki ticket 42216 rupaiye me book kiya upi se,42216,travel,upi,,
crypto investment ka SIP 41882 rupaye card se bhra,41882,investment,card,,
movie ticket booking dekha 5881 rupye lga card se diy,5881,entertainment,card,,
doctor ke yahan 16569 rs. lagaa cash se diyee,16569,healthcare,cash,,
20136 rupaiye ka gas bill payment bill pay kya upi se,20136,utilities,upi,,
32150 rupaiye ka car loan emi installment upi se diy,32150,emi,upi,,
online course subscription ki fees 42836 rupaiye card se bharra,42836,education,card,,
48917 rupaye ka hospital bill bill aaya upi se pay kiya,48917,healthcare,upi,,
Home loan EMI INR 47934,47934,emi,upi,,
Online shopping payment INR 44440,44440,shopping,upi,,
Zomato dinner INR 38494,38494,food,card,,
amazon purchase pe shopping kiyaa 42115 rs. khrcha cash se,42115,shopping,cash,,
mutual fund sip me 13221 rupaiye invest kiya card se,13221,investment,card,,
Stock purchase INR 31171,31171,investment,cash,,
Zomato dinner INR 39930,39930,food,cash,,
Messy outlier tx ,NULL,blabla,ccard,,
flight ticket booking ki ticket 22674 rupaye me book kiyaa upi se,22674,travel,upi,,
Doctor consultation INR 28207,28207,healthcare,upi,,
Flight ticket booking INR 5228,5228,travel,card,,
aaj water bill ka 27033 rupaiye ka bill card se bhara,27033,utilities,card,,
online electronics shopping se 45499 ka saman lya card se pay kiya,45499,shopping,card,,
Messy outlier tx UPIID123,five hundred,unknown,unknown,NaN,
college fees payment ka course 24317 rupaye me liyaa upi se pay kia,24317,education,upi,,
Amazon purchase INR 22123,22123,shopping,cash,,
ppf contribution ka SIP 39322 rupye card se bhra,39322,investment,card,,
1074 rs ka doctor consultation bill aaya card se pay kiyaa,1074,healthcare,card,,
Messy outlier tx ccard,-100,blabla,csh,,
Water bill INR 41332,41332,utilities,upi,,
Movie ticket booking INR 47455,47455,entertainment,cash,,
Medical test charges INR 34454,34454,healthcare,upi,,
stock purchase ka SIP 44968 rupay cash se bhara,44968,investment,cash,,
uber ride ka kiraya 28353 rupaiye diyee cash se,28353,travel,cash,,
30987 rupaye kharcha kia swiggy order pe cash se,30987,food,cash,,
14761 rs diy college fees payment ke liye card se,14761,education,card,,
Medical test charges INR 48291,48291,healthcare,cash,,
Exam fee INR 29777,29777,education,card,,
ppf contribution ka SIP 23472 rupye cash se bharra,23472,investment,cash,,
netflix subscription ka subscription 16192 rupaye cash se renew kya,16192,entertainment,cash,,
personal loan installment ki EMI 35938 rupye upi se bharra,35938,emi,upi,,
amazon purchase pe shopping kia 25923 rupay kharch card se,25923,shopping,card,,
Game purchase INR 17523,17523,entertainment,card,,
Credit card EMI INR 24084,24084,emi,card,,
Netflix subscription INR 16651,16651,entertainment,upi,,
gas bill payment recharge kiyaa 9182 rupye upi se,9182,utilities,upi,,
Pizza delivery INR 47994,47994,food,upi,,
34375 rupaye die library fee ke liye cash se,34375,education,cash,,
doctor ke yahan 1407 rupay lgaa cash se diye,1407,healthcare,cash,,
stock purchase me 33442 rs. invest kiyaa card se,33442,investment,card,,
stock purchase ka SIP 6959 rs card se bharra,6959,investment,card,,
Flight ticket booking INR 29181,29181,travel,cash,,
car loan emi EMI 2934 rupye kat gaye upi se,2934,emi,upi,,
24961 rupye mutual fund sip me daale card se,24961,investment,card,,
Uber ride INR 855,855,travel,cash,,
hospital bill pe 8182 rs. khrcha hui davai pe upi se,8182,healthcare,upi,,
Crypto investment INR 12824,12824,investment,card,,
Lunch at hotel INR 30540,30540,food,upi,,
Hospital bill INR 6723,6723,healthcare,cash,,
Credit card EMI INR 42392,42392,emi,upi,,
library fee ka course 39647 rupye me lia card se pay kia,39647,education,card,,
online clothing store bill se 34590 ka saman liya upi se pay kya,34590,shopping,upi,,
Gas bill payment INR 11052,11052,utilities,card,,
aaj hotel booking lia 38983 rupaye cash se pay kiya,38983,travel,cash,,
Car loan EMI INR 38881,38881,emi,card,,
Food court payment INR 42246,42246,food,cash,,
aaj fixed deposit investment me 10627 rupaiye lagaye card se,10627,investment,card,,
Gas bill payment INR 5078,5078,utilities,cash,,
Bus ticket INR 48467,48467,travel,upi,,
game purchase ka ticket 6075 rupye me liyaa cash se,6075,entertainment,cash,,
aaj pizza delivery se khana order kya 16094 rs. cash se diy,16094,food,cash,,
flipkart order pe shopping kia 46141 rupay kharcha upi se,46141,shopping,upi,,
online electronics shopping se 3904 ka saman lia cash se pay kiyaa,3904,shopping,cash,,
Car loan EMI INR 6787,6787,emi,card,,
Flipkart order INR 4115,4115,shopping,card,,
Mobile recharge INR 11072,11072,utilities,card,,
College fees payment INR 37224,37224,education,card,,
pharmacy medicine purchase me 36234 rupaye kharcha hua upi se diy,36234,healthcare,upi,,
concert ticket ka ticket 13657 rs. me lia upi se,13657,entertainment,upi,,
Mutual fund SIP INR 48755,48755,investment,upi,,
Online course subscription INR 11833,11833,education,cash,,
Library fee INR 31098,31098,education,upi,,
15243 rupay khrcha kya lunch at hotel pe upi se,15243,food,upi,,
game purchase ka ticket 11063 rupye me liya upi se,11063,entertainment,upi,,
Netflix subscription INR 19101,19101,entertainment,card,,
Gas bill payment INR 48738,48738,utilities,upi,,
aaj ola cab liya 43725 rs. card se pay kiya,43725,travel,card,,
credit card emi EMI 4691 rupaiye kat gaye cash se,4691,emi,cash,,
online flipkart order se 16403 ka saman lya cash se pay kya,16403,shopping,cash,,
College fees payment INR 19841,19841,education,upi,,
hotel booking ki ticket 25153 rupay me book kiya cash se,25153,travel,cash,,
47436 rs. ka credit card emi installment cash se diy,47436,emi,cash,,
Bus ticket INR 10937,10937,travel,upi,,
42397 rupaiye ka pharmacy medicine purchase bill aaya upi se pay kia,42397,healthcare,upi,,
Train ticket IRCTC INR 4487,4487,travel,upi,,
aaj crypto investment me 18036 rupaye lagaye upi se,18036,investment,upi,,
online online shopping payment se 18091 ka saman liyaa card se pay kia,18091,shopping,card,,
padhai ke liye exam fee pe 48092 rupaiye kharcha kiyaa cash se,48092,education,cash,,
netflix subscription ka ticket 25117 rs. me lya cash se,25117,entertainment,cash,,
3863 rs. crypto investment me daale card se,3863,investment,card,,
home loan emi EMI 8427 rs kat gaye card se,8427,emi,card,,
35772 rupaye diyee college fees payment ke liye cash se,35772,education,cash,,
loan ka bike loan emi 16762 rupaiye upi se pay kya,16762,emi,upi,,
Pizza delivery INR 10990,10990,food,card,,
doctor consultation me 31165 rupay kharch hua cash se diye,31165,healthcare,cash,,
loan ka bike loan emi 6974 rupaye upi se pay kiyaa,6974,emi,upi,,
Home loan EMI INR 43002,43002,emi,cash,,
netflix subscription ka subscription 22161 rupye cash se renew kia,22161,entertainment,cash,,
41309 rupay mutual fund sip me daale cash se,41309,investment,cash,,
aaj gas bill payment ka 3108 rupaiye ka bill cash se bhra,3108,utilities,cash,,
Pharmacy medicine purchase INR 12489,12489,healthcare,cash,,
aaj uber ride lya 13729 rupaiye card se pay kya,13729,travel,card,,
44464 rs. khrcha kya concert ticket pe card se,44464,entertainment,card,,
9767 rs ka car loan emi installment upi se die,9767,emi,upi,,
hotel booking ka kiraya 38461 rs. diy card se,38461,travel,card,,
10255 rupay ka pharmacy medicine purchase bill aaya card se pay kia,10255,healthcare,card,,
Movie ticket booking INR 24940,24940,entertainment,upi,,
hospital bill me 1146 rs kharcha hua upi se die,1146,healthcare,upi,,
online electronics shopping se 46190 ka saman lya upi se pay kiyaa,46190,shopping,upi,,
Ola cab INR 23512,23512,travel,card,,
aaj ppf contribution me 38403 rupay lagaye cash se,38403,investment,cash,,
Personal loan installment INR 8186,8186,emi,upi,,
Online shopping payment INR 32066,32066,shopping,card,,
drop table users;,NaN,1234,ccard,,
Online shopping payment INR 44629,44629,shopping,cash,,
restaurant bill me 6438 rupaye ka khana khaaya cash se,6438,food,cash,,
Clothing store bill INR 44402,44402,shopping,upi,,
Movie ticket booking INR 8126,8126,entertainment,cash,,
Mutual fund SIP INR 23228,23228,investment,cash,,
Swiggy order INR 22516,22516,food,card,,
Game purchase INR 18744,18744,entertainment,card,,
personal loan installment ki EMI 6146 rupay cash se bharra,6146,emi,cash,,
personal loan installment EMI 21920 rupaye kat gaye cash se,21920,emi,cash,,
College fees payment INR 9413,9413,education,cash,,
exam fee ka course 20144 rupaiye me lya cash se pay kya,20144,education,cash,,
7509 rupye crypto investment me daale card se,7509,investment,card,,
27177 rs. ka gas bill payment bill pay kya card se,27177,utilities,card,,
personal loan installment EMI 33295 rupaye kat gaye card se,33295,emi,card,,
15542 rupye lagaa flight ticket booking me card se diyee,15542,travel,card,,
Train ticket IRCTC INR 24581,24581,travel,card,,
crypto investment ka SIP 33358 rupaye cash se bhara,33358,investment,cash,,
Concert ticket INR 36016,36016,entertainment,cash,,
31598 rs ka internet recharge bill pay kiyaa cash se,31598,utilities,cash,,
aaj uber ride lia 43374 rupay card se pay kia,43374,travel,card,,
netflix subscription ka ticket 19101 rupaiye me lya card se,19101,entertainment,card,,
aaj bus ticket lya 784 rs upi se pay kia,784,travel,upi,,
Car loan EMI INR 24875,24875,emi,cash,,
exam fee ki fees 6106 rupaye upi se bhra,6106,education,upi,,
Food court payment INR 37485,37485,food,cash,,
Car loan EMI INR 21668,21668,emi,card,,
10990 rs. khrcha kia pizza delivery pe card se,10990,food,card,,
ppf contribution me 45528 rupay invest kiyaa card se,45528,investment,card,,
water bill ka bill 895 rupay cash se bhara,895,utilities,cash,,
Online course subscription INR 41425,41425,education,cash,,
Mobile recharge INR 19028,19028,utilities,card,,
27935 rupaiye karcha kya concert ticket pe upi se,27935,entertainment,upi,,
Hospital bill INR 43315,43315,healthcare,upi,,
doctor ke yahan 1394 rupye laga upi se diy,1394,healthcare,upi,,
Swiggy order INR 48770,48770,food,card,,
Doctor consultation INR 10598,10598,healthcare,upi,,
"lunch at hotel pe 47169 ka bill tha, cash se pay kiya",47169,food,cash,,
aaj internet recharge ka 36022 rupaye ka bill card se bharaa,36022,utilities,card,,
Online course subscription INR 11790,11790,education,card,,
29599 rupaiye ka pharmacy medicine purchase bill aaya upi se pay kya,29599,healthcare,upi,,
medical test charges me 36271 rs. kharcha hua cash se diye,36271,healthcare,cash,,
internet recharge ka bill 33969 rupye card se bharaa,33969,utilities,card,,
padhai ke liye college fees payment pe 525 rs. kharchaa kiyaa upi se,525,education,upi,,
flight ticket booking ki ticket 6485 rupaiye me book kiya card se,6485,travel,card,,
College fees payment INR 22557,22557,education,upi,,
Gas bill payment INR 39342,39342,utilities,card,,
Water bill INR 39041,39041,utilities,card,,
Online course subscription INR 24146,24146,education,cash,,
Crypto investment INR 7118,7118,investment,upi,,
hospital bill pe 47206 rupaye kharchaa hui davai pe card se,47206,healthcare,card,,
22321 rupaiye diyee online course subscription ke liye card se,22321,education,card,,
Restaurant bill INR 26845,26845,food,upi,,
Uber ride INR 14731,14731,travel,cash,,
aaj train ticket irctc lya 44301 rupaiye card se pay kiyaa,44301,travel,card,,
Amazon purchase INR 27646,27646,shopping,card,,
1478 rupay ka order diye amazon purchase pe upi se,1478,shopping,upi,,
20320 rupay ka water bill bill pay kya cash se,20320,utilities,cash,,
game purchase dekha 36837 rupye laga upi se diye,36837,entertainment,upi,,
game purchase ka ticket 27809 rs. me lya upi se,27809,entertainment,upi,,
fixed deposit investment me 696 rupye invest kiyaa card se,696,investment,card,,
game purchase ka ticket 44061 rs. me lia cash se,44061,entertainment,cash,,
Messy outlier tx ccard,0,unknown,bitcoin,,
Movie ticket booking INR 8506,8506,entertainment,card,,
Uber ride INR 37677,37677,travel,cash,,
netflix subscription dekha 9742 rs. lga cash se diy,9742,entertainment,cash,,
loan ka home loan emi 27547 rupye upi se pay kia,27547,emi,upi,,
Water bill INR 37796,37796,utilities,card,,
Train ticket IRCTC INR 24205,24205,travel,cash,,
doctor ke yahan 11982 rupaye lgaa card se diye,11982,healthcare,card,,
37662 rupaye die college fees payment ke liye upi se,37662,education,upi,,
Library fee INR 22269,22269,education,upi,,
Internet recharge INR 29002,29002,utilities,cash,,
Online course subscription INR 20194,20194,education,cash,,
loan ka credit card emi 34989 rupye upi se pay kya,34989,emi,upi,,
train ticket irctc ka kiraya 39236 rs. diy card se,39236,travel,card,,
aaj bus ticket lia 43960 rs. upi se pay kya,43960,travel,upi,,
Flipkart order INR 17276,17276,shopping,upi,,
29006 rupye ka mobile recharge bill pay kia card se,29006,utilities,card,,
exam fee ka course 11172 rs me lya cash se pay kiya,11172,education,cash,,
Mobile recharge INR 34190,34190,utilities,upi,,
Credit card EMI INR 19345,19345,emi,cash,,
Amazon purchase INR 6294,6294,shopping,card,,
library fee ka course 26882 rupay me lya card se pay kiyaa,26882,education,card,,
online shopping payment pe shopping kiya 38461 rupay kharcha card se,38461,shopping,card,,
Lunch at hotel INR 30501,30501,food,card,,
stock purchase me 36662 rupaiye invest kiya upi se,36662,investment,upi,,
zomato dinner me 49953 rupye ka khana khayaa cash se,49953,food,cash,,
Cafe coffee INR 16726,16726,food,upi,,
Stock purchase INR 17517,17517,investment,cash,,
Medical test charges INR 42542,42542,healthcare,card,,
fixed deposit investment ka SIP 28043 rs upi se bharaa,28043,investment,upi,,
water bill recharge kiyaa 7302 rs cash se,7302,utilities,cash,,
Uber ride INR 10246,10246,travel,card,,
Uber ride INR 1436,1436,travel,card,,
movie ticket booking ka subscription 21469 rupaiye upi se renew kiyaa,21469,entertainment,upi,,
Train ticket IRCTC INR 30103,30103,travel,upi,,
Flight ticket booking INR 41133,41133,travel,card,,
47375 rs ka order diyee online shopping payment pe card se,47375,shopping,card,,
food court payment me 21030 rupaye ka khana khaya upi se,21030,food,upi,,
Uber ride INR 29994,29994,travel,upi,,
College fees payment INR 23615,23615,education,card,,
netflix subscription ka subscription 1238 rupye card se renew kya,1238,entertainment,card,,
Bike loan EMI INR 10407,10407,emi,upi,,
38257 rupye kharcha kiyaa cafe coffee pe card se,38257,food,card,,
mobile recharge recharge kiya 12822 rupaye upi se,12822,utilities,upi,,
25188 rupaiye kharch kiya movie ticket booking pe card se,25188,entertainment,card,,
Exam fee INR 31255,31255,education,card,,
Crypto investment INR 24978,24978,investment,cash,,
padhai ke liye library fee pe 1540 rupay khrcha kia card se,1540,education,card,,
Library fee INR 43776,43776,education,cash,,
padhai ke liye exam fee pe 35222 rs kharchaa kya card se,35222,education,card,,
car loan emi ki EMI 6376 rupaiye cash se bharaa,6376,emi,cash,,
Exam fee INR 38189,38189,education,cash,,
ppf contribution me 49448 rupay invest kiya card se,49448,investment,card,,
car loan emi ki EMI 48873 rupaye upi se bhra,48873,emi,upi,,
doctor ke yahan 1963 rupay lgaa cash se diy,1963,healthcare,cash,,
game purchase ka ticket 41404 rupaye me lia upi se,41404,entertainment,upi,,
aaj flight ticket booking liyaa 43044 rupaye upi se pay kya,43044,travel,upi,,
aaj water bill ka 16288 rs. ka bill upi se bharra,16288,utilities,upi,,
mutual fund sip ka SIP 48755 rupaiye upi se bharra,48755,investment,upi,,
Restaurant bill INR 42889,42889,food,upi,,
aaj flight ticket booking liya 22491 rupye upi se pay kiya,22491,travel,upi,,
clothing store bill pe shopping kiya 8992 rupaye kharchaa upi se,8992,shopping,upi,,
Fixed deposit investment INR 37287,37287,investment,card,,
Credit card EMI INR 16954,16954,emi,cash,,
doctor ke yahan 20527 rs. lgaa card se die,20527,healthcare,card,,
lunch at hotel me 7207 rupye ka khana khaaya upi se,7207,food,upi,,
15752 rs. ka gas bill payment bill pay kiya cash se,15752,utilities,cash,,
18577 rs. kharchaa kia netflix subscription pe upi se,18577,entertainment,upi,,
aaj flight ticket booking liya 36679 rupay upi se pay kiyaa,36679,travel,upi,,
medical test charges me 34726 rupay khrcha hua card se diyee,34726,healthcare,card,,
electricity bill payment recharge kia 3967 rupye cash se,3967,utilities,cash,,
<script>alert('xss')</script>,99999999,error,123,,
5157 rupye lgaa flight ticket booking me upi se diy,5157,travel,upi,,
College fees payment INR 46303,46303,education,upi,,
49878 rs kharch kiya game purchase pe card se,49878,entertainment,card,,
electronics shopping pe shopping kya 41328 rupaye karcha card se,41328,shopping,card,,
gas bill payment recharge kia 10832 rupaiye card se,10832,utilities,card,,
aaj cafe coffee se khana order kiya 40460 rupye cash se diy,40460,food,cash,,
41519 rupaiye ka mobile recharge bill pay kia upi se,41519,utilities,upi,,
aaj mutual fund sip me 15514 rupay lagaye card se,15514,investment,card,,
8187 rs ka hospital bill bill aaya upi se pay kiya,8187,healthcare,upi,,
48605 rs. lgaa hotel booking me cash se die,48605,travel,cash,,
padhai ke liye college fees payment pe 2441 rs. kharch kiya cash se,2441,education,cash,,
mobile recharge ka bill 8638 rs card se bhra,8638,utilities,card,,
movie ticket booking dekha 30918 rs lagaa cash se diy,30918,entertainment,cash,,
Medical test charges INR 3975,3975,healthcare,card,,
Fixed deposit investment INR 12752,12752,investment,upi,,
College fees payment INR 12267,12267,education,upi,,
aaj crypto investment me 22753 rs lagaye upi se,22753,investment,upi,,
Exam fee INR 20526,20526,education,cash,,
<script>alert('xss')</script>,NULL,error,UPIID123,,EDA test row
padhai ke liye college fees payment pe 34679 rupaye khrcha kiyaa upi se,34679,education,upi,,
car loan emi EMI 38287 rupaiye kat gaye card se,38287,emi,card,,
online electronics shopping se 23877 ka saman liyaa cash se pay kia,23877,shopping,cash,,
Doctor consultation INR 490,490,healthcare,upi,,
27030 rupay khrcha kya concert ticket pe card se,27030,entertainment,card,,
pizza delivery me 12242 rupay ka khana khya card se,12242,food,card,,
46921 rupay ka order diy clothing store bill pe card se,46921,shopping,card,,
6616 rupaye mutual fund sip me daale card se,6616,investment,card,,
flipkart order pe shopping kia 19032 rs khrcha cash se,19032,shopping,cash,,
online course subscription ka course 48116 rupay me lya card se pay kya,48116,education,card,,
Library fee INR 1479,1479,education,card,,
padhai ke liye college fees payment pe 6992 rs. khrcha kya card se,6992,education,card,,
uber ride ka kiraya 19991 rupaye die card se,19991,travel,card,,
online online shopping payment se 6755 ka saman lya upi se pay kiya,6755,shopping,upi,,
stock purchase me 45595 rs invest kya upi se,45595,investment,upi,,
game purchase ka subscription 15343 rupay upi se renew kya,15343,entertainment,upi,,
Messy outlier tx ,-5000,error,unknown,NY,
College fees payment INR 23297,23297,education,card,,
Food court payment INR 11846,11846,food,card,,
doctor consultation me 4611 rupye kharcha hua upi se diy,4611,healthcare,upi,,
internet recharge recharge kia 10668 rupaye card se,10668,utilities,card,,
Swiggy order INR 12179,12179,food,cash,,
Bike loan EMI INR 31641,31641,emi,cash,,
flipkart order se 16403 rupaiye ka shopping kya cash se,16403,shopping,cash,,
aaj bus ticket lya 19385 rupaiye card se pay kia,19385,travel,card,,
Concert ticket INR 31941,31941,entertainment,card,,
"swiggy order pe 46145 ka bill tha, upi se pay kiya",46145,food,upi,,
concert ticket dekha 49403 rs. lga upi se diyee,49403,entertainment,upi,,
bike loan emi EMI 10898 rupye kat gaye card se,10898,emi,card,,
doctor ke yahan 7165 rs laga card se diye,7165,healthcare,card,,
Gas bill payment INR 25686,25686,utilities,cash,,
bus ticket ka kiraya 1079 rupaye diyee cash se,1079,travel,cash,,
"food court payment pe 18684 ka bill tha, card se pay kia",18684,food,card,,
electricity bill payment recharge kiya 48272 rupaye cash se,48272,utilities,cash,,
netflix subscription ka ticket 17059 rupay me lya cash se,17059,entertainment,cash,,
hospital bill pe 48917 rupaiye karcha hui davai pe upi se,48917,healthcare,upi,,
Uber ride INR 14768,14768,travel,card,,
doctor consultation me 29829 rupay kharch hua card se die,29829,healthcare,card,,
car loan emi EMI 20350 rupay kat gaye cash se,20350,emi,cash,,
medical test charges pe 16320 rupaiye kharch hui davai pe card se,16320,healthcare,card,,
pizza delivery me 46204 rupye ka khana khaaya cash se,46204,food,cash,,
Zomato dinner INR 31298,31298,food,upi,,
uber ride ki ticket 17232 rupye me book kiyaa cash se,17232,travel,cash,,
38748 rupay kharchaa kiya netflix subscription pe cash se,38748,entertainment,cash,,
Movie ticket booking INR 9917,9917,entertainment,upi,,
aaj hotel booking lia 35424 rupaiye cash se pay kia,35424,travel,cash,,
Crypto investment INR 18793,18793,investment,card,,
flight ticket booking ka kiraya 29089 rupay diye upi se,29089,travel,upi,,
Mobile recharge INR 32639,32639,utilities,upi,,
33525 rs. fixed deposit investment me daale upi se,33525,investment,upi,,
exam fee ki fees 11466 rupay upi se bhara,11466,education,upi,,
swiggy order ka khana 21553 rupaiye me aaya upi se diye,21553,food,upi,,
Internet recharge INR 24032,24032,utilities,card,,
Personal loan installment INR 4193,4193,emi,upi,,
concert ticket ka ticket 24539 rupye me liya upi se,24539,entertainment,upi,,
Pharmacy medicine purchase INR 47337,47337,healthcare,cash,,
library fee ki fees 20820 rs cash se bharaa,20820,education,cash,,
5152 rupye kharchaa kia cafe coffee pe upi se,5152,food,upi,,
aaj train ticket irctc liya 42668 rupay cash se pay kiya,42668,travel,cash,,
aaj stock purchase me 1234 rupaye lagaye cash se,1234,investment,cash,,
Hotel booking INR 42220,42220,travel,upi,,
Train ticket IRCTC INR 7748,7748,travel,card,,
game purchase ka ticket 19875 rs. me lya cash se,19875,entertainment,cash,,
Hospital bill INR 14775,14775,healthcare,cash,,
padhai ke liye library fee pe 49856 rs. karcha kiyaa card se,49856,education,card,,
19686 rupay ka mobile recharge bill pay kiya cash se,19686,utilities,cash,,
Concert ticket INR 46685,46685,entertainment,card,,
37665 rupye kharcha kiya game purchase pe card se,37665,entertainment,card,,
44276 rs. ka electricity bill payment bill pay kiya card se,44276,utilities,card,,
30456 rs ka hospital bill bill aaya upi se pay kiyaa,30456,healthcare,upi,,
Bike loan EMI INR 18492,18492,emi,cash,,
online course subscription ka course 5919 rupay me lya card se pay kya,5919,education,card,,
aaj bus ticket lia 12956 rs. card se pay kiya,12956,travel,card,,
aaj mobile recharge ka 16424 rupye ka bill card se bharra,16424,utilities,card,,
Crypto investment INR 48102,48102,investment,card,,
Crypto investment INR 37116,37116,investment,card,,
Pharmacy medicine purchase INR 16564,16564,healthcare,cash,,
personal loan installment EMI 41212 rs kat gaye upi se,41212,emi,upi,,
Bike loan EMI INR 47834,47834,emi,card,,
Messy outlier tx unknown,99999999,blabla,UPIID123,,
exam fee ki fees 37540 rupaiye cash se bharra,37540,education,cash,,
aaj hotel booking lya 42220 rs. upi se pay kiyaa,42220,travel,upi,,
restaurant bill me 29196 rupaye ka khana khaya card se,29196,food,card,,
doctor consultation pe 41822 rupay kharcha hui davai pe card se,41822,healthcare,card,,
aaj fixed deposit investment me 11307 rs. lagaye upi se,11307,investment,upi,,
Train ticket IRCTC INR 44301,44301,travel,card,,
Online shopping payment INR 1839,1839,shopping,card,,
Pizza delivery INR 3759,3759,food,cash,,
electricity bill payment recharge kya 30884 rs card se,30884,utilities,card,,
aaj restaurant bill se khana order kiyaa 145 rupye upi se diy,145,food,upi,,
Mutual fund SIP INR 24961,24961,investment,card,,
Electricity bill payment INR 35074,35074,utilities,cash,,
48291 rs. ka medical test charges bill aaya cash se pay kia,48291,healthcare,cash,,
Messy outlier tx 123,0,1234,unknown,,
Personal loan installment INR 2092,2092,emi,card,,
Concert ticket INR 26213,26213,entertainment,cash,,
Library fee INR 1540,1540,education,card,,
hospital bill pe 11597 rupaye kharch hui davai pe upi se,11597,healthcare,upi,,
bike loan emi ki EMI 21192 rupaiye card se bharra,21192,emi,card,,
hospital bill pe 18224 rupaiye kharcha hui davai pe cash se,18224,healthcare,cash,,
movie ticket booking ka ticket 29500 rupye me liyaa card se,29500,entertainment,card,,
Uber ride INR 10393,10393,travel,card,,
Water bill INR 48084,48084,utilities,card,,
Doctor consultation INR 26970,26970,healthcare,cash,,
Fixed deposit investment INR 32934,32934,investment,cash,,
aaj flight ticket booking lya 5231 rupay upi se pay kya,5231,travel,upi,,
netflix subscription dekha 19752 rupaye laga upi se die,19752,entertainment,upi,,
Movie ticket booking INR 15930,15930,entertainment,card,,
stock purchase ka SIP 22381 rupaye card se bhra,22381,investment,card,,
online amazon purchase se 29794 ka saman liyaa card se pay kiya,29794,shopping,card,,
Uber ride INR 9064,9064,travel,upi,,
33210 rupay lgaa train ticket irctc me cash se diye,33210,travel,cash,,
Restaurant bill INR 6543,6543,food,upi,,
13221 rupay mutual fund sip me daale card se,13221,investment,card,,
train ticket irctc ka kiraya 1416 rs. die cash se,1416,travel,cash,,
Bike loan EMI INR 16366,16366,emi,upi,,
42810 rs. ka car loan emi installment upi se diyee,42810,emi,upi,,
Concert ticket INR 49403,49403,entertainment,upi,,
44660 rs. kharch kya netflix subscription pe upi se,44660,entertainment,upi,,
44674 rupaye ka credit card emi installment cash se diyee,44674,emi,cash,,
Electronics shopping INR 30385,30385,shopping,card,,
Hotel booking INR 46537,46537,travel,cash,,
lunch at hotel me 33288 rupaiye ka khana khya upi se,33288,food,upi,,
Library fee INR 6490,6490,education,upi,,
Bus ticket INR 8828,8828,travel,upi,,
food court payment ka khana 33121 rupaye me aaya cash se die,33121,food,cash,,
Credit card EMI INR 34989,34989,emi,upi,,
electricity bill payment ka bill 28973 rupaye card se bhara,28973,utilities,card,,
college fees payment ka course 726 rs. me liyaa card se pay kiya,726,education,card,,
doctor consultation me 31107 rupaye kharchaa hua upi se die,31107,healthcare,upi,,
<script>alert('xss')</script>,0,shopping_err,unknown,,
Cafe coffee INR 24772,24772,food,upi,,
Concert ticket INR 31374,31374,entertainment,card,,
Personal loan installment INR 37909,37909,emi,card,,
Amazon purchase INR 49779,49779,shopping,upi,,
Clothing store bill INR 8037,8037,shopping,card,,
Food court payment INR 42322,42322,food,upi,,
pharmacy medicine purchase me 34174 rupaiye kharch hua card se diye,34174,healthcare,card,,
14506 rs ka medical test charges bill aaya upi se pay kiyaa,14506,healthcare,upi,,
Messy outlier tx ,"1,000",unknown,,,EDA test row
college fees payment ki fees 2239 rupaye cash se bharaa,2239,education,cash,,
flight ticket booking ka kiraya 26227 rupay diy cash se,26227,travel,cash,,
ola cab ka kiraya 19093 rupay diye card se,19093,travel,card,,
doctor ke yahan 43255 rupay lagaa upi se diye,43255,healthcare,upi,,
Netflix subscription INR 11310,11310,entertainment,card,,
Messy outlier tx UPIID123,-100,unknown,unknown,,
aaj flight ticket booking liya 28234 rupaye cash se pay kiya,28234,travel,cash,,
aaj ppf contribution me 7906 rupye lagaye upi se,7906,investment,upi,,
train ticket irctc ka kiraya 29428 rs diy card se,29428,travel,card,,
Stock purchase INR 20398,20398,investment,upi,,
College fees payment INR 17579,17579,education,card,,
Exam fee INR 32215,32215,education,upi,,
Online course subscription INR 17778,17778,education,cash,,
Bike loan EMI INR 26217,26217,emi,upi,,
45388 rupye die online course subscription ke liye cash se,45388,education,cash,,
Internet recharge INR 41421,41421,utilities,card,,
aaj crypto investment me 13270 rupaye lagaye card se,13270,investment,card,,
34958 rupaiye ka order diyee amazon purchase pe cash se,34958,shopping,cash,,
Uber ride INR 30084,30084,travel,upi,,
Flipkart order INR 34462,34462,shopping,card,,
Amazon purchase INR 30107,30107,shopping,upi,,
Online shopping payment INR 32349,32349,shopping,card,,
21590 rs. ka order diy flipkart order pe cash se,21590,shopping,cash,,
pharmacy medicine purchase pe 4387 rupaye kharcha hui davai pe cash se,4387,healthcare,cash,,
25396 rupay ka pharmacy medicine purchase bill aaya cash se pay kiya,25396,healthcare,cash,,
netflix subscription ka ticket 20240 rupye me lia upi se,20240,entertainment,upi,,
exam fee ki fees 30764 rupaye upi se bharra,30764,education,upi,,
netflix subscription dekha 34257 rs. lga upi se diy,34257,entertainment,upi,,
clothing store bill se 10372 rupay ka shopping kya cash se,10372,shopping,cash,,
Exam fee INR 11172,11172,education,cash,,
45952 rs diy college fees payment ke liye cash se,45952,education,cash,,
Uber ride INR 43837,43837,travel,cash,,
Electronics shopping INR 49527,49527,shopping,upi,,
doctor ke yahan 19317 rupaye lgaa card se die,19317,healthcare,card,,
Stock purchase INR 6612,6612,investment,cash,,
personal loan installment ki EMI 11182 rs. cash se bharra,11182,emi,cash,,
online shopping payment se 33250 rs. ka shopping kia upi se,33250,shopping,upi,,
medical test charges me 15308 rupye khrcha hua card se diy,15308,healthcare,card,,
Concert ticket INR 27030,27030,entertainment,card,,
uber ride ka kiraya 1730 rs diy cash se,1730,travel,cash,,
electronics shopping se 34476 rupaiye ka shopping kia card se,34476,shopping,card,,
Zomato dinner INR 39480,39480,food,card,,
online online shopping payment se 44440 ka saman liya upi se pay kya,44440,shopping,upi,,
cafe coffee ka khana 44976 rupay me aaya upi se diye,44976,food,upi,,
game purchase ka ticket 48318 rupay me liya cash se,48318,entertainment,cash,,
Pizza delivery INR 39953,39953,food,card,,
Fixed deposit investment INR 2192,2192,investment,upi,,
Home loan EMI INR 39947,39947,emi,upi,,
Zomato dinner INR 20660,20660,food,card,,
Car loan EMI INR 11241,11241,emi,cash,,
Netflix subscription INR 25872,25872,entertainment,upi,,
Ola cab INR 40368,40368,travel,upi,,
6603 rs. ka home loan emi installment cash se diye,6603,emi,cash,,
Personal loan installment INR 21333,21333,emi,card,,
5344 rs. diy college fees payment ke liye upi se,5344,education,upi,,
doctor consultation pe 32835 rs. karcha hui davai pe card se,32835,healthcare,card,,
Clothing store bill INR 37826,37826,shopping,upi,,
doctor ke yahan 16013 rupaiye laga card se diy,16013,healthcare,card,,
40046 rupaiye die online course subscription ke liye card se,40046,education,card,,
Clothing store bill INR 44903,44903,shopping,upi,,
Netflix subscription INR 31747,31747,entertainment,upi,,
Electricity bill payment INR 20046,20046,utilities,cash,,
college fees payment ka course 8530 rs me lia card se pay kiyaa,8530,education,card,,
aaj fixed deposit investment me 10273 rupaiye lagaye card se,10273,investment,card,,
Car loan EMI INR 42092,42092,emi,upi,,
aaj uber ride lia 10246 rupay card se pay kya,10246,travel,card,,
zomato dinner me 24459 rupye ka khana khaaya upi se,24459,food,upi,,
aaj lunch at hotel se khana order kia 20026 rupye cash se diye,20026,food,cash,,
Gas bill payment INR 41676,41676,utilities,cash,,
Fixed deposit investment INR 23059,23059,investment,upi,,
Messy outlier tx unknown,99999999,shopping_err,123,,
aaj stock purchase me 2263 rs lagaye cash se,2263,investment,cash,,
Stock purchase INR 6039,6039,investment,card,,
Clothing store bill INR 26514,26514,shopping,cash,,
padhai ke liye exam fee pe 12354 rs. karcha kiya cash se,12354,education,cash,,
college fees payment ki fees 39451 rupaye upi se bharaa,39451,education,upi,,
college fees payment ki fees 417 rs. cash se bhara,417,education,cash,,
game purchase ka ticket 30065 rupye me liya card se,30065,entertainment,card,,
Pharmacy medicine purchase INR 41301,41301,healthcare,card,,
movie ticket booking ka ticket 22586 rs. me lia cash se,22586,entertainment,cash,,
38973 rupay laga train ticket irctc me card se die,38973,travel,card,,
personal loan installment EMI 31504 rupay kat gaye cash se,31504,emi,cash,,
online shopping payment pe shopping kiyaa 39959 rs. karcha cash se,39959,shopping,cash,,
Movie ticket booking INR 49336,49336,entertainment,cash,,
library fee ka course 30949 rupaye me lya upi se pay kya,30949,education,upi,,
online course subscription ki fees 12215 rs card se bhara,12215,education,card,,
42731 rupay lgaa bus ticket me card se diye,42731,travel,card,,
netflix subscription dekha 5606 rupaiye lagaa upi se diy,5606,entertainment,upi,,
49046 rupye ka water bill bill pay kia cash se,49046,utilities,cash,,
loan ka credit card emi 32039 rs cash se pay kia,32039,emi,cash,,
netflix subscription dekha 10179 rs lagaa cash se diy,10179,entertainment,cash,,
aaj food court payment se khana order kya 36202 rupye card se diyee,36202,food,card,,
47565 rupay ka order diy flipkart order pe cash se,47565,shopping,cash,,
ppf contribution ka SIP 43007 rupaiye upi se bharra,43007,investment,upi,,
"zomato dinner pe 25759 ka bill tha, card se pay kiya",25759,food,card,,
49214 rupaiye fixed deposit investment me daale card se,49214,investment,card,,
College fees payment INR 7932,7932,education,card,,
stock purchase ka SIP 31388 rupay card se bharra,31388,investment,card,,
Doctor consultation INR 26457,26457,healthcare,upi,,
train ticket irctc ka kiraya 32346 rupaiye diy upi se,32346,travel,upi,,
aaj zomato dinner se khana order kiya 49348 rs cash se diy,49348,food,cash,,
322 rupye ka doctor consultation bill aaya cash se pay kiya,322,healthcare,cash,,
doctor consultation me 6575 rupye kharch hua cash se diyee,6575,healthcare,cash,,
Exam fee INR 41857,41857,education,cash,,
Library fee INR 11011,11011,education,upi,,
Messy outlier tx unknown,,error,123,,EDA test row
Concert ticket INR 38322,38322,entertainment,card,,
Mobile recharge INR 23268,23268,utilities,card,,
13511 rupaye lga bus ticket me upi se diyee,13511,travel,upi,,
35255 rs. ka order die online shopping payment pe upi se,35255,shopping,upi,,
Library fee INR 26851,26851,education,cash,,
hotel booking ki ticket 30393 rupye me book kiyaa card se,30393,travel,card,,
hotel booking ki ticket 6398 rupaiye me book kya cash se,6398,travel,cash,,
Gas bill payment INR 7359,7359,utilities,cash,,
Movie ticket booking INR 22586,22586,entertainment,cash,,
flight ticket booking ka kiraya 30606 rupay diy cash se,30606,travel,cash,,
Netflix subscription INR 34387,34387,entertainment,upi,,
Bus ticket INR 15847,15847,travel,card,,
concert ticket ka subscription 25656 rupay upi se renew kya,25656,entertainment,upi,,
Hospital bill INR 26189,26189,healthcare,cash,,
Pharmacy medicine purchase INR 6862,6862,healthcare,upi,,
Game purchase INR 26317,26317,entertainment,card,,
46770 rs. ka water bill bill pay kiya cash se,46770,utilities,cash,,
aaj electricity bill payment ka 28914 rupaye ka bill card se bhara,28914,utilities,card,,
25448 rs. kharcha kiyaa cafe coffee pe upi se,25448,food,upi,,
PPF contribution INR 24422,24422,investment,upi,,
Train ticket IRCTC INR 43533,43533,travel,cash,,
Netflix subscription INR 8429,8429,entertainment,card,,
Fixed deposit investment INR 10627,10627,investment,card,,
aaj mutual fund sip me 12375 rs. lagaye upi se,12375,investment,upi,,
Medical test charges INR 18302,18302,healthcare,card,,
electronics shopping se 36965 rupaye ka shopping kiya upi se,36965,shopping,upi,,
23106 rs. khrcha kya concert ticket pe card se,23106,entertainment,card,,
crypto investment me 13140 rupye invest kia cash se,13140,investment,cash,,
college fees payment ka course 43828 rupye me lya upi se pay kia,43828,education,upi,,
online shopping payment se 26326 rupay ka shopping kia cash se,26326,shopping,cash,,
loan ka credit card emi 40124 rs upi se pay kia,40124,emi,upi,,
Lunch at hotel INR 33288,33288,food,upi,,
Doctor consultation INR 8516,8516,healthcare,upi,,
8499 rupye ka gas bill payment bill pay kiyaa cash se,8499,utilities,cash,,
padhai ke liye online course subscription pe 23303 rupaiye kharchaa kia upi se,23303,education,upi,,
Train ticket IRCTC INR 44570,44570,travel,upi,,
24064 rupye kharch kia restaurant bill pe upi se,24064,food,upi,,
aaj water bill ka 5346 rs. ka bill cash se bhra,5346,utilities,cash,,
aaj mobile recharge ka 40516 rupye ka bill cash se bharra,40516,utilities,cash,,
concert ticket ka subscription 29376 rupaye upi se renew kia,29376,entertainment,upi,,
doctor consultation me 22862 rupye khrcha hua card se diy,22862,healthcare,card,,
zomato dinner ka khana 9020 rupye me aaya cash se diy,9020,food,cash,,
Pharmacy medicine purchase INR 29146,29146,healthcare,card,,
Flight ticket booking INR 14765,14765,travel,cash,,
loan ka credit card emi 16954 rupye cash se pay kia,16954,emi,cash,,
online course subscription ka course 34406 rs me lya cash se pay kiyaa,34406,education,cash,,
Bus ticket INR 38363,38363,travel,cash,,
Electronics shopping INR 36703,36703,shopping,card,,
Online course subscription INR 28784,28784,education,upi,,
Electricity bill payment INR 37023,37023,utilities,card,,
credit card emi EMI 24084 rs. kat gaye card se,24084,emi,card,,
pharmacy medicine purchase me 40280 rs. karcha hua upi se diye,40280,healthcare,upi,,
Medical test charges INR 24323,24323,healthcare,cash,,
47760 rupye ka order die flipkart order pe card se,47760,shopping,card,,
aaj restaurant bill se khana order kia 35214 rupaiye upi se die,35214,food,upi,,
17360 rupye ka internet recharge bill pay kiyaa upi se,17360,utilities,upi,,
pizza delivery me 25118 rupaye ka khana khaaya upi se,25118,food,upi,,
clothing store bill pe shopping kya 38809 rupaye kharcha upi se,38809,shopping,upi,,
credit card emi ki EMI 9929 rupye upi se bhra,9929,emi,upi,,
Swiggy order INR 23244,23244,food,upi,,
Library fee INR 27736,27736,education,cash,,
movie ticket booking ka ticket 9917 rupaiye me lya upi se,9917,entertainment,upi,,
15829 rs kharch kiya netflix subscription pe card se,15829,entertainment,card,,
Internet recharge INR 31598,31598,utilities,cash,,
crypto investment me 42283 rupaiye invest kiya card se,42283,investment,card,,
"food court payment pe 42246 ka bill tha, cash se pay kya",42246,food,cash,,
library fee ki fees 42064 rupaye cash se bharaa,42064,education,cash,,
Ola cab INR 8485,8485,travel,cash,,
Restaurant bill INR 12440,12440,food,upi,,
Game purchase INR 6075,6075,entertainment,cash,,
48770 rupaye kharch kia swiggy order pe card se,48770,food,card,,
Credit card EMI INR 6925,6925,emi,card,,
crypto investment me 30273 rupye invest kiyaa cash se,30273,investment,cash,,
food court payment me 42933 rupaye ka khana khaya cash se,42933,food,cash,,
36428 rs diy exam fee ke liye upi se,36428,education,upi,,
online online shopping payment se 20414 ka saman liya upi se pay kiya,20414,shopping,upi,,
48487 rs. kharch kia game purchase pe cash se,48487,entertainment,cash,,
Flipkart order INR 17089,17089,shopping,upi,,
Fixed deposit investment INR 26764,26764,investment,cash,,
online course subscription ka course 6066 rs. me liyaa card se pay kiya,6066,education,card,,
10903 rupye ka order die amazon purchase pe cash se,10903,shopping,cash,,
Food court payment INR 48460,48460,food,card,,
PPF contribution INR 25551,25551,investment,upi,,
Stock purchase INR 48524,48524,investment,cash,,
College fees payment INR 6398,6398,education,upi,,
aaj hotel booking lya 19334 rupaiye card se pay kya,19334,travel,card,,
Home loan EMI INR 26404,26404,emi,cash,,
Personal loan installment INR 41212,41212,emi,upi,,
46303 rupaye diyee college fees payment ke liye upi se,46303,education,upi,,
46421 rupaiye fixed deposit investment me daale cash se,46421,investment,cash,,
PPF contribution INR 36127,36127,investment,cash,,
PPF contribution INR 49448,49448,investment,card,,
14867 rupaye ka personal loan installment installment upi se diyee,14867,emi,upi,,
Doctor consultation INR 14216,14216,healthcare,card,,
24224 rupay ka electricity bill payment bill pay kiya cash se,24224,utilities,cash,,
padhai ke liye online course subscription pe 292 rs karcha kia upi se,292,education,upi,,
Ola cab INR 37464,37464,travel,card,,
"swiggy order pe 15834 ka bill tha, cash se pay kiya",15834,food,cash,,
padhai ke liye college fees payment pe 35536 rs. kharchaa kiya upi se,35536,education,upi,,
Swiggy order INR 24782,24782,food,cash,,
home loan emi EMI 19615 rupye kat gaye upi se,19615,emi,upi,,
8619 rs ka internet recharge bill pay kiya cash se,8619,utilities,cash,,
Pharmacy medicine purchase INR 7966,7966,healthcare,cash,,
NaN,NULL,shopping_err,,,
electricity bill payment ka bill 26538 rupaiye card se bhra,26538,utilities,card,,
mobile recharge recharge kiya 978 rs card se,978,utilities,card,,
aaj food court payment se khana order kya 46423 rupaiye upi se diyee,46423,food,upi,,
netflix subscription dekha 2936 rupye lga upi se die,2936,entertainment,upi,,
movie ticket booking ka ticket 46710 rs me lya upi se,46710,entertainment,upi,,
Fixed deposit investment INR 48989,48989,investment,card,,
Clothing store bill INR 10444,10444,shopping,cash,,
College fees payment INR 677,677,education,cash,,
home loan emi ki EMI 42153 rupye cash se bhra,42153,emi,cash,,
Medical test charges INR 43351,43351,healthcare,cash,,
Crypto investment INR 48735,48735,investment,cash,,
Electronics shopping INR 49391,49391,shopping,cash,,
Stock purchase INR 17684,17684,investment,upi,,
Electronics shopping INR 46782,46782,shopping,card,,
aaj zomato dinner se khana order kia 1712 rupay card se diy,1712,food,card,,
29593 rupaye lgaa flight ticket booking me card se diyee,29593,travel,card,,
24756 rupay ka credit card emi installment card se die,24756,emi,card,,
"food court payment pe 42649 ka bill tha, card se pay kiyaa",42649,food,card,,
47649 rupye kharcha kiya movie ticket booking pe cash se,47649,entertainment,cash,,
doctor consultation me 44662 rupaiye khrcha hua card se diy,44662,healthcare,card,,
online online shopping payment se 18859 ka saman lia upi se pay kiya,18859,shopping,upi,,
26761 rs kharcha kiya movie ticket booking pe upi se,26761,entertainment,upi,,
Netflix subscription INR 4693,4693,entertainment,upi,,
flipkart order pe shopping kya 30644 rupye kharcha upi se,30644,shopping,upi,,
6153 rupye ka electricity bill payment bill pay kya cash se,6153,utilities,cash,,
Movie ticket booking INR 4350,4350,entertainment,cash,,
concert ticket ka ticket 4477 rupay me liyaa card se,4477,entertainment,card,,
aaj uber ride liya 33106 rupye cash se pay kia,33106,travel,cash,,
padhai ke liye online course subscription pe 48786 rupaye kharcha kiyaa card se,48786,education,card,,
Movie ticket booking INR 38562,38562,entertainment,upi,,
22123 rupye ka order die amazon purchase pe cash se,22123,shopping,cash,,
online shopping payment se 26397 rupaiye ka shopping kya card se,26397,shopping,card,,
Fixed deposit investment INR 24427,24427,investment,cash,,
Exam fee INR 9789,9789,education,upi,,
Concert ticket INR 7239,7239,entertainment,upi,,
aaj electricity bill payment ka 17816 rupaye ka bill upi se bhra,17816,utilities,upi,,
bus ticket ki ticket 3976 rupaye me book kia card se,3976,travel,card,,
Personal loan installment INR 33391,33391,emi,card,,
Pharmacy medicine purchase INR 18082,18082,healthcare,card,,
45692 rupye die exam fee ke liye upi se,45692,education,upi,,
Internet recharge INR 46920,46920,utilities,upi,,
flight ticket booking ki ticket 43044 rupye me book kya upi se,43044,travel,upi,,
34016 rs. laga bus ticket me card se diye,34016,travel,card,,
library fee ki fees 42311 rs. upi se bharaa,42311,education,upi,,
pharmacy medicine purchase pe 39175 rupaye kharch hui davai pe card se,39175,healthcare,card,,
Bike loan EMI INR 27453,27453,emi,cash,,
aaj zomato dinner se khana order kia 17551 rupay card se diyee,17551,food,card,,
flipkart order pe shopping kiyaa 37749 rupye khrcha cash se,37749,shopping,cash,,
Internet recharge INR 29602,29602,utilities,cash,,
Electricity bill payment INR 37524,37524,utilities,card,,
gas bill payment recharge kya 27142 rupye upi se,27142,utilities,upi,,
bus ticket ka kiraya 9723 rs diy cash se,9723,travel,cash,,
movie ticket booking ka ticket 24940 rupye me liya upi se,24940,entertainment,upi,,
concert ticket dekha 43755 rupye lga card se die,43755,entertainment,card,,
Cafe coffee INR 36491,36491,food,card,,
hotel booking ki ticket 47891 rs. me book kiyaa card se,47891,travel,card,,
uber ride ki ticket 31224 rs me book kiya upi se,31224,travel,upi,,
Internet recharge INR 19488,19488,utilities,card,,
"lunch at hotel pe 4921 ka bill tha, upi se pay kia",4921,food,upi,,
PPF contribution INR 22785,22785,investment,upi,,
Online course subscription INR 15446,15446,education,cash,,
Ola cab INR 30028,30028,travel,upi,,
39259 rs khrcha kya movie ticket booking pe cash se,39259,entertainment,cash,,
Hospital bill INR 48917,48917,healthcare,upi,,
Bus ticket INR 48924,48924,travel,cash,,
Water bill INR 24310,24310,utilities,upi,,
Mobile recharge INR 22035,22035,utilities,upi,,
Medical test charges INR 14506,14506,healthcare,upi,,
24587 rs. kharcha kya zomato dinner pe card se,24587,food,card,,
2891 rs crypto investment me daale cash se,2891,investment,cash,,
amazon purchase se 36612 rs. ka shopping kiya card se,36612,shopping,card,,
Pharmacy medicine purchase INR 37776,37776,healthcare,cash,,
Car loan EMI INR 33045,33045,emi,upi,,
10496 rupye kharcha kya lunch at hotel pe upi se,10496,food,upi,,
Water bill INR 49400,49400,utilities,cash,,
Stock purchase INR 1650,1650,investment,upi,,
aaj lunch at hotel se khana order kiyaa 48956 rs. cash se diyee,48956,food,cash,,
credit card emi ki EMI 8402 rupye upi se bharra,8402,emi,upi,,
24669 rupaye kharch kiyaa netflix subscription pe card se,24669,entertainment,card,,
33045 rupye ka car loan emi installment upi se diy,33045,emi,upi,,
doctor consultation me 23204 rupay kharch hua cash se diyee,23204,healthcare,cash,,
train ticket irctc ka kiraya 20156 rupaiye diy card se,20156,travel,card,,
12489 rupaye ka pharmacy medicine purchase bill aaya cash se pay kiyaa,12489,healthcare,cash,,
Bike loan EMI INR 3884,3884,emi,upi,,
zomato dinner me 33073 rs ka khana khya cash se,33073,food,cash,,
Electricity bill payment INR 49276,49276,utilities,card,,
online amazon purchase se 32273 ka saman liya card se pay kya,32273,shopping,card,,
40430 rupye ka doctor consultation bill aaya cash se pay kya,40430,healthcare,cash,,
Credit card EMI INR 9586,9586,emi,upi,,
Online shopping payment INR 22094,22094,shopping,card,,
car loan emi EMI 33130 rupaiye kat gaye upi se,33130,emi,upi,,
college fees payment ki fees 9211 rs cash se bharaa,9211,education,cash,,
pharmacy medicine purchase me 28900 rupaiye khrcha hua upi se diyee,28900,healthcare,upi,,
online online shopping payment se 39393 ka saman lia cash se pay kia,39393,shopping,cash,,
uber ride ka kiraya 30516 rupay die cash se,30516,travel,cash,,
Concert ticket INR 16055,16055,entertainment,card,,
train ticket irctc ki ticket 33645 rs me book kiyaa cash se,33645,travel,cash,,
College fees payment INR 44179,44179,education,upi,,
hospital bill me 1016 rupaiye khrcha hua cash se diyee,1016,healthcare,cash,,
Doctor consultation INR 4611,4611,healthcare,upi,,
uber ride ka kiraya 36068 rupay diye card se,36068,travel,card,,
doctor ke yahan 39735 rs lga upi se die,39735,healthcare,upi,,
hospital bill pe 25266 rupaiye kharchaa hui davai pe card se,25266,healthcare,card,,
electricity bill payment recharge kiya 36318 rs card se,36318,utilities,card,,
Online course subscription INR 1914,1914,education,card,,
ppf contribution me 19811 rs. invest kiya card se,19811,investment,card,,
Online course subscription INR 13129,13129,education,cash,,
Electricity bill payment INR 8408,8408,utilities,card,,
online shopping payment pe shopping kia 35599 rs. kharch cash se,35599,shopping,cash,,
Swiggy order INR 12906,12906,food,upi,,
Exam fee INR 42825,42825,education,upi,,
lunch at hotel me 9665 rupay ka khana khya upi se,9665,food,upi,,
Credit card EMI INR 24756,24756,emi,card,,
Cafe coffee INR 7795,7795,food,upi,,
Amazon purchase INR 47943,47943,shopping,cash,,
Exam fee INR 19019,19019,education,card,,
Train ticket IRCTC INR 46934,46934,travel,card,,
netflix subscription ka subscription 27401 rupay card se renew kia,27401,entertainment,card,,
19537 rs diye library fee ke liye card se,19537,education,card,,
aaj mobile recharge ka 5921 rupaye ka bill card se bharra,5921,utilities,card,,
PPF contribution INR 45880,45880,investment,cash,,
Hospital bill INR 8182,8182,healthcare,upi,,
ppf contribution ka SIP 27817 rupay card se bhra,27817,investment,card,,
Library fee INR 35955,35955,education,upi,,
48871 rupaiye diye college fees payment ke liye card se,48871,education,card,,
movie ticket booking ka ticket 8094 rupay me lya cash se,8094,entertainment,cash,,
24489 rupaye ka water bill bill pay kya cash se,24489,utilities,cash,,
26486 rupaiye ka medical test charges bill aaya upi se pay kiya,26486,healthcare,upi,,
doctor ke yahan 24602 rupaiye lagaa card se diyee,24602,healthcare,card,,
49649 rupay ka medical test charges bill aaya cash se pay kia,49649,healthcare,cash,,
Medical test charges INR 22390,22390,healthcare,cash,,
Online course subscription INR 4169,4169,education,upi,,
home loan emi ki EMI 34541 rupaye cash se bharaa,34541,emi,cash,,
aaj swiggy order se khana order kiya 3466 rs cash se diye,3466,food,cash,,
doctor ke yahan 43843 rupaye lagaa upi se diyee,43843,healthcare,upi,,
Amazon purchase INR 28502,28502,shopping,card,,
39046 rupaiye ka doctor consultation bill aaya cash se pay kiyaa,39046,healthcare,cash,,
22010 rupaye khrcha kya concert ticket pe upi se,22010,entertainment,upi,,
Flight ticket booking INR 41779,41779,travel,upi,,
hotel booking ki ticket 6859 rupay me book kia card se,6859,travel,card,,
Online shopping payment INR 10403,10403,shopping,card,,
Concert ticket INR 29784,29784,entertainment,upi,,
doctor ke yahan 436 rs. laga cash se diye,436,healthcare,cash,,
Medical test charges INR 20785,20785,healthcare,cash,,
doctor consultation pe 43780 rupay karcha hui davai pe upi se,43780,healthcare,upi,,
hospital bill pe 19497 rupaiye kharch hui davai pe upi se,19497,healthcare,upi,,
bus ticket ka kiraya 784 rupay diy upi se,784,travel,upi,,
exam fee ki fees 2449 rs. card se bhra,2449,education,card,,
cafe coffee me 19608 rs ka khana khaaya cash se,19608,food,cash,,
35042 rupaye ka order diye electronics shopping pe upi se,35042,shopping,upi,,
Flight ticket booking INR 29593,29593,travel,card,,
Mutual fund SIP INR 2746,2746,investment,card,,
Bike loan EMI INR 33274,33274,emi,cash,,
Ola cab INR 47505,47505,travel,cash,,
College fees payment INR 33590,33590,education,card,,
aaj ola cab lia 20156 rupaye cash se pay kia,20156,travel,cash,,
24032 rupaiye ka internet recharge bill pay kiya card se,24032,utilities,card,,
27775 rs kharch kiyaa movie ticket booking pe cash se,27775,entertainment,cash,,
Hospital bill INR 483,483,healthcare,card,,
Amazon purchase INR 9771,9771,shopping,cash,,
Personal loan installment INR 7470,7470,emi,cash,,
Restaurant bill INR 18628,18628,food,card,,
water bill ka bill 48084 rupaiye card se bhra,48084,utilities,card,,
Exam fee INR 39589,39589,education,card,,
hotel booking ka kiraya 46903 rupay die upi se,46903,travel,upi,,
Internet recharge INR 25699,25699,utilities,card,,
aaj swiggy order se khana order kiya 35031 rupaye cash se diye,35031,food,cash,,
internet recharge ka bill 44254 rupay card se bhra,44254,utilities,card,,
Exam fee INR 35824,35824,education,card,,
mutual fund sip me 13893 rs invest kiya cash se,13893,investment,cash,,
Cafe coffee INR 23291,23291,food,card,,
pizza delivery ka khana 39216 rs. me aaya card se diy,39216,food,card,,
Doctor consultation INR 23246,23246,healthcare,upi,,
train ticket irctc ka kiraya 38303 rs. diyee cash se,38303,travel,cash,,
restaurant bill me 35214 rupaiye ka khana khaaya upi se,35214,food,upi,,
Credit card EMI INR 4078,4078,emi,upi,,
padhai ke liye exam fee pe 37975 rupaye kharcha kya card se,37975,education,card,,
Crypto investment INR 14482,14482,investment,card,,
padhai ke liye library fee pe 32182 rupye kharch kya cash se,32182,education,cash,,
28270 rupye ka hospital bill bill aaya upi se pay kiyaa,28270,healthcare,upi,,
padhai ke liye online course subscription pe 30056 rs kharch kya cash se,30056,education,cash,,
28378 rupaye lga train ticket irctc me card se diyee,28378,travel,card,,
null,five hundred,1234,unknown,,
pharmacy medicine purchase pe 35504 rupaye kharchaa hui davai pe cash se,35504,healthcare,cash,,
Netflix subscription INR 24770,24770,entertainment,card,,
Water bill INR 39696,39696,utilities,card,,
online clothing store bill se 43216 ka saman liya cash se pay kya,43216,shopping,cash,,
Gas bill payment INR 37260,37260,utilities,upi,,
mutual fund sip ka SIP 13103 rupaye upi se bharaa,13103,investment,upi,,
aaj food court payment se khana order kiya 30219 rupay upi se diyee,30219,food,upi,,
padhai ke liye college fees payment pe 23870 rupay khrcha kia card se,23870,education,card,,
Uber ride INR 43386,43386,travel,card,,
Medical test charges INR 21138,21138,healthcare,cash,,
21626 rupay stock purchase me daale cash se,21626,investment,cash,,
35901 rupaye ka home loan emi installment card se die,35901,emi,card,,
Cafe coffee INR 38257,38257,food,card,,
mobile recharge recharge kia 2193 rupay card se,2193,utilities,card,,
clothing store bill pe shopping kya 12543 rupay karcha card se,12543,shopping,card,,
food court payment ka khana 32389 rupaiye me aaya card se diy,32389,food,card,,
Car loan EMI INR 44646,44646,emi,upi,,
aaj bus ticket lya 45010 rupaye card se pay kya,45010,travel,card,,
mutual fund sip ka SIP 32104 rs. cash se bharaa,32104,investment,cash,,
aaj water bill ka 30913 rs. ka bill upi se bharra,30913,utilities,upi,,
doctor ke yahan 2398 rupaye lgaa cash se die,2398,healthcare,cash,,
concert ticket ka ticket 25484 rupye me liyaa cash se,25484,entertainment,cash,,
Pizza delivery INR 28106,28106,food,card,,
25267 rupaiye diye college fees payment ke liye upi se,25267,education,upi,,
Netflix subscription INR 8296,8296,entertainment,upi,,
online flipkart order se 11696 ka saman lia upi se pay kiyaa,11696,shopping,upi,,
17195 rs. kharchaa kia swiggy order pe cash se,17195,food,cash,,
Crypto investment INR 31371,31371,investment,card,,
movie ticket booking ka ticket 18926 rupye me liyaa upi se,18926,entertainment,upi,,
Pharmacy medicine purchase INR 42619,42619,healthcare,card,,
padhai ke liye library fee pe 26929 rupye karcha kiyaa cash se,26929,education,cash,,
null,0,shopping_err,csh,,EDA test row
College fees payment INR 34679,34679,education,upi,,
Stock purchase INR 7300,7300,investment,card,,
internet recharge ka bill 25831 rupaye upi se bharaa,25831,utilities,upi,,
Zomato dinner INR 37890,37890,food,cash,,
pharmacy medicine purchase pe 12489 rupaye khrcha hui davai pe cash se,12489,healthcare,cash,,
aaj bus ticket liya 12502 rupaye upi se pay kiya,12502,travel,upi,,
20033 rupye crypto investment me daale card se,20033,investment,card,,
1732 rupye laga hotel booking me cash se diy,1732,travel,cash,,
electronics shopping se 32202 rupye ka shopping kiya upi se,32202,shopping,upi,,
PPF contribution INR 43626,43626,investment,card,,
Movie ticket booking INR 20659,20659,entertainment,upi,,
9810 rupaiye kharch kya game purchase pe upi se,9810,entertainment,upi,,
Personal loan installment INR 22896,22896,emi,cash,,
College fees payment INR 33198,33198,education,cash,,
Clothing store bill INR 49258,49258,shopping,cash,,
loan ka personal loan installment 21586 rs card se pay kiyaa,21586,emi,card,,
Bike loan EMI INR 44991,44991,emi,cash,,
fixed deposit investment ka SIP 13601 rs. card se bhara,13601,investment,card,,
Hospital bill INR 25191,25191,healthcare,upi,,
flipkart order se 22732 rupaiye ka shopping kya card se,22732,shopping,card,,
movie ticket booking ka ticket 18702 rupay me liya upi se,18702,entertainment,upi,,
electronics shopping se 37790 rupaiye ka shopping kia cash se,37790,shopping,cash,,
doctor consultation me 30307 rupay karcha hua cash se diyee,30307,healthcare,cash,,
30025 rs. lagaa train ticket irctc me card se diy,30025,travel,card,,
aaj mutual fund sip me 11890 rs lagaye cash se,11890,investment,cash,,
Doctor consultation INR 17382,17382,healthcare,cash,,
aaj bus ticket lia 36719 rupaiye upi se pay kiyaa,36719,travel,upi,,
34551 rupye mutual fund sip me daale upi se,34551,investment,upi,,
aaj pizza delivery se khana order kya 41481 rs. card se diyee,41481,food,card,,
zomato dinner me 1553 rs ka khana khya upi se,1553,food,upi,,
Bike loan EMI INR 33432,33432,emi,cash,,
aaj gas bill payment ka 28275 rupay ka bill cash se bhara,28275,utilities,cash,,
Zomato dinner INR 27120,27120,food,card,,
internet recharge ka bill 30277 rs upi se bhara,30277,utilities,upi,,
Online shopping payment INR 49959,49959,shopping,upi,,
,-100,misc,unknown,,
Water bill INR 40308,40308,utilities,upi,,
Swiggy order INR 28134,28134,food,upi,,
mutual fund sip me 13103 rupaiye invest kiyaa upi se,13103,investment,upi,,
exam fee ka course 34303 rupay me liyaa card se pay kiya,34303,education,card,,
23312 rs lgaa bus ticket me cash se die,23312,travel,cash,,
Stock purchase INR 2593,2593,investment,card,,
aaj hotel booking lia 32356 rs card se pay kya,32356,travel,card,,
Uber ride INR 35284,35284,travel,upi,,
netflix subscription dekha 23556 rupay lga upi se diy,23556,entertainment,upi,,
loan ka car loan emi 33073 rupaye card se pay kiya,33073,emi,card,,
38477 rupye ka medical test charges bill aaya upi se pay kya,38477,healthcare,upi,,
loan ka bike loan emi 12386 rupaye upi se pay kia,12386,emi,upi,,
library fee ka course 18345 rupaye me lia upi se pay kiya,18345,education,upi,,
Electricity bill payment INR 36325,36325,utilities,cash,,
food court payment me 49495 rupye ka khana khaya upi se,49495,food,upi,,
Hospital bill INR 6697,6697,healthcare,cash,,
aaj train ticket irctc lia 11010 rupye card se pay kya,11010,travel,card,,
Movie ticket booking INR 18750,18750,entertainment,upi,,
3884 rupaiye ka bike loan emi installment upi se diyee,3884,emi,upi,,
aaj food court payment se khana order kiya 23172 rupaye upi se diye,23172,food,upi,,
Crypto investment INR 25856,25856,investment,card,,
aaj hotel booking liyaa 44508 rupaiye upi se pay kiyaa,44508,travel,upi,,
"restaurant bill pe 145 ka bill tha, upi se pay kiya",145,food,upi,,
36512 rupay ka water bill bill pay kya upi se,36512,utilities,upi,,
Clothing store bill INR 21553,21553,shopping,cash,,
game purchase dekha 11222 rupaye lgaa upi se diye,11222,entertainment,upi,,
hotel booking ki ticket 47873 rupaye me book kya cash se,47873,travel,cash,,
Mobile recharge INR 12651,12651,utilities,card,,
aaj mutual fund sip me 33886 rupaye lagaye cash se,33886,investment,cash,,
Concert ticket INR 30427,30427,entertainment,upi,,
"lunch at hotel pe 24015 ka bill tha, cash se pay kia",24015,food,cash,,
train ticket irctc ki ticket 13581 rupaiye me book kiyaa upi se,13581,travel,upi,,
hospital bill pe 7020 rupaye kharcha hui davai pe cash se,7020,healthcare,cash,,
netflix subscription ka subscription 10941 rs card se renew kya,10941,entertainment,card,,
Online course subscription INR 38784,38784,education,cash,,
Internet recharge INR 3846,3846,utilities,card,,
online shopping payment pe shopping kia 49985 rupaiye khrcha card se,49985,shopping,card,,
PPF contribution INR 32937,32937,investment,upi,,
doctor ke yahan 24867 rupay laga card se diy,24867,healthcare,card,,
pharmacy medicine purchase me 16953 rupye kharchaa hua cash se diye,16953,healthcare,cash,,
electricity bill payment recharge kia 6047 rupye card se,6047,utilities,card,,
22696 rupaiye lagaa train ticket irctc me cash se diye,22696,travel,cash,,
gas bill payment ka bill 49419 rupaye upi se bharra,49419,utilities,upi,,
Home loan EMI INR 12161,12161,emi,cash,,
Zomato dinner INR 10493,10493,food,cash,,
car loan emi ki EMI 40478 rs cash se bharaa,40478,emi,cash,,
hotel booking ka kiraya 29995 rupaye diyee card se,29995,travel,card,,
30130 rupay ka internet recharge bill pay kia cash se,30130,utilities,cash,,
Game purchase INR 2788,2788,entertainment,upi,,
loan ka car loan emi 49197 rupaiye upi se pay kiya,49197,emi,upi,,
game purchase ka ticket 35678 rs. me lya cash se,35678,entertainment,cash,,
aaj stock purchase me 27887 rupaiye lagaye card se,27887,investment,card,,
Crypto investment INR 10471,10471,investment,cash,,
47535 rs ka car loan emi installment upi se diy,47535,emi,upi,,
movie ticket booking dekha 18750 rs. lagaa upi se diye,18750,entertainment,upi,,
47252 rupye ka pharmacy medicine purchase bill aaya upi se pay kiyaa,47252,healthcare,upi,,
credit card emi EMI 11158 rupaiye kat gaye card se,11158,emi,card,,
internet recharge ka bill 18591 rs. cash se bhara,18591,utilities,cash,,
18342 rupaye ka order die amazon purchase pe cash se,18342,shopping,cash,,
Personal loan installment INR 12265,12265,emi,cash,,
ola cab ka kiraya 31012 rupaiye diy card se,31012,travel,card,,
cafe coffee ka khana 40575 rs me aaya cash se diy,40575,food,cash,,
home loan emi ki EMI 26332 rs card se bharaa,26332,emi,card,,
electronics shopping pe shopping kya 15385 rupay kharch upi se,15385,shopping,upi,,
hotel booking ki ticket 22125 rupye me book kiya cash se,22125,travel,cash,,
online clothing store bill se 32268 ka saman liya cash se pay kya,32268,shopping,cash,,
just random text 123,99999999,,123,,
27329 rupaiye ka water bill bill pay kiyaa card se,27329,utilities,card,,
stock purchase ka SIP 1045 rs card se bhra,1045,investment,card,,
internet recharge recharge kiya 6429 rs. card se,6429,utilities,card,,
pharmacy medicine purchase me 9985 rupay kharcha hua cash se diye,9985,healthcare,cash,,
College fees payment INR 18106,18106,education,card,,
electricity bill payment recharge kiyaa 24131 rs. cash se,24131,utilities,cash,,
26332 rupye ka home loan emi installment card se diyee,26332,emi,card,,
Clothing store bill INR 25802,25802,shopping,cash,,
aaj ola cab liyaa 34296 rs cash se pay kia,34296,travel,cash,,
hotel booking ka kiraya 16537 rs diy upi se,16537,travel,upi,,
34203 rs diyee college fees payment ke liye cash se,34203,education,cash,,
movie ticket booking dekha 40289 rs lgaa card se diye,40289,entertainment,card,,
movie ticket booking ka ticket 42880 rupye me liyaa card se,42880,entertainment,card,,
Mutual fund SIP INR 18258,18258,investment,card,,
gas bill payment recharge kya 25439 rupaiye cash se,25439,utilities,cash,,
Game purchase INR 42904,42904,entertainment,card,,
38368 rs ka personal loan installment installment upi se diye,38368,emi,upi,,
Food court payment INR 26177,26177,food,card,,
Medical test charges INR 38519,38519,healthcare,upi,,
44175 rs. karcha kiya cafe coffee pe cash se,44175,food,cash,,
library fee ka course 10722 rs. me liyaa cash se pay kia,10722,education,cash,,
aaj pizza delivery se khana order kiya 36067 rupaye cash se diyee,36067,food,cash,,
loan ka personal loan installment 31097 rupay upi se pay kia,31097,emi,upi,,
Library fee INR 35316,35316,education,card,,
19911 rupaiye kharch kiyaa restaurant bill pe upi se,19911,food,upi,,
College fees payment INR 9361,9361,education,upi,,
game purchase dekha 12493 rupaiye lgaa upi se diye,12493,entertainment,upi,,
college fees payment ka course 26755 rupay me liyaa upi se pay kia,26755,education,upi,,
hospital bill me 32582 rupay karcha hua upi se diyee,32582,healthcare,upi,,
Hospital bill INR 7020,7020,healthcare,cash,,
Bus ticket INR 37942,37942,travel,upi,,
movie ticket booking dekha 23808 rs. lagaa upi se diye,23808,entertainment,upi,,
28486 rs. lga train ticket irctc me upi se die,28486,travel,upi,,
crypto investment me 11482 rs invest kya card se,11482,investment,card,,
Internet recharge INR 40289,40289,utilities,card,,
Swiggy order INR 46439,46439,food,cash,,
Messy outlier tx csh,99999999,,ccard,,
Hotel booking INR 1116,1116,travel,upi,,
Movie ticket booking INR 12602,12602,entertainment,card,,
lunch at hotel ka khana 44907 rupye me aaya card se die,44907,food,card,,
Movie ticket booking INR 10833,10833,entertainment,upi,,
train ticket irctc ka kiraya 32509 rupye diy cash se,32509,travel,cash,,
Personal loan installment INR 16730,16730,emi,upi,,
loan ka bike loan emi 8461 rupaiye cash se pay kiya,8461,emi,cash,,
4450 rupaye mutual fund sip me daale card se,4450,investment,card,,
College fees payment INR 49580,49580,education,card,,
30284 rupaye ka order diyee clothing store bill pe upi se,30284,shopping,upi,,
online electronics shopping se 4714 ka saman liyaa card se pay kya,4714,shopping,card,,
38980 rupye laga flight ticket booking me cash se diyee,38980,travel,cash,,
Credit card EMI INR 1348,1348,emi,upi,,
online online shopping payment se 41248 ka saman lia cash se pay kiyaa,41248,shopping,cash,,
13517 rs. diyee online course subscription ke liye card se,13517,education,card,,
lunch at hotel me 40481 rupaiye ka khana khayaa upi se,40481,food,upi,,
Bike loan EMI INR 13638,13638,emi,cash,,
47700 rupaiye ka order diy amazon purchase pe card se,47700,shopping,card,,
Amazon purchase INR 28479,28479,shopping,card,,
train ticket irctc ka kiraya 33645 rupye die cash se,33645,travel,cash,,
Home loan EMI INR 6603,6603,emi,cash,,
9985 rs. ka pharmacy medicine purchase bill aaya cash se pay kiya,9985,healthcare,cash,,
aaj ola cab lia 6974 rupaiye cash se pay kia,6974,travel,cash,,
Online course subscription INR 44855,44855,education,cash,,
Exam fee INR 37975,37975,education,card,,
Online course subscription INR 45638,45638,education,upi,,
14311 rupay khrcha kiya swiggy order pe upi se,14311,food,upi,,
Credit card EMI INR 1674,1674,emi,upi,,
Gas bill payment INR 41514,41514,utilities,upi,,
Pharmacy medicine purchase INR 13570,13570,healthcare,cash,,
Home loan EMI INR 31838,31838,emi,upi,,
mobile recharge recharge kiya 19578 rupye upi se,19578,utilities,upi,,
Doctor consultation INR 31003,31003,healthcare,upi,,
Mutual fund SIP INR 47470,47470,investment,upi,,
PPF contribution INR 39339,39339,investment,card,,
credit card emi EMI 4598 rs. kat gaye card se,4598,emi,card,,
Swiggy order INR 44228,44228,food,card,,
49403 rs. kharch kia concert ticket pe upi se,49403,entertainment,upi,,
Online course subscription INR 4104,4104,education,card,,
2475 rupaiye ka credit card emi installment card se diyee,2475,emi,card,,
"restaurant bill pe 30393 ka bill tha, upi se pay kiya",30393,food,upi,,
30397 rs. ka internet recharge bill pay kiyaa upi se,30397,utilities,upi,,
Fixed deposit investment INR 8386,8386,investment,upi,,
32069 rupye ppf contribution me daale cash se,32069,investment,cash,,
library fee ka course 19537 rs me lya card se pay kya,19537,education,card,,
fixed deposit investment me 43581 rupaye invest kiyaa upi se,43581,investment,upi,,
Train ticket IRCTC INR 1416,1416,travel,cash,,
college fees payment ki fees 32051 rupye card se bharra,32051,education,card,,
Internet recharge INR 26562,26562,utilities,card,,
concert ticket ka subscription 6638 rupye upi se renew kya,6638,entertainment,upi,,
Bike loan EMI INR 41592,41592,emi,cash,,
loan ka credit card emi 22348 rupye upi se pay kya,22348,emi,upi,,
Hospital bill INR 28270,28270,healthcare,upi,,
internet recharge ka bill 16235 rupaiye card se bhra,16235,utilities,card,,
Hospital bill INR 10726,10726,healthcare,upi,,
Pharmacy medicine purchase INR 44664,44664,healthcare,card,,
47990 rs ka order diyee flipkart order pe cash se,47990,shopping,cash,,
8333 rupye diye college fees payment ke liye card se,8333,education,card,,
Medical test charges INR 6029,6029,healthcare,upi,,
Bike loan EMI INR 7807,7807,emi,upi,,
hospital bill pe 15758 rs. kharcha hui davai pe card se,15758,healthcare,card,,
online flipkart order se 28705 ka saman liya card se pay kia,28705,shopping,card,,
Hospital bill INR 44758,44758,healthcare,upi,,
Game purchase INR 44268,44268,entertainment,upi,,
Medical test charges INR 23314,23314,healthcare,card,,
5997 rupay karcha kiya concert ticket pe upi se,5997,entertainment,upi,,
amazon purchase pe shopping kia 15058 rupaiye karcha card se,15058,shopping,card,,
mobile recharge recharge kiya 11935 rupay cash se,11935,utilities,cash,,
Flipkart order INR 1758,1758,shopping,cash,,
Concert ticket INR 25502,25502,entertainment,cash,,
mobile recharge ka bill 36986 rupye cash se bharaa,36986,utilities,cash,,
Flight ticket booking INR 4477,4477,travel,card,,
College fees payment INR 5598,5598,education,upi,,
amazon purchase se 42070 rupaiye ka shopping kiya card se,42070,shopping,card,,
49273 rupye ka personal loan installment installment cash se die,49273,emi,cash,,
Zomato dinner INR 17551,17551,food,card,,
Gas bill payment INR 34482,34482,utilities,upi,,
Food court payment INR 28038,28038,food,cash,,
Movie ticket booking INR 3255,3255,entertainment,upi,,
32716 rupaiye diye college fees payment ke liye card se,32716,education,card,,
Gas bill payment INR 23695,23695,utilities,cash,,
internet recharge ka bill 36202 rupye cash se bharra,36202,utilities,cash,,
Amazon purchase INR 31832,31832,shopping,cash,,
ppf contribution ka SIP 24422 rupay upi se bharra,24422,investment,upi,,
46952 rs ka internet recharge bill pay kya card se,46952,utilities,card,,
Clothing store bill INR 27382,27382,shopping,card,,
doctor ke yahan 35305 rupaiye laga upi se diye,35305,healthcare,upi,,
Uber ride INR 38987,38987,travel,cash,,
Netflix subscription INR 49431,49431,entertainment,cash,,
Uber ride INR 5149,5149,travel,card,,
car loan emi EMI 2798 rs kat gaye card se,2798,emi,card,,
Movie ticket booking INR 6312,6312,entertainment,card,,
movie ticket booking dekha 22911 rupaye laga upi se diy,22911,entertainment,upi,,
pharmacy medicine purchase pe 44542 rs. karcha hui davai pe cash se,44542,healthcare,cash,,
Car loan EMI INR 47535,47535,emi,upi,,
game purchase ka subscription 18004 rupye upi se renew kiyaa,18004,entertainment,upi,,
hospital bill pe 14775 rupay karcha hui davai pe cash se,14775,healthcare,cash,,
Food court payment INR 36202,36202,food,card,,
online shopping payment se 35599 rupay ka shopping kia cash se,35599,shopping,cash,,
Online course subscription INR 46801,46801,education,card,,
17689 rs. mutual fund sip me daale cash se,17689,investment,cash,,
Flipkart order INR 9896,9896,shopping,cash,,
exam fee ki fees 8451 rupay cash se bhara,8451,education,cash,,
ola cab ki ticket 10039 rs me book kia upi se,10039,travel,upi,,
online electronics shopping se 11232 ka saman lia card se pay kya,11232,shopping,card,,
Bus ticket INR 33860,33860,travel,card,,
29264 rupay kharcha kiyaa movie ticket booking pe card se,29264,entertainment,card,,
Bike loan EMI INR 26366,26366,emi,upi,,
Restaurant bill INR 35214,35214,food,upi,,
Hotel booking INR 41301,41301,travel,cash,,
"cafe coffee pe 1616 ka bill tha, card se pay kiya",1616,food,card,,
internet recharge recharge kya 42913 rupaye cash se,42913,utilities,cash,,
Netflix subscription INR 37554,37554,entertainment,cash,,
2239 rs die college fees payment ke liye cash se,2239,education,cash,,
Crypto investment INR 30089,30089,investment,card,,
Medical test charges INR 44162,44162,healthcare,upi,,
Mutual fund SIP INR 46524,46524,investment,upi,,
electronics shopping pe shopping kiyaa 1568 rupaiye kharch upi se,1568,shopping,upi,,
"restaurant bill pe 23915 ka bill tha, cash se pay kya",23915,food,cash,,
padhai ke liye online course subscription pe 46130 rs. kharchaa kya cash se,46130,education,cash,,
online online shopping payment se 35319 ka saman lia cash se pay kiyaa,35319,shopping,cash,,
aaj internet recharge ka 45203 rs ka bill card se bhra,45203,utilities,card,,
Ola cab INR 38957,38957,travel,cash,,
Medical test charges INR 2398,2398,healthcare,cash,,
Uber ride INR 47143,47143,travel,card,,
food court payment me 3193 rupaiye ka khana khya upi se,3193,food,upi,,
Pharmacy medicine purchase INR 5032,5032,healthcare,upi,,
Water bill INR 12968,12968,utilities,upi,,
Food court payment INR 34295,34295,food,cash,,
"food court payment pe 45762 ka bill tha, cash se pay kya",45762,food,cash,,
online online shopping payment se 38253 ka saman liyaa cash se pay kya,38253,shopping,cash,,
Home loan EMI INR 19615,19615,emi,upi,,
loan ka personal loan installment 18147 rupye card se pay kya,18147,emi,card,,
Medical test charges INR 37495,37495,healthcare,upi,,
Movie ticket booking INR 4451,4451,entertainment,cash,,
restaurant bill me 27901 rs. ka khana khya cash se,27901,food,cash,,
Messy outlier tx UPIID123,"1,000",misc,csh,,EDA test row
amazon purchase se 8357 rupaye ka shopping kiyaa upi se,8357,shopping,upi,,
810 rupaiye ka car loan emi installment card se diye,810,emi,card,,
Electronics shopping INR 3667,3667,shopping,card,,
netflix subscription ka ticket 15829 rupye me liyaa card se,15829,entertainment,card,,
Mobile recharge INR 17385,17385,utilities,cash,,
14764 rupay ka home loan emi installment card se diye,14764,emi,card,,
just random text 123,,unknown,123,,EDA test row
Exam fee INR 10808,10808,education,cash,,
College fees payment INR 23183,23183,education,cash,,
31003 rs ka doctor consultation bill aaya upi se pay kiyaa,31003,healthcare,upi,,
Electronics shopping INR 8387,8387,shopping,cash,,
37277 rupaiye die library fee ke liye upi se,37277,education,upi,,
aaj stock purchase me 48524 rupaye lagaye cash se,48524,investment,cash,,
Concert ticket INR 21502,21502,entertainment,cash,,
aaj bus ticket liyaa 26557 rs card se pay kiya,26557,travel,card,,
online course subscription ka course 32781 rs me liyaa upi se pay kya,32781,education,upi,,
Concert ticket INR 36053,36053,entertainment,card,,
6139 rupye die online course subscription ke liye card se,6139,education,card,,
Uber ride INR 44340,44340,travel,card,,
online course subscription ka course 29985 rs. me liya cash se pay kiyaa,29985,education,cash,,
Electronics shopping INR 36204,36204,shopping,upi,,
college fees payment ki fees 4284 rupye card se bharaa,4284,education,card,,
Hospital bill INR 21489,21489,healthcare,upi,,
37900 rupaye ka order die amazon purchase pe card se,37900,shopping,card,,
17091 rupaye lga train ticket irctc me cash se diy,17091,travel,cash,,
Online course subscription INR 28916,28916,education,upi,,
Bus ticket INR 8994,8994,travel,cash,,
online course subscription ki fees 17206 rs cash se bhara,17206,education,cash,,
Internet recharge INR 15356,15356,utilities,upi,,
zomato dinner ka khana 24459 rupaiye me aaya upi se diye,24459,food,upi,,
Online course subscription INR 23818,23818,education,upi,,
loan ka car loan emi 20197 rupaiye cash se pay kya,20197,emi,cash,,
doctor consultation me 26970 rupay kharchaa hua cash se die,26970,healthcare,cash,,
concert ticket ka ticket 31941 rupye me lya card se,31941,entertainment,card,,
Library fee INR 6618,6618,education,upi,,
32502 rupay kharch kya cafe coffee pe card se,32502,food,card,,
movie ticket booking dekha 14138 rs. lgaa upi se diy,14138,entertainment,upi,,
Food court payment INR 46454,46454,food,card,,
39634 rupaiye diy college fees payment ke liye cash se,39634,education,cash,,
Stock purchase INR 7963,7963,investment,card,,
online shopping payment pe shopping kiyaa 38055 rupaiye kharchaa cash se,38055,shopping,cash,,
concert ticket ka subscription 25502 rupye cash se renew kya,25502,entertainment,cash,,
"food court payment pe 36202 ka bill tha, card se pay kia",36202,food,card,,
aaj ppf contribution me 27003 rupye lagaye card se,27003,investment,card,,
Online shopping payment INR 8115,8115,shopping,upi,,
aaj fixed deposit investment me 30859 rupye lagaye upi se,30859,investment,upi,,
loan ka bike loan emi 18417 rs cash se pay kiyaa,18417,emi,cash,,
Mutual fund SIP INR 46395,46395,investment,cash,,
Bike loan EMI INR 47485,47485,emi,upi,,
Restaurant bill INR 30005,30005,food,upi,,
Gas bill payment INR 43253,43253,utilities,upi,,
online shopping payment pe shopping kya 28001 rs khrcha upi se,28001,shopping,upi,,
Ola cab INR 28536,28536,travel,cash,,
train ticket irctc ka kiraya 6217 rs. die card se,6217,travel,card,,
42641 rupay lagaa bus ticket me cash se die,42641,travel,cash,,
"cafe coffee pe 29685 ka bill tha, card se pay kya",29685,food,card,,
"food court payment pe 12513 ka bill tha, upi se pay kya",12513,food,upi,,
Bus ticket INR 19385,19385,travel,card,,
train ticket irctc ka kiraya 40397 rupaiye diyee cash se,40397,travel,cash,,
44568 rupaiye ka gas bill payment bill pay kiyaa cash se,44568,utilities,cash,,
electricity bill payment ka bill 8430 rupaye upi se bhara,8430,utilities,upi,,
online course subscription ki fees 24980 rupye card se bharra,24980,education,card,,
electricity bill payment ka bill 5999 rupye card se bhra,5999,utilities,card,,
clothing store bill se 20195 rupay ka shopping kya card se,20195,shopping,card,,
ppf contribution me 45971 rs invest kiya upi se,45971,investment,upi,,
2746 rupye mutual fund sip me daale card se,2746,investment,card,,
Hotel booking INR 46903,46903,travel,upi,,
fixed deposit investment me 11632 rupay invest kiya cash se,11632,investment,cash,,
lunch at hotel me 21704 rupaye ka khana khya cash se,21704,food,cash,,
aaj flight ticket booking lia 45011 rupaye upi se pay kya,45011,travel,upi,,
29992 rs ka water bill bill pay kiya card se,29992,utilities,card,,
bus ticket ka kiraya 38363 rupaiye diy cash se,38363,travel,cash,,
46631 rupye ka order die amazon purchase pe card se,46631,shopping,card,,
16296 rs diyee college fees payment ke liye upi se,16296,education,upi,,
mutual fund sip me 12004 rs. invest kia card se,12004,investment,card,,
Library fee INR 21942,21942,education,cash,,
library fee ka course 43371 rupay me lia upi se pay kiya,43371,education,upi,,
gas bill payment ka bill 6749 rupaiye upi se bharra,6749,utilities,upi,,
Fixed deposit investment INR 37429,37429,investment,cash,,
doctor ke yahan 25881 rupaye lgaa upi se diyee,25881,healthcare,upi,,
Game purchase INR 37151,37151,entertainment,cash,,
netflix subscription ka subscription 46344 rupaiye cash se renew kia,46344,entertainment,cash,,
25745 rs. ka order die clothing store bill pe card se,25745,shopping,card,,
stock purchase me 18830 rs. invest kiya cash se,18830,investment,cash,,
34525 rupaiye ka electricity bill payment bill pay kia upi se,34525,utilities,upi,,
Library fee INR 39647,39647,education,card,,
electronics shopping se 47091 rupay ka shopping kya card se,47091,shopping,card,,
clothing store bill pe shopping kia 29712 rupay kharch upi se,29712,shopping,upi,,
aaj food court payment se khana order kia 49276 rs. cash se diye,49276,food,cash,,
Online course subscription INR 45152,45152,education,cash,,
doctor consultation pe 45025 rupaiye kharchaa hui davai pe card se,45025,healthcare,card,,
Hotel booking INR 12751,12751,travel,card,,
Exam fee INR 20146,20146,education,card,,
loan ka home loan emi 47884 rupye cash se pay kya,47884,emi,cash,,
Movie ticket booking INR 28720,28720,entertainment,cash,,
11360 rupay ka order diyee amazon purchase pe card se,11360,shopping,card,,
Hotel booking INR 11918,11918,travel,cash,,
Hotel booking INR 13511,13511,travel,card,,
Train ticket IRCTC INR 29993,29993,travel,upi,,
Lunch at hotel INR 43199,43199,food,card,,
electronics shopping pe shopping kiyaa 9496 rs. kharcha cash se,9496,shopping,cash,,
Movie ticket booking INR 26277,26277,entertainment,card,,
15006 rs ka personal loan installment installment upi se diyee,15006,emi,upi,,
movie ticket booking ka subscription 13406 rupay cash se renew kya,13406,entertainment,cash,,
library fee ka course 24477 rupye me lia cash se pay kia,24477,education,cash,,
Stock purchase INR 18668,18668,investment,upi,,
Exam fee INR 10171,10171,education,cash,,
aaj water bill ka 2955 rupaye ka bill card se bharra,2955,utilities,card,,
Flight ticket booking INR 48584,48584,travel,upi,,
online shopping payment pe shopping kia 20965 rupaye karcha card se,20965,shopping,card,,
"food court payment pe 5263 ka bill tha, upi se pay kiyaa",5263,food,upi,,
aaj uber ride liya 32440 rupay upi se pay kya,32440,travel,upi,,
Doctor consultation INR 19811,19811,healthcare,upi,,
"pizza delivery pe 4807 ka bill tha, cash se pay kya",4807,food,cash,,
Train ticket IRCTC INR 23868,23868,travel,cash,,
movie ticket booking ka subscription 38562 rs upi se renew kia,38562,entertainment,upi,,
concert ticket dekha 26153 rupay laga cash se diye,26153,entertainment,cash,,
stock purchase ka SIP 24602 rs. upi se bharaa,24602,investment,upi,,
PPF contribution INR 5904,5904,investment,upi,,
Home loan EMI INR 6686,6686,emi,upi,,
Zomato dinner INR 16325,16325,food,card,,
Medical test charges INR 47840,47840,healthcare,upi,,
Concert ticket INR 12623,12623,entertainment,cash,,
home loan emi ki EMI 49058 rupaiye cash se bhara,49058,emi,cash,,
34814 rupay ka internet recharge bill pay kya cash se,34814,utilities,cash,,
college fees payment ki fees 43212 rs cash se bhara,43212,education,cash,,
stock purchase me 20300 rs invest kiyaa upi se,20300,investment,upi,,
Medical test charges INR 1088,1088,healthcare,card,,
amazon purchase se 26863 rupay ka shopping kiya upi se,26863,shopping,upi,,
game purchase dekha 25920 rupaiye lagaa upi se diye,25920,entertainment,upi,,
online shopping payment se 18091 rs. ka shopping kya card se,18091,shopping,card,,
43142 rupye khrcha kiyaa concert ticket pe cash se,43142,entertainment,cash,,
Bus ticket INR 31696,31696,travel,card,,
aaj ola cab liyaa 12627 rupay card se pay kiyaa,12627,travel,card,,
concert ticket ka subscription 38322 rs card se renew kiya,38322,entertainment,card,,
Restaurant bill INR 14591,14591,food,cash,,
exam fee ki fees 37120 rs. cash se bharaa,37120,education,cash,,
Hotel booking INR 48231,48231,travel,card,,
Car loan EMI INR 32150,32150,emi,upi,,
game purchase dekha 45785 rupaye lgaa cash se diy,45785,entertainment,cash,,
Online course subscription INR 41585,41585,education,card,,
doctor ke yahan 8662 rupay lgaa cash se die,8662,healthcare,cash,,
car loan emi EMI 45602 rs kat gaye cash se,45602,emi,cash,,
gas bill payment ka bill 32072 rs. cash se bhra,32072,utilities,cash,,
Pharmacy medicine purchase INR 29206,29206,healthcare,upi,,
college fees payment ka course 18106 rs me lia card se pay kya,18106,education,card,,
aaj electricity bill payment ka 41595 rupay ka bill upi se bhra,41595,utilities,upi,,
2475 rupaiye kharch kiya concert ticket pe upi se,2475,entertainment,upi,,
internet recharge recharge kia 38643 rupay upi se,38643,utilities,upi,,
crypto investment ka SIP 46814 rupye cash se bharra,46814,investment,cash,,
Online course subscription INR 40149,40149,education,upi,,
Food court payment INR 30236,30236,food,upi,,
"cafe coffee pe 31584 ka bill tha, upi se pay kia",31584,food,upi,,
Personal loan installment INR 38368,38368,emi,upi,,
Movie ticket booking INR 21469,21469,entertainment,upi,,
8113 rupay die exam fee ke liye upi se,8113,education,upi,,
29675 rupye kharchaa kiyaa swiggy order pe upi se,29675,food,upi,,
home loan emi EMI 43699 rupye kat gaye upi se,43699,emi,upi,,
Movie ticket booking INR 27554,27554,entertainment,upi,,
credit card emi ki EMI 49835 rupye upi se bhara,49835,emi,upi,,
electricity bill payment recharge kya 1742 rs upi se,1742,utilities,upi,,
"swiggy order pe 39963 ka bill tha, cash se pay kiyaa",39963,food,cash,,
PPF contribution INR 41867,41867,investment,upi,,
Pharmacy medicine purchase INR 17428,17428,healthcare,upi,,
aaj ppf contribution me 31071 rs. lagaye card se,31071,investment,card,,
2228 rupay lga ola cab me cash se die,2228,travel,cash,,
doctor ke yahan 35663 rs lga upi se diy,35663,healthcare,upi,,
Personal loan installment INR 49273,49273,emi,cash,,
44781 rs mutual fund sip me daale cash se,44781,investment,cash,,
Netflix subscription INR 24857,24857,entertainment,card,,
Credit card EMI INR 13121,13121,emi,card,,
Amazon purchase INR 16315,16315,shopping,cash,,
Bus ticket INR 1126,1126,travel,card,,
24675 rs. stock purchase me daale card se,24675,investment,card,,
Crypto investment INR 41660,41660,investment,cash,,
padhai ke liye exam fee pe 29431 rupay kharch kiyaa upi se,29431,education,upi,,
Bike loan EMI INR 39704,39704,emi,card,,
food court payment ka khana 8322 rupaiye me aaya cash se die,8322,food,cash,,
Clothing store bill INR 41027,41027,shopping,upi,,
11466 rs. die exam fee ke liye upi se,11466,education,upi,,
Food court payment INR 39317,39317,food,upi,,
49138 rupaye diyee college fees payment ke liye card se,49138,education,card,,
29857 rs ka hospital bill bill aaya card se pay kiyaa,29857,healthcare,card,,
Pharmacy medicine purchase INR 47524,47524,healthcare,upi,,
Pizza delivery INR 31890,31890,food,card,,
Electronics shopping INR 24637,24637,shopping,upi,,
fixed deposit investment ka SIP 43331 rupay upi se bharaa,43331,investment,upi,,
Concert ticket INR 10992,10992,entertainment,cash,,
stock purchase ka SIP 42476 rupay upi se bhara,42476,investment,upi,,
Restaurant bill INR 24064,24064,food,upi,,
train ticket irctc ka kiraya 1716 rupye diyee card se,1716,travel,card,,
Water bill INR 2955,2955,utilities,card,,
Hospital bill INR 30519,30519,healthcare,upi,,
Library fee INR 33647,33647,education,card,,
Zomato dinner INR 49348,49348,food,cash,,
Mobile recharge INR 30049,30049,utilities,upi,,
aaj uber ride liyaa 10848 rs card se pay kiya,10848,travel,card,,
Online shopping payment INR 35599,35599,shopping,cash,,
Lunch at hotel INR 2083,2083,food,cash,,
Flight ticket booking INR 5546,5546,travel,card,,
online shopping payment se 8391 rs ka shopping kya card se,8391,shopping,card,,
42642 rupay ppf contribution me daale upi se,42642,investment,upi,,
game purchase dekha 14362 rupaiye lagaa card se diye,14362,entertainment,card,,
credit card emi ki EMI 2564 rs card se bharra,2564,emi,card,,
Pharmacy medicine purchase INR 49305,49305,healthcare,upi,,
Medical test charges INR 42905,42905,healthcare,cash,,
Doctor consultation INR 13735,13735,healthcare,cash,,
loan ka car loan emi 14345 rs. cash se pay kiya,14345,emi,cash,,
41703 rupay ka pharmacy medicine purchase bill aaya upi se pay kia,41703,healthcare,upi,,
mobile recharge ka bill 31848 rupay cash se bhara,31848,utilities,cash,,
train ticket irctc ka kiraya 46737 rupaye diy upi se,46737,travel,upi,,
netflix subscription dekha 19098 rs lgaa upi se diye,19098,entertainment,upi,,
1189 rs kharch kiyaa lunch at hotel pe card se,1189,food,card,,
28738 rs kharchaa kya game purchase pe upi se,28738,entertainment,upi,,
pharmacy medicine purchase me 3242 rs kharchaa hua card se diy,3242,healthcare,card,,
pharmacy medicine purchase pe 41090 rs. kharcha hui davai pe cash se,41090,healthcare,cash,,
Online shopping payment INR 47375,47375,shopping,card,,
15837 rupaiye diye exam fee ke liye upi se,15837,education,upi,,
college fees payment ki fees 40427 rupay card se bharra,40427,education,card,,
fixed deposit investment ka SIP 27516 rupaiye cash se bharaa,27516,investment,cash,,
27821 rupaiye crypto investment me daale cash se,27821,investment,cash,,
Flight ticket booking INR 24679,24679,travel,card,,
17276 rupay ka order die flipkart order pe upi se,17276,shopping,upi,,
online course subscription ki fees 8887 rupaiye upi se bhara,8887,education,upi,,
Mobile recharge INR 49646,49646,utilities,cash,,
Flight ticket booking INR 19729,19729,travel,upi,,
hospital bill me 42358 rupaye khrcha hua cash se diye,42358,healthcare,cash,,
water bill recharge kiya 13181 rupye cash se,13181,utilities,cash,,
Online course subscription INR 6139,6139,education,card,,
just random text 123,"1,000",unknown,123,,EDA test row
zomato dinner ka khana 27667 rupay me aaya upi se diye,27667,food,upi,,
4882 rupay ka electricity bill payment bill pay kiya card se,4882,utilities,card,,
Ola cab INR 41203,41203,travel,cash,,
Exam fee INR 24458,24458,education,cash,,
online shopping payment pe shopping kiyaa 1118 rupaiye khrcha upi se,1118,shopping,upi,,
aaj train ticket irctc liyaa 7748 rs. card se pay kia,7748,travel,card,,
pharmacy medicine purchase me 8716 rupay kharchaa hua cash se diy,8716,healthcare,cash,,
aaj stock purchase me 27838 rupay lagaye upi se,27838,investment,upi,,
Game purchase INR 27298,27298,entertainment,upi,,
34357 rupaye ka home loan emi installment card se diyee,34357,emi,card,,
Online course subscription INR 46075,46075,education,upi,,
Ola cab INR 31395,31395,travel,card,,
Messy outlier tx ccard,NULL,misc,123,,
Restaurant bill INR 6426,6426,food,card,,
Flipkart order INR 4365,4365,shopping,card,,
Hotel booking INR 19497,19497,travel,upi,,
28905 rs ka electricity bill payment bill pay kia card se,28905,utilities,card,,
Uber ride INR 41742,41742,travel,cash,,
Electronics shopping INR 25089,25089,shopping,cash,,
Stock purchase INR 17495,17495,investment,card,,
28799 rupaye ka doctor consultation bill aaya card se pay kia,28799,healthcare,card,,
Doctor consultation INR 39735,39735,healthcare,upi,,
uber ride ki ticket 15275 rupye me book kya card se,15275,travel,card,,
internet recharge ka bill 33153 rs card se bhara,33153,utilities,card,,
Food court payment INR 3193,3193,food,upi,,
online shopping payment se 40385 rupaye ka shopping kia cash se,40385,shopping,cash,,
movie ticket booking ka ticket 47679 rupaiye me liyaa upi se,47679,entertainment,upi,,
Cafe coffee INR 21325,21325,food,cash,,
34664 rupye khrcha kiya game purchase pe upi se,34664,entertainment,upi,,
Pizza delivery INR 45961,45961,food,upi,,
9418 rupay ka home loan emi installment cash se diy,9418,emi,cash,,
aaj fixed deposit investment me 17724 rs. lagaye cash se,17724,investment,cash,,
41024 rs. ka medical test charges bill aaya card se pay kiyaa,41024,healthcare,card,,
<script>alert('xss')</script>,"1,000",error,ccard,Delhi,
loan ka credit card emi 42899 rupay card se pay kya,42899,emi,card,,
Netflix subscription INR 25226,25226,entertainment,upi,,
pharmacy medicine purchase pe 46477 rs. khrcha hui davai pe upi se,46477,healthcare,upi,,
Pharmacy medicine purchase INR 41602,41602,healthcare,upi,,
<script>alert('xss')</script>,0,misc,,,
Game purchase INR 18004,18004,entertainment,upi,,
electronics shopping se 6135 rupye ka shopping kia upi se,6135,shopping,upi,,
43742 rupye ka electricity bill payment bill pay kia card se,43742,utilities,card,,
"food court payment pe 31721 ka bill tha, cash se pay kya",31721,food,cash,,
electricity bill payment recharge kiyaa 19276 rs upi se,19276,utilities,upi,,
mobile recharge recharge kia 49624 rupaye cash se,49624,utilities,cash,,
stock purchase ka SIP 37429 rs card se bhra,37429,investment,card,,
14060 rupay laga ola cab me card se diy,14060,travel,card,,
Mobile recharge INR 17277,17277,utilities,card,,
Exam fee INR 24021,24021,education,upi,,
28998 rupay lgaa ola cab me card se diyee,28998,travel,card,,
Clothing store bill INR 27912,27912,shopping,card,,
loan ka bike loan emi 13638 rupye cash se pay kya,13638,emi,cash,,
College fees payment INR 41161,41161,education,card,,
concert ticket ka subscription 5495 rupay upi se renew kia,5495,entertainment,upi,,
hospital bill pe 9210 rupye karcha hui davai pe upi se,9210,healthcare,upi,,
aaj mutual fund sip me 40608 rupaye lagaye upi se,40608,investment,upi,,
aaj hotel booking lia 23767 rupay cash se pay kiyaa,23767,travel,cash,,
"cafe coffee pe 17311 ka bill tha, cash se pay kiyaa",17311,food,cash,,
Movie ticket booking INR 26100,26100,entertainment,cash,,
PPF contribution INR 20640,20640,investment,cash,,
Uber ride INR 33106,33106,travel,cash,,
bus ticket ki ticket 10821 rupaiye me book kiyaa upi se,10821,travel,upi,,
Exam fee INR 39173,39173,education,card,,
Water bill INR 2442,2442,utilities,card,,
Fixed deposit investment INR 10273,10273,investment,card,,
pizza delivery me 20821 rs ka khana khayaa upi se,20821,food,upi,,
10699 rupaiye ka car loan emi installment cash se diy,10699,emi,cash,,
Hospital bill INR 9133,9133,healthcare,upi,,
27078 rupye fixed deposit investment me daale cash se,27078,investment,cash,,
Gas bill payment INR 29522,29522,utilities,card,,
movie ticket booking dekha 5692 rs lagaa card se diye,5692,entertainment,card,,
online course subscription ki fees 47751 rupaiye upi se bhara,47751,education,upi,,
concert ticket ka subscription 45301 rupaiye card se renew kiyaa,45301,entertainment,card,,
doctor ke yahan 21734 rs. laga cash se die,21734,healthcare,cash,,
ola cab ka kiraya 39079 rupye diy card se,39079,travel,card,,
credit card emi ki EMI 32039 rupye cash se bharaa,32039,emi,cash,,
Pharmacy medicine purchase INR 23132,23132,healthcare,card,,
gas bill payment ka bill 2559 rupye cash se bhra,2559,utilities,cash,,
college fees payment ki fees 29907 rs cash se bhra,29907,education,cash,,
pizza delivery ka khana 44409 rs me aaya upi se diyee,44409,food,upi,,
Fixed deposit investment INR 21098,21098,investment,upi,,
padhai ke liye library fee pe 30373 rs. karcha kiyaa card se,30373,education,card,,
doctor ke yahan 11716 rs lga cash se diye,11716,healthcare,cash,,
Flight ticket booking INR 1751,1751,travel,upi,,
11027 rupye ka order die clothing store bill pe upi se,11027,shopping,upi,,
doctor ke yahan 47323 rs. lgaa cash se die,47323,healthcare,cash,,
Medical test charges INR 35145,35145,healthcare,cash,,
Bus ticket INR 49485,49485,travel,card,,
Stock purchase INR 32511,32511,investment,cash,,
internet recharge recharge kiyaa 7519 rupaiye cash se,7519,utilities,cash,,
library fee ka course 13420 rupay me lya card se pay kiyaa,13420,education,card,,
Messy outlier tx ,NaN,misc,123,NY,EDA test row
2461 rs. diy exam fee ke liye card se,2461,education,card,,
doctor ke yahan 46799 rs. lga cash se diyee,46799,healthcare,cash,,
Bike loan EMI INR 10558,10558,emi,upi,,
padhai ke liye library fee pe 45129 rupaye karcha kiyaa upi se,45129,education,upi,,
food court payment me 28038 rupaiye ka khana khaaya cash se,28038,food,cash,,
Electricity bill payment INR 3967,3967,utilities,cash,,
water bill ka bill 4810 rs. upi se bhara,4810,utilities,upi,,
49879 rs. ka doctor consultation bill aaya cash se pay kya,49879,healthcare,cash,,
personal loan installment ki EMI 22896 rupaye cash se bharra,22896,emi,cash,,
45220 rs. mutual fund sip me daale upi se,45220,investment,upi,,
electricity bill payment recharge kiyaa 44276 rupye card se,44276,utilities,card,,
Bus ticket INR 784,784,travel,upi,,
Personal loan installment INR 4558,4558,emi,cash,,
library fee ka course 29421 rupaiye me lia upi se pay kia,29421,education,upi,,
padhai ke liye college fees payment pe 32051 rupaiye kharch kya card se,32051,education,card,,
Home loan EMI INR 4014,4014,emi,cash,,
netflix subscription ka subscription 33997 rupaye card se renew kiyaa,33997,entertainment,card,,
Hospital bill INR 30983,30983,healthcare,cash,,
Clothing store bill INR 37971,37971,shopping,card,,
39036 rupaye ka bike loan emi installment upi se diy,39036,emi,upi,,
fixed deposit investment ka SIP 43581 rupaye upi se bharra,43581,investment,upi,,
Movie ticket booking INR 44726,44726,entertainment,upi,,
Netflix subscription INR 45562,45562,entertainment,card,,
mutual fund sip ka SIP 41866 rupaye cash se bharaa,41866,investment,cash,,
Online shopping payment INR 13266,13266,shopping,card,,
Movie ticket booking INR 42880,42880,entertainment,card,,
Pharmacy medicine purchase INR 36823,36823,healthcare,cash,,
online course subscription ki fees 24389 rupye card se bhra,24389,education,card,,
stock purchase me 21999 rupaiye invest kia cash se,21999,investment,cash,,
Flipkart order INR 4944,4944,shopping,upi,,
Restaurant bill INR 10615,10615,food,upi,,
loan ka credit card emi 9913 rupaye upi se pay kiya,9913,emi,upi,,
Ola cab INR 27841,27841,travel,upi,,
loan ka personal loan installment 8186 rupye upi se pay kiyaa,8186,emi,upi,,
home loan emi EMI 26404 rupaye kat gaye cash se,26404,emi,cash,,
Zomato dinner INR 39620,39620,food,card,,
49238 rs. khrcha kya movie ticket booking pe card se,49238,entertainment,card,,
Car loan EMI INR 19068,19068,emi,card,,
5921 rupye ka mobile recharge bill pay kiya card se,5921,utilities,card,,
College fees payment INR 29907,29907,education,cash,,
Ola cab INR 28827,28827,travel,card,,
38600 rupaiye kharcha kia game purchase pe card se,38600,entertainment,card,,
Amazon purchase INR 46631,46631,shopping,card,,
clothing store bill se 31942 rs ka shopping kiyaa upi se,31942,shopping,upi,,
Food court payment INR 14551,14551,food,card,,
Home loan EMI INR 7700,7700,emi,cash,,
Electricity bill payment INR 44276,44276,utilities,card,,
Exam fee INR 5825,5825,education,cash,,
restaurant bill me 28066 rupye ka khana khayaa upi se,28066,food,upi,,
aaj hotel booking lya 12424 rupay card se pay kiyaa,12424,travel,card,,
Stock purchase INR 43474,43474,investment,upi,,
2193 rupaiye ka mobile recharge bill pay kya card se,2193,utilities,card,,
Exam fee INR 6106,6106,education,upi,,
hotel booking ki ticket 42403 rupay me book kiya upi se,42403,travel,upi,,
uber ride ka kiraya 9617 rs die card se,9617,travel,card,,
Pizza delivery INR 605,605,food,card,,
home loan emi EMI 3590 rupye kat gaye cash se,3590,emi,cash,,
Concert ticket INR 8018,8018,entertainment,cash,,
Pharmacy medicine purchase INR 11970,11970,healthcare,cash,,
Flipkart order INR 19969,19969,shopping,cash,,
lunch at hotel me 27203 rupaye ka khana khaya cash se,27203,food,cash,,
Home loan EMI INR 9418,9418,emi,cash,,
Bike loan EMI INR 34994,34994,emi,upi,,
mobile recharge recharge kiyaa 39288 rs upi se,39288,utilities,upi,,
15189 rs. lgaa bus ticket me card se diyee,15189,travel,card,,
Ola cab INR 39359,39359,travel,card,,
6358 rupaiye ka electricity bill payment bill pay kiya cash se,6358,utilities,cash,,
game purchase ka subscription 16945 rs card se renew kiya,16945,entertainment,card,,
19321 rs. ka internet recharge bill pay kiya upi se,19321,utilities,upi,,
Doctor consultation INR 41383,41383,healthcare,card,,
7027 rupaiye ka bike loan emi installment cash se diy,7027,emi,cash,,
car loan emi ki EMI 31931 rs. upi se bhara,31931,emi,upi,,
doctor ke yahan 37778 rupye lgaa upi se diye,37778,healthcare,upi,,
Internet recharge INR 48051,48051,utilities,cash,,
water bill recharge kya 19085 rs card se,19085,utilities,card,,
movie ticket booking ka ticket 39433 rupaye me liyaa card se,39433,entertainment,card,,
ppf contribution me 29079 rs invest kya card se,29079,investment,card,,
"pizza delivery pe 16368 ka bill tha, upi se pay kya",16368,food,upi,,
netflix subscription dekha 24669 rs laga card se diy,24669,entertainment,card,,
Fixed deposit investment INR 1472,1472,investment,cash,,
netflix subscription ka subscription 49069 rupaye card se renew kiyaa,49069,entertainment,card,,
32697 rupaiye khrcha kya food court payment pe upi se,32697,food,upi,,
26129 rs. lagaa hotel booking me cash se diyee,26129,travel,cash,,
amazon purchase se 16473 rs. ka shopping kya upi se,16473,shopping,upi,,
30885 rs ka mobile recharge bill pay kya cash se,30885,utilities,cash,,
Uber ride INR 6559,6559,travel,upi,,
aaj stock purchase me 6063 rs lagaye cash se,6063,investment,cash,,
"restaurant bill pe 11521 ka bill tha, cash se pay kiyaa",11521,food,cash,,
cafe coffee me 42960 rupaye ka khana khya card se,42960,food,card,,
home loan emi ki EMI 20456 rs card se bhra,20456,emi,card,,
Amazon purchase INR 29794,29794,shopping,card,,
Clothing store bill INR 3689,3689,shopping,cash,,
Concert ticket INR 29376,29376,entertainment,upi,,
College fees payment INR 33497,33497,education,card,,
Internet recharge INR 24851,24851,utilities,cash,,
Credit card EMI INR 2476,2476,emi,card,,
Gas bill payment INR 28119,28119,utilities,card,,
Personal loan installment INR 3032,3032,emi,upi,,
netflix subscription dekha 34899 rupye lagaa card se diye,34899,entertainment,card,,
Food court payment INR 32697,32697,food,upi,,
Medical test charges INR 35774,35774,healthcare,card,,
personal loan installment ki EMI 12978 rs card se bhra,12978,emi,card,,
Library fee INR 19008,19008,education,upi,,
aaj uber ride liya 5465 rupaye cash se pay kya,5465,travel,cash,,
aaj cafe coffee se khana order kiya 46312 rupaiye card se diy,46312,food,card,,
online shopping payment se 20563 rupye ka shopping kia card se,20563,shopping,card,,
swiggy order ka khana 24782 rupaye me aaya cash se diye,24782,food,cash,,
17764 rupaiye diye college fees payment ke liye cash se,17764,education,cash,,
pizza delivery me 28106 rs ka khana khaaya card se,28106,food,card,,
Internet recharge INR 13075,13075,utilities,card,,
Medical test charges INR 4046,4046,healthcare,upi,,
netflix subscription ka ticket 22518 rs me lia card se,22518,entertainment,card,,
personal loan installment EMI 24983 rupye kat gaye cash se,24983,emi,cash,,
bike loan emi EMI 24098 rupye kat gaye upi se,24098,emi,upi,,
cafe coffee ka khana 7795 rs me aaya upi se diye,7795,food,upi,,
Mobile recharge INR 42662,42662,utilities,cash,,
29527 rupay ka electricity bill payment bill pay kia cash se,29527,utilities,cash,,
10226 rs. ka order die online shopping payment pe card se,10226,shopping,card,,
mutual fund sip me 36880 rupaiye invest kya upi se,36880,investment,upi,,
Hotel booking INR 9808,9808,travel,upi,,
48171 rupaiye diye college fees payment ke liye upi se,48171,education,upi,,
Exam fee INR 11555,11555,education,cash,,
1681 rupye crypto investment me daale upi se,1681,investment,upi,,
Crypto investment INR 34201,34201,investment,cash,,
movie ticket booking dekha 2151 rupaiye lagaa cash se diy,2151,entertainment,cash,,
credit card emi EMI 18979 rupaye kat gaye card se,18979,emi,card,,
Exam fee INR 30764,30764,education,upi,,
Gas bill payment INR 11863,11863,utilities,card,,
concert ticket ka subscription 11995 rupaiye card se renew kiyaa,11995,entertainment,card,,
16098 rupaye ka order diy electronics shopping pe cash se,16098,shopping,cash,,
movie ticket booking ka subscription 1559 rupye upi se renew kiya,1559,entertainment,upi,,
Mobile recharge INR 33390,33390,utilities,card,,
Car loan EMI INR 17983,17983,emi,cash,,
Mutual fund SIP INR 32386,32386,investment,card,,
online course subscription ka course 3423 rupye me liya upi se pay kia,3423,education,upi,,
Netflix subscription INR 49578,49578,entertainment,card,,
Clothing store bill INR 1349,1349,shopping,upi,,
39609 rupaye ka order die amazon purchase pe upi se,39609,shopping,upi,,
train ticket irctc ka kiraya 42668 rupye diy cash se,42668,travel,cash,,
Bike loan EMI INR 28615,28615,emi,upi,,
Stock purchase INR 42476,42476,investment,upi,,
Bike loan EMI INR 8381,8381,emi,card,,
Messy outlier tx ,"1,000",misc,csh,,
Flight ticket booking INR 37373,37373,travel,cash,,
Lunch at hotel INR 35435,35435,food,upi,,
Electronics shopping INR 45499,45499,shopping,card,,
college fees payment ka course 31649 rupaye me lia card se pay kya,31649,education,card,,
padhai ke liye exam fee pe 15418 rs karcha kiya upi se,15418,education,upi,,
mobile recharge recharge kya 19028 rs card se,19028,utilities,card,,
Internet recharge INR 42052,42052,utilities,cash,,
12502 rupaiye lagaa bus ticket me upi se die,12502,travel,upi,,
Movie ticket booking INR 10089,10089,entertainment,card,,
loan ka personal loan installment 35938 rupaye upi se pay kiyaa,35938,emi,upi,,
19276 rupay ka electricity bill payment bill pay kya upi se,19276,utilities,upi,,
pizza delivery me 4340 rupaye ka khana khayaa cash se,4340,food,cash,,
game purchase ka ticket 15942 rupaiye me liya upi se,15942,entertainment,upi,,
pharmacy medicine purchase pe 18609 rupye kharch hui davai pe upi se,18609,healthcare,upi,,
college fees payment ka course 36671 rs. me lia cash se pay kiyaa,36671,education,cash,,
Zomato dinner INR 37738,37738,food,upi,,
Lunch at hotel INR 15351,15351,food,upi,,
Train ticket IRCTC INR 10952,10952,travel,upi,,
movie ticket booking dekha 42880 rupay lga card se diye,42880,entertainment,card,,
Game purchase INR 5977,5977,entertainment,card,,
doctor ke yahan 36596 rs. laga cash se diye,36596,healthcare,cash,,
Fixed deposit investment INR 43563,43563,investment,cash,,
mobile recharge recharge kia 6299 rupay upi se,6299,utilities,upi,,
35171 rupaiye ka doctor consultation bill aaya upi se pay kiya,35171,healthcare,upi,,
online clothing store bill se 39775 ka saman liyaa upi se pay kia,39775,shopping,upi,,
water bill ka bill 21877 rupaiye card se bharra,21877,utilities,card,,
Library fee INR 3231,3231,education,card,,
mutual fund sip me 6662 rs. invest kya cash se,6662,investment,cash,,
Bike loan EMI INR 39366,39366,emi,upi,,
aaj ppf contribution me 21562 rupay lagaye card se,21562,investment,card,,
Movie ticket booking INR 44916,44916,entertainment,cash,,
aaj flight ticket booking liyaa 30647 rupaye upi se pay kiyaa,30647,travel,upi,,
food court payment ka khana 6585 rupaiye me aaya upi se die,6585,food,upi,,
Online course subscription INR 8887,8887,education,upi,,
Pizza delivery INR 7638,7638,food,card,,
Mutual fund SIP INR 38918,38918,investment,upi,,
Medical test charges INR 40713,40713,healthcare,upi,,
aaj mobile recharge ka 978 rupye ka bill card se bharra,978,utilities,card,,
ola cab ki ticket 28536 rupaiye me book kya cash se,28536,travel,cash,,
fixed deposit investment me 21098 rupaiye invest kia upi se,21098,investment,upi,,
33550 rs die online course subscription ke liye cash se,33550,education,cash,,
Movie ticket booking INR 37152,37152,entertainment,card,,
flipkart order pe shopping kya 43147 rupye kharcha cash se,43147,shopping,cash,,
Online shopping payment INR 14989,14989,shopping,upi,,
19497 rupye ka hospital bill bill aaya upi se pay kiya,19497,healthcare,upi,,
Stock purchase INR 38369,38369,investment,cash,,
Stock purchase INR 35400,35400,investment,upi,,
Home loan EMI INR 2353,2353,emi,upi,,
Restaurant bill INR 23915,23915,food,cash,,
padhai ke liye library fee pe 42683 rupay kharch kya upi se,42683,education,upi,,
restaurant bill me 5487 rupaye ka khana khaya upi se,5487,food,upi,,
stock purchase me 6078 rupaye invest kia cash se,6078,investment,cash,,
library fee ki fees 33647 rupay card se bhara,33647,education,card,,
Electricity bill payment INR 29054,29054,utilities,upi,,
electricity bill payment ka bill 5974 rs. upi se bhara,5974,utilities,upi,,
test transaction do not process,99999999,misc,UPIID123,,
fixed deposit investment ka SIP 5279 rupaiye cash se bharaa,5279,investment,cash,,
ppf contribution ka SIP 48357 rupaye upi se bhra,48357,investment,upi,,
electronics shopping se 3667 rupay ka shopping kiya card se,3667,shopping,card,,
game purchase ka subscription 17523 rupaiye card se renew kiya,17523,entertainment,card,,
Zomato dinner INR 6601,6601,food,card,,
game purchase dekha 42904 rupaye lagaa card se diyee,42904,entertainment,card,,
PPF contribution INR 43007,43007,investment,upi,,
Pizza delivery INR 21602,21602,food,cash,,
aaj train ticket irctc liyaa 2587 rupay upi se pay kiyaa,2587,travel,upi,,
internet recharge ka bill 48450 rupaye upi se bhara,48450,utilities,upi,,
26098 rs. lagaa flight ticket booking me card se die,26098,travel,card,,
Car loan EMI INR 12240,12240,emi,upi,,
flipkart order se 38338 rupay ka shopping kiyaa card se,38338,shopping,card,,
23291 rupye kharch kya cafe coffee pe card se,23291,food,card,,
Electricity bill payment INR 5391,5391,utilities,upi,,
padhai ke liye library fee pe 29289 rupye kharchaa kiyaa cash se,29289,education,cash,,
flight ticket booking ka kiraya 36310 rupaiye diy upi se,36310,travel,upi,,
Electronics shopping INR 12100,12100,shopping,cash,,
Online shopping payment INR 715,715,shopping,upi,,
pharmacy medicine purchase me 10702 rs kharcha hua card se diyee,10702,healthcare,card,,
42032 rupay ka gas bill payment bill pay kiyaa upi se,42032,utilities,upi,,
aaj lunch at hotel se khana order kya 47169 rs cash se diy,47169,food,cash,,
Zomato dinner INR 4506,4506,food,card,,
Bike loan EMI INR 27275,27275,emi,upi,,
29995 rupye lagaa hotel booking me card se diyee,29995,travel,card,,
netflix subscription dekha 27635 rupaye laga upi se die,27635,entertainment,upi,,
Doctor consultation INR 13526,13526,healthcare,card,,
clothing store bill se 3689 rs. ka shopping kiyaa cash se,3689,shopping,cash,,
Messy outlier tx unknown,-5000,blabla,,Unknown,
online clothing store bill se 8736 ka saman lya cash se pay kia,8736,shopping,cash,,
Water bill INR 43004,43004,utilities,cash,,
flipkart order pe shopping kia 13775 rupaye kharchaa upi se,13775,shopping,upi,,
Uber ride INR 10848,10848,travel,card,,
Flight ticket booking INR 37106,37106,travel,card,,
Lunch at hotel INR 18474,18474,food,cash,,
Car loan EMI INR 8322,8322,emi,card,,
doctor ke yahan 26457 rupye lgaa upi se diy,26457,healthcare,upi,,
Internet recharge INR 30152,30152,utilities,card,,
Flight ticket booking INR 35153,35153,travel,cash,,
Bus ticket INR 19731,19731,travel,upi,,
Restaurant bill INR 27632,27632,food,cash,,
Hospital bill INR 32582,32582,healthcare,upi,,
30107 rupaiye ka order diy amazon purchase pe upi se,30107,shopping,upi,,
13270 rupaye crypto investment me daale card se,13270,investment,card,,
29807 rupaiye stock purchase me daale upi se,29807,investment,upi,,
Flight ticket booking INR 5607,5607,travel,cash,,
Home loan EMI INR 8427,8427,emi,card,,
18684 rupye kharchaa kia food court payment pe card se,18684,food,card,,
exam fee ka course 45218 rupay me liyaa upi se pay kiyaa,45218,education,upi,,
Online shopping payment INR 38253,38253,shopping,cash,,
Bus ticket INR 34011,34011,travel,upi,,
Stock purchase INR 27838,27838,investment,upi,,
9133 rupay ka hospital bill bill aaya upi se pay kya,9133,healthcare,upi,,
concert ticket ka subscription 21502 rs cash se renew kiyaa,21502,entertainment,cash,,
Gas bill payment INR 44568,44568,utilities,cash,,
Messy outlier tx ,-5000,blabla,UPIID123,NULL,
online clothing store bill se 16752 ka saman liyaa cash se pay kia,16752,shopping,cash,,
Pharmacy medicine purchase INR 44542,44542,healthcare,cash,,
Concert ticket INR 35666,35666,entertainment,cash,,
clothing store bill pe shopping kiyaa 35184 rupaye kharch card se,35184,shopping,card,,
credit card emi EMI 44190 rs kat gaye card se,44190,emi,card,,
Car loan EMI INR 2798,2798,emi,card,,
ola cab ki ticket 42356 rs. me book kya cash se,42356,travel,cash,,
Doctor consultation INR 12778,12778,healthcare,card,,
Flipkart order INR 17773,17773,shopping,cash,,
ola cab ka kiraya 40597 rs. diyee card se,40597,travel,card,,
Crypto investment INR 48460,48460,investment,card,,
34541 rupaiye ka home loan emi installment cash se diyee,34541,emi,cash,,
electronics shopping pe shopping kiyaa 44069 rupaye khrcha cash se,44069,shopping,cash,,
flipkart order se 11206 rupaiye ka shopping kia upi se,11206,shopping,upi,,
electronics shopping pe shopping kiya 19849 rupaiye khrcha card se,19849,shopping,card,,
29666 rs fixed deposit investment me daale card se,29666,investment,card,,
doctor ke yahan 4046 rs. laga upi se die,4046,healthcare,upi,,
loan ka personal loan installment 16730 rs upi se pay kiya,16730,emi,upi,,
Bike loan EMI INR 14536,14536,emi,upi,,
bike loan emi ki EMI 19041 rs. upi se bhara,19041,emi,upi,,
personal loan installment ki EMI 27707 rupaye cash se bharaa,27707,emi,cash,,
Bike loan EMI INR 49149,49149,emi,card,,
Clothing store bill INR 7360,7360,shopping,cash,,
29689 rupay karcha kia netflix subscription pe cash se,29689,entertainment,cash,,
25114 rupay kharchaa kia movie ticket booking pe card se,25114,entertainment,card,,
Concert ticket INR 28801,28801,entertainment,cash,,
ola cab ka kiraya 33794 rupaye diy card se,33794,travel,card,,
Zomato dinner INR 1950,1950,food,cash,,
aaj food court payment se khana order kiyaa 1296 rs upi se diye,1296,food,upi,,
Flipkart order INR 4328,4328,shopping,upi,,
Movie ticket booking INR 43293,43293,entertainment,card,,
Pharmacy medicine purchase INR 9985,9985,healthcare,cash,,
aaj bus ticket liya 22543 rs. cash se pay kiya,22543,travel,cash,,
Pizza delivery INR 34772,34772,food,upi,,
car loan emi EMI 6836 rupaye kat gaye upi se,6836,emi,upi,,
"food court payment pe 36351 ka bill tha, cash se pay kiyaa",36351,food,cash,,
12166 rs khrcha kya game purchase pe upi se,12166,entertainment,upi,,
Swiggy order INR 13882,13882,food,card,,
mutual fund sip ka SIP 47289 rs. card se bharaa,47289,investment,card,,
Messy outlier tx ccard,five hundred,,ccard,,EDA test row
43438 rupaiye stock purchase me daale cash se,43438,investment,cash,,
48519 rupaiye lgaa uber ride me upi se diyee,48519,travel,upi,,
aaj stock purchase me 34193 rs. lagaye card se,34193,investment,card,,
aaj crypto investment me 32079 rupay lagaye card se,32079,investment,card,,
27901 rupaye kharchaa kia pizza delivery pe card se,27901,food,card,,
Cafe coffee INR 8721,8721,food,card,,
netflix subscription ka subscription 49431 rupay cash se renew kiya,49431,entertainment,cash,,
stock purchase ka SIP 49341 rupye cash se bhara,49341,investment,cash,,
Medical test charges INR 6966,6966,healthcare,upi,,
mobile recharge ka bill 41127 rupaye upi se bharaa,41127,utilities,upi,,
water bill recharge kya 19859 rupay upi se,19859,utilities,upi,,
swiggy order me 44228 rupaye ka khana khayaa card se,44228,food,card,,
5065 rupay karcha kiya food court payment pe card se,5065,food,card,,
medical test charges pe 21734 rupaye kharch hui davai pe cash se,21734,healthcare,cash,,
Mutual fund SIP INR 21721,21721,investment,card,,
Water bill INR 30048,30048,utilities,card,,
aaj swiggy order se khana order kiyaa 12906 rs upi se diye,12906,food,upi,,
online flipkart order se 16856 ka saman liya upi se pay kiyaa,16856,shopping,upi,,
6839 rupaiye stock purchase me daale cash se,6839,investment,cash,,
exam fee ka course 24447 rupaye me liya upi se pay kya,24447,education,upi,,
restaurant bill ka khana 9532 rupay me aaya card se diy,9532,food,card,,
Pizza delivery INR 16094,16094,food,cash,,
credit card emi ki EMI 16377 rs. cash se bhra,16377,emi,cash,,
Online course subscription INR 31046,31046,education,cash,,
Credit card EMI INR 12876,12876,emi,card,,
aaj restaurant bill se khana order kia 44089 rupye upi se die,44089,food,upi,,
electronics shopping se 40392 rupay ka shopping kiyaa cash se,40392,shopping,cash,,
Uber ride INR 48016,48016,travel,cash,,
5420 rupaye ka medical test charges bill aaya cash se pay kiyaa,5420,healthcare,cash,,
27240 rupaye khrcha kiya food court payment pe upi se,27240,food,upi,,
internet recharge recharge kya 39510 rupaiye cash se,39510,utilities,cash,,
Personal loan installment INR 43721,43721,emi,cash,,
37971 rupye ka order diye clothing store bill pe card se,37971,shopping,card,,
movie ticket booking dekha 3770 rupay laga upi se die,3770,entertainment,upi,,
movie ticket booking ka ticket 8506 rupaiye me lia card se,8506,entertainment,card,,
25699 rupaye ka internet recharge bill pay kia card se,25699,utilities,card,,
pizza delivery me 47994 rs. ka khana khya upi se,47994,food,upi,,
Online course subscription INR 32491,32491,education,cash,,
36198 rupye ppf contribution me daale cash se,36198,investment,cash,,
flipkart order pe shopping kiya 34577 rupaye kharchaa upi se,34577,shopping,upi,,
Pharmacy medicine purchase INR 20939,20939,healthcare,card,,
online online shopping payment se 7389 ka saman lia cash se pay kia,7389,shopping,cash,,
ola cab ki ticket 31236 rupye me book kya cash se,31236,travel,cash,,
Exam fee INR 2461,2461,education,card,,
bus ticket ka kiraya 8994 rupaiye die cash se,8994,travel,cash,,
Bike loan EMI INR 12386,12386,emi,upi,,
exam fee ka course 10216 rupye me liyaa cash se pay kia,10216,education,cash,,
Car loan EMI INR 39533,39533,emi,card,,
online amazon purchase se 34227 ka saman lia upi se pay kiya,34227,shopping,upi,,
Messy outlier tx UPIID123,"1,000",,paypal,,
gas bill payment ka bill 8207 rs. upi se bharra,8207,utilities,upi,,
Concert ticket INR 2499,2499,entertainment,upi,,
Cafe coffee INR 44175,44175,food,cash,,
9211 rupay diy college fees payment ke liye cash se,9211,education,cash,,
internet recharge ka bill 12234 rs cash se bhara,12234,utilities,cash,,
Mobile recharge INR 41519,41519,utilities,upi,,
Stock purchase INR 40089,40089,investment,card,,
20461 rupay ka order diye electronics shopping pe card se,20461,shopping,card,,
bike loan emi ki EMI 17710 rs cash se bhra,17710,emi,cash,,
home loan emi ki EMI 23614 rupaye cash se bhra,23614,emi,cash,,
aaj fixed deposit investment me 28043 rupaiye lagaye upi se,28043,investment,upi,,
Flight ticket booking INR 32933,32933,travel,upi,,
mobile recharge recharge kia 32935 rs upi se,32935,utilities,upi,,
pharmacy medicine purchase me 20444 rupye khrcha hua card se diy,20444,healthcare,card,,
Food court payment INR 1296,1296,food,upi,,
9665 rs kharcha kiyaa lunch at hotel pe upi se,9665,food,upi,,
doctor ke yahan 20444 rs. laga card se diyee,20444,healthcare,card,,
Mutual fund SIP INR 11890,11890,investment,cash,,
Online course subscription INR 2686,2686,education,cash,,
Flipkart order INR 17857,17857,shopping,card,,
29011 rupaiye khrcha kiyaa lunch at hotel pe card se,29011,food,card,,
aaj pizza delivery se khana order kiyaa 22508 rupay upi se diye,22508,food,upi,,
netflix subscription ka subscription 25872 rs. upi se renew kiyaa,25872,entertainment,upi,,
ppf contribution me 25508 rupaiye invest kia cash se,25508,investment,cash,,
Concert ticket INR 5495,5495,entertainment,upi,,
11736 rupye fixed deposit investment me daale upi se,11736,investment,upi,,
44741 rs. karcha kiyaa game purchase pe cash se,44741,entertainment,cash,,
aaj mutual fund sip me 28513 rupaiye lagaye cash se,28513,investment,cash,,
online course subscription ka course 13868 rupaiye me liyaa upi se pay kiya,13868,education,upi,,
Pharmacy medicine purchase INR 47795,47795,healthcare,card,,
aaj pizza delivery se khana order kia 31059 rupye upi se diy,31059,food,upi,,
Lunch at hotel INR 9931,9931,food,upi,,
aaj crypto investment me 25698 rs. lagaye cash se,25698,investment,cash,,
36404 rupye ka home loan emi installment cash se die,36404,emi,cash,,
30624 rupye stock purchase me daale upi se,30624,investment,upi,,
27674 rupaiye khrcha kiya zomato dinner pe cash se,27674,food,cash,,
Concert ticket INR 29670,29670,entertainment,upi,,
doctor ke yahan 43111 rs. lgaa upi se diy,43111,healthcare,upi,,
Library fee INR 8529,8529,education,cash,,
bus ticket ka kiraya 21892 rs diy cash se,21892,travel,cash,,
1343 rs laga bus ticket me card se die,1343,travel,card,,
Flipkart order INR 33908,33908,shopping,upi,,
Mobile recharge INR 35154,35154,utilities,cash,,
doctor ke yahan 10670 rupye laga cash se diy,10670,healthcare,cash,,
"food court payment pe 21484 ka bill tha, cash se pay kia",21484,food,cash,,
20050 rs. diyee exam fee ke liye upi se,20050,education,upi,,
internet recharge ka bill 15801 rupay upi se bhara,15801,utilities,upi,,
Internet recharge INR 24259,24259,utilities,upi,,
flight ticket booking ka kiraya 48584 rs diyee upi se,48584,travel,upi,,
3733 rupaye die exam fee ke liye card se,3733,education,card,,
uber ride ka kiraya 855 rupay die cash se,855,travel,cash,,
Exam fee INR 49851,49851,education,card,,
ola cab ki ticket 23754 rs me book kiya cash se,23754,travel,cash,,
electronics shopping se 15788 rs. ka shopping kya upi se,15788,shopping,upi,,
5946 rupay ka water bill bill pay kiya card se,5946,utilities,card,,
drop table users;,five hundred,blabla,UPIID123,,EDA test row
online online shopping payment se 37726 ka saman lia cash se pay kya,37726,shopping,cash,,
medical test charges pe 42905 rupaiye kharch hui davai pe cash se,42905,healthcare,cash,,
Car loan EMI INR 31567,31567,emi,cash,,
Game purchase INR 19094,19094,entertainment,card,,
Medical test charges INR 1584,1584,healthcare,upi,,
concert ticket ka subscription 36053 rs card se renew kya,36053,entertainment,card,,
Electricity bill payment INR 14268,14268,utilities,card,,
5065 rupaiye diye college fees payment ke liye upi se,5065,education,upi,,
Personal loan installment INR 31097,31097,emi,upi,,
Gas bill payment INR 9639,9639,utilities,card,,
PPF contribution INR 15367,15367,investment,upi,,
doctor ke yahan 10415 rupaiye lga upi se diyee,10415,healthcare,upi,,
Lunch at hotel INR 4222,4222,food,cash,,
credit card emi EMI 16377 rupye kat gaye cash se,16377,emi,cash,,
Library fee INR 3697,3697,education,upi,,
41810 rs kharcha kiya movie ticket booking pe card se,41810,entertainment,card,,
Fixed deposit investment INR 10483,10483,investment,card,,
Cafe coffee INR 32949,32949,food,card,,
restaurant bill ka khana 48854 rupay me aaya cash se die,48854,food,cash,,
online course subscription ki fees 27169 rupay upi se bharaa,27169,education,upi,,
Swiggy order INR 38131,38131,food,upi,,
Pizza delivery INR 44802,44802,food,card,,
stock purchase me 45246 rupaiye invest kia card se,45246,investment,card,,
online course subscription ka course 30056 rupay me lia cash se pay kiya,30056,education,cash,,
45095 rupye lga ola cab me upi se diyee,45095,travel,upi,,
Car loan EMI INR 41529,41529,emi,upi,,
online amazon purchase se 39169 ka saman liya cash se pay kya,39169,shopping,cash,,
Flipkart order INR 48950,48950,shopping,cash,,
stock purchase ka SIP 18668 rupay upi se bhara,18668,investment,upi,,
concert ticket ka ticket 40182 rupay me liya cash se,40182,entertainment,cash,,
aaj ppf contribution me 40619 rupye lagaye cash se,40619,investment,cash,,
credit card emi EMI 2974 rupye kat gaye card se,2974,emi,card,,
exam fee ka course 6160 rupaye me lya cash se pay kiyaa,6160,education,cash,,
aaj mutual fund sip me 46395 rupay lagaye cash se,46395,investment,cash,,
online flipkart order se 22732 ka saman lia card se pay kiyaa,22732,shopping,card,,
concert ticket ka subscription 374 rupaye card se renew kiya,374,entertainment,card,,
Exam fee INR 11967,11967,education,upi,,
medical test charges me 17702 rupye kharch hua cash se die,17702,healthcare,cash,,
Electronics shopping INR 32639,32639,shopping,card,,
clothing store bill pe shopping kia 41027 rupay karcha upi se,41027,shopping,upi,,
Home loan EMI INR 34504,34504,emi,card,,
loan ka personal loan installment 16345 rupaye card se pay kia,16345,emi,card,,
Food court payment INR 22843,22843,food,upi,,
online electronics shopping se 4728 ka saman lya upi se pay kiyaa,4728,shopping,upi,,
Lunch at hotel INR 29011,29011,food,card,,
train ticket irctc ka kiraya 44490 rupaiye diy card se,44490,travel,card,,
game purchase dekha 48946 rupay lgaa upi se die,48946,entertainment,upi,,
Exam fee INR 3733,3733,education,card,,
Online course subscription INR 49659,49659,education,upi,,
Hospital bill INR 21929,21929,healthcare,upi,,
Medical test charges INR 14036,14036,healthcare,card,,
Game purchase INR 33672,33672,entertainment,upi,,
Movie ticket booking INR 49238,49238,entertainment,card,,
Game purchase INR 4372,4372,entertainment,cash,,
9574 rupye kharch kya cafe coffee pe upi se,9574,food,upi,,
Uber ride INR 28551,28551,travel,cash,,
11605 rupaye die library fee ke liye cash se,11605,education,cash,,
Stock purchase INR 7050,7050,investment,upi,,
credit card emi EMI 5092 rupaye kat gaye cash se,5092,emi,cash,,
exam fee ka course 45907 rs. me lya cash se pay kia,45907,education,cash,,
Crypto investment INR 18036,18036,investment,upi,,
Personal loan installment INR 37110,37110,emi,cash,,
Ola cab INR 9934,9934,travel,cash,,
Home loan EMI INR 49058,49058,emi,cash,,
572 rupaye karcha kiyaa game purchase pe upi se,572,entertainment,upi,,
Electronics shopping INR 3332,3332,shopping,cash,,
11335 rupaye kharch kiyaa concert ticket pe card se,11335,entertainment,card,,
ppf contribution ka SIP 38668 rupaye card se bhra,38668,investment,card,,
Library fee INR 28627,28627,education,cash,,
aaj crypto investment me 9120 rupye lagaye card se,9120,investment,card,,
16263 rupay ka order diye flipkart order pe cash se,16263,shopping,cash,,
train ticket irctc ki ticket 6501 rupay me book kya upi se,6501,travel,upi,,
online online shopping payment se 12047 ka saman liya card se pay kiyaa,12047,shopping,card,,
aaj crypto investment me 33133 rs lagaye upi se,33133,investment,upi,,
"swiggy order pe 17195 ka bill tha, cash se pay kiyaa",17195,food,cash,,
Personal loan installment INR 36390,36390,emi,card,,
Gas bill payment INR 35449,35449,utilities,upi,,
amazon purchase pe shopping kiyaa 56 rupay karcha card se,56,shopping,card,,
cafe coffee ka khana 46312 rs. me aaya card se diyee,46312,food,card,,
hotel booking ki ticket 27324 rs. me book kia cash se,27324,travel,cash,,
Swiggy order INR 15834,15834,food,cash,,
home loan emi ki EMI 18663 rs upi se bhra,18663,emi,upi,,
Library fee INR 29049,29049,education,card,,
train ticket irctc ka kiraya 18636 rs. diye upi se,18636,travel,upi,,
water bill ka bill 16780 rupaye cash se bharra,16780,utilities,cash,,
13601 rupye kharcha kia pizza delivery pe card se,13601,food,card,,
clothing store bill se 19838 rupaiye ka shopping kiya cash se,19838,shopping,cash,,
Online course subscription INR 6066,6066,education,card,,
personal loan installment EMI 47422 rupay kat gaye card se,47422,emi,card,,
padhai ke liye college fees payment pe 21790 rupye kharchaa kiya upi se,21790,education,upi,,
ppf contribution me 21593 rs. invest kiya upi se,21593,investment,upi,,
movie ticket booking ka subscription 37854 rupaye upi se renew kia,37854,entertainment,upi,,
Amazon purchase INR 45733,45733,shopping,card,,
Online course subscription INR 39585,39585,education,cash,,
doctor consultation me 41155 rupay khrcha hua upi se diy,41155,healthcare,upi,,
bus ticket ka kiraya 34148 rupaye diye card se,34148,travel,card,,
46871 rupay ka order die flipkart order pe cash se,46871,shopping,cash,,
Car loan EMI INR 33073,33073,emi,card,,
Concert ticket INR 11995,11995,entertainment,card,,
clothing store bill pe shopping kya 7360 rupay karcha cash se,7360,shopping,cash,,
Medical test charges INR 19887,19887,healthcare,card,,
clothing store bill se 12543 rs ka shopping kya card se,12543,shopping,card,,
padhai ke liye exam fee pe 22168 rupaye kharch kya cash se,22168,education,cash,,
Pizza delivery INR 9758,9758,food,upi,,
zomato dinner ka khana 3302 rs me aaya cash se diyee,3302,food,cash,,
restaurant bill ka khana 17395 rupay me aaya card se diye,17395,food,card,,
credit card emi ki EMI 4078 rupye upi se bharra,4078,emi,upi,,
library fee ka course 2923 rupaiye me lia cash se pay kiyaa,2923,education,cash,,
doctor consultation me 9721 rupye kharch hua card se diye,9721,healthcare,card,,
bus ticket ki ticket 46705 rs me book kiya card se,46705,travel,card,,
Flipkart order INR 24353,24353,shopping,upi,,
online amazon purchase se 19536 ka saman liya card se pay kiyaa,19536,shopping,card,,
"cafe coffee pe 24772 ka bill tha, upi se pay kiya",24772,food,upi,,
Hospital bill INR 41550,41550,healthcare,upi,,
clothing store bill pe shopping kya 47901 rs. khrcha upi se,47901,shopping,upi,,
Personal loan installment INR 27707,27707,emi,cash,,
Game purchase INR 33337,33337,entertainment,upi,,
6344 rupaiye ka home loan emi installment upi se diyee,6344,emi,upi,,
Uber ride INR 36808,36808,travel,upi,,
online clothing store bill se 39724 ka saman lia card se pay kia,39724,shopping,card,,
"lunch at hotel pe 665 ka bill tha, upi se pay kiya",665,food,upi,,
Car loan EMI INR 48873,48873,emi,upi,,
aaj stock purchase me 24909 rupaiye lagaye card se,24909,investment,card,,
pizza delivery ka khana 21602 rupaye me aaya cash se diye,21602,food,cash,,
41867 rupay ppf contribution me daale upi se,41867,investment,upi,,
Medical test charges INR 421,421,healthcare,upi,,
Internet recharge INR 47570,47570,utilities,cash,,
swiggy order ka khana 37583 rs me aaya upi se diye,37583,food,upi,,
5717 rupye karcha kiyaa movie ticket booking pe cash se,5717,entertainment,cash,,
Movie ticket booking INR 23919,23919,entertainment,cash,,
aaj zomato dinner se khana order kia 34306 rupye cash se diye,34306,food,cash,,
Credit card EMI INR 36478,36478,emi,upi,,
pharmacy medicine purchase me 4503 rs. karcha hua upi se diy,4503,healthcare,upi,,
Online course subscription INR 28590,28590,education,card,,
aaj food court payment se khana order kya 22843 rs. upi se diy,22843,food,upi,,
aaj water bill ka 40308 rupaye ka bill upi se bharaa,40308,utilities,upi,,
Internet recharge INR 39144,39144,utilities,card,,
aaj water bill ka 1584 rupye ka bill cash se bhara,1584,utilities,cash,,
loan ka car loan emi 34570 rupaye cash se pay kya,34570,emi,cash,,
Online shopping payment INR 4666,4666,shopping,card,,
library fee ka course 3697 rs. me liya upi se pay kia,3697,education,upi,,
41378 rupaye ka hospital bill bill aaya cash se pay kia,41378,healthcare,cash,,
padhai ke liye exam fee pe 28032 rs kharch kiya cash se,28032,education,cash,,
20384 rs. lagaa train ticket irctc me cash se diye,20384,travel,cash,,
uber ride ka kiraya 35271 rupaiye diy cash se,35271,travel,cash,,
Stock purchase INR 16414,16414,investment,card,,
mobile recharge ka bill 40516 rupye cash se bhra,40516,utilities,cash,,
Fixed deposit investment INR 43581,43581,investment,upi,,
concert ticket ka subscription 46685 rs. card se renew kya,46685,entertainment,card,,
20321 rupaiye ka pharmacy medicine purchase bill aaya cash se pay kiya,20321,healthcare,cash,,
bike loan emi ki EMI 18492 rs. cash se bhra,18492,emi,cash,,
aaj uber ride liyaa 1282 rupaye upi se pay kiya,1282,travel,upi,,
game purchase ka subscription 35371 rupaye card se renew kiyaa,35371,entertainment,card,,
uber ride ka kiraya 49631 rupaye diyee cash se,49631,travel,cash,,
7349 rs ka order diy amazon purchase pe upi se,7349,shopping,upi,,
Electronics shopping INR 47091,47091,shopping,card,,
Fixed deposit investment INR 6145,6145,investment,cash,,
library fee ki fees 31804 rupaiye cash se bhara,31804,education,cash,,
Clothing store bill INR 3023,3023,shopping,cash,,
Uber ride INR 37493,37493,travel,upi,,
doctor ke yahan 42462 rupaye laga upi se diye,42462,healthcare,upi,,
Bike loan EMI INR 16102,16102,emi,upi,,
Flipkart order INR 11229,11229,shopping,upi,,
library fee ka course 33132 rupaiye me liya cash se pay kya,33132,education,cash,,
medical test charges me 1584 rs karcha hua upi se diy,1584,healthcare,upi,,
Pharmacy medicine purchase INR 28260,28260,healthcare,cash,,
water bill recharge kia 3280 rupaiye upi se,3280,utilities,upi,,
Pharmacy medicine purchase INR 41206,41206,healthcare,card,,
28190 rs. ka pharmacy medicine purchase bill aaya upi se pay kya,28190,healthcare,upi,,
credit card emi ki EMI 47013 rupaye card se bhra,47013,emi,card,,
aaj crypto investment me 13623 rs. lagaye card se,13623,investment,card,,
gas bill payment recharge kya 44168 rs upi se,44168,utilities,upi,,
doctor ke yahan 6312 rupaiye lagaa upi se die,6312,healthcare,upi,,
Library fee INR 21855,21855,education,upi,,
Clothing store bill INR 15617,15617,shopping,card,,
Bike loan EMI INR 20729,20729,emi,cash,,
bike loan emi ki EMI 18952 rupaye upi se bharra,18952,emi,upi,,
padhai ke liye library fee pe 26073 rs. kharchaa kiyaa card se,26073,education,card,,
Pharmacy medicine purchase INR 36285,36285,healthcare,card,,
Personal loan installment INR 33295,33295,emi,card,,
35335 rupaye khrcha kya swiggy order pe cash se,35335,food,cash,,
crypto investment me 3593 rupay invest kia card se,3593,investment,card,,
pizza delivery ka khana 605 rupaye me aaya card se diy,605,food,card,,
24644 rupay diyee online course subscription ke liye card se,24644,education,card,,
electricity bill payment recharge kya 1995 rupay cash se,1995,utilities,cash,,
home loan emi ki EMI 21208 rupaiye upi se bharaa,21208,emi,upi,,
Bus ticket INR 21892,21892,travel,card,,
loan ka personal loan installment 45975 rupye cash se pay kya,45975,emi,cash,,
Bus ticket INR 9723,9723,travel,cash,,
Mutual fund SIP INR 38853,38853,investment,cash,,
Swiggy order INR 19996,19996,food,cash,,
college fees payment ka course 28985 rupye me lya cash se pay kiyaa,28985,education,cash,,
stock purchase ka SIP 46230 rs. cash se bharra,46230,investment,cash,,
bike loan emi ki EMI 38540 rupaye cash se bharaa,38540,emi,cash,,
Internet recharge INR 31349,31349,utilities,card,,
concert ticket ka subscription 18126 rupye cash se renew kiya,18126,entertainment,cash,,
27929 rs karcha kia game purchase pe upi se,27929,entertainment,upi,,
flipkart order se 19032 rupaye ka shopping kia cash se,19032,shopping,cash,,
Doctor consultation INR 28025,28025,healthcare,card,,
Mobile recharge INR 19578,19578,utilities,upi,,
cafe coffee ka khana 29805 rupay me aaya cash se diy,29805,food,cash,,
test transaction do not process,-100,misc,bitcoin,,
Stock purchase INR 25510,25510,investment,cash,,
Online course subscription INR 17384,17384,education,upi,,
Lunch at hotel INR 20723,20723,food,card,,
Lunch at hotel INR 8394,8394,food,card,,
Amazon purchase INR 1478,1478,shopping,upi,,
concert ticket dekha 8391 rupaye laga card se diye,8391,entertainment,card,,
padhai ke liye college fees payment pe 19249 rupye kharchaa kiya card se,19249,education,card,,
Netflix subscription INR 3718,3718,entertainment,card,,
doctor consultation pe 48581 rupaye kharchaa hui davai pe cash se,48581,healthcare,cash,,
Movie ticket booking INR 4828,4828,entertainment,card,,
hospital bill pe 28270 rupaiye kharchaa hui davai pe upi se,28270,healthcare,upi,,
Game purchase INR 34581,34581,entertainment,card,,
Online shopping payment INR 33250,33250,shopping,upi,,
Mutual fund SIP INR 8670,8670,investment,cash,,
Swiggy order INR 46145,46145,food,upi,,
college fees payment ka course 6934 rupye me liyaa cash se pay kya,6934,education,cash,,
flipkart order se 45250 rupye ka shopping kia cash se,45250,shopping,cash,,
online online shopping payment se 39553 ka saman lia cash se pay kiyaa,39553,shopping,cash,,
clothing store bill pe shopping kiyaa 24526 rupye khrcha card se,24526,shopping,card,,
5655 rupay diy college fees payment ke liye cash se,5655,education,cash,,
online electronics shopping se 22776 ka saman lia card se pay kiyaa,22776,shopping,card,,
loan ka car loan emi 20666 rupaye cash se pay kiyaa,20666,emi,cash,,
Zomato dinner INR 11245,11245,food,upi,,
aaj zomato dinner se khana order kiyaa 37902 rupaiye cash se diyee,37902,food,cash,,
Lunch at hotel INR 24493,24493,food,card,,
Cafe coffee INR 32502,32502,food,card,,
loan ka home loan emi 31838 rupaye upi se pay kiyaa,31838,emi,upi,,
30103 rupaye lga train ticket irctc me upi se diy,30103,travel,upi,,
Fixed deposit investment INR 48671,48671,investment,cash,,
Flipkart order INR 6339,6339,shopping,upi,,
Personal loan installment INR 40317,40317,emi,cash,,
"cafe coffee pe 33946 ka bill tha, upi se pay kiya",33946,food,upi,,
Exam fee INR 4284,4284,education,card,,
3611 rupaye diye library fee ke liye card se,3611,education,card,,
doctor consultation me 30012 rupaye kharcha hua cash se diy,30012,healthcare,cash,,
Flipkart order INR 30021,30021,shopping,upi,,
hospital bill pe 16127 rupaye khrcha hui davai pe card se,16127,healthcare,card,,
zomato dinner me 1174 rs. ka khana khaaya upi se,1174,food,upi,,
Train ticket IRCTC INR 38973,38973,travel,card,,
fixed deposit investment ka SIP 24409 rupye card se bharaa,24409,investment,card,,
online electronics shopping se 49363 ka saman lia card se pay kia,49363,shopping,card,,
Restaurant bill INR 8995,8995,food,upi,,
lunch at hotel me 30540 rs. ka khana khya upi se,30540,food,upi,,
water bill recharge kia 49187 rs. cash se,49187,utilities,cash,,
Crypto investment INR 48109,48109,investment,card,,
College fees payment INR 32716,32716,education,card,,
Concert ticket INR 14833,14833,entertainment,cash,,
Uber ride INR 25985,25985,travel,card,,
personal loan installment EMI 46233 rs. kat gaye card se,46233,emi,card,,
Train ticket IRCTC INR 45822,45822,travel,cash,,
flight ticket booking ka kiraya 38980 rs diyee cash se,38980,travel,cash,,
Zomato dinner INR 21532,21532,food,upi,,
7571 rs ppf contribution me daale upi se,7571,investment,upi,,
Online course subscription INR 49136,49136,education,cash,,
aaj bus ticket liyaa 3513 rupye upi se pay kya,3513,travel,upi,,
Stock purchase INR 2263,2263,investment,cash,,
aaj electricity bill payment ka 9913 rupaiye ka bill upi se bharaa,9913,utilities,upi,,
padhai ke liye library fee pe 28595 rupaye karcha kya upi se,28595,education,upi,,
Fixed deposit investment INR 26018,26018,investment,card,,
7932 rupaye diyee college fees payment ke liye card se,7932,education,card,,
45323 rupaiye laga train ticket irctc me cash se diy,45323,travel,cash,,
Flipkart order INR 49437,49437,shopping,card,,
47998 rupaye ka personal loan installment installment upi se diy,47998,emi,upi,,
exam fee ki fees 2461 rupay card se bharra,2461,education,card,,
pharmacy medicine purchase me 27215 rupaiye kharch hua upi se diye,27215,healthcare,upi,,
ola cab ka kiraya 39182 rupaiye diye card se,39182,travel,card,,
Crypto investment INR 45893,45893,investment,upi,,
doctor consultation pe 3910 rupye karcha hui davai pe upi se,3910,healthcare,upi,,
college fees payment ka course 19841 rs me lya upi se pay kia,19841,education,upi,,
train ticket irctc ki ticket 27210 rupay me book kiyaa upi se,27210,travel,upi,,
library fee ka course 19008 rupaye me liyaa upi se pay kiyaa,19008,education,upi,,
Mutual fund SIP INR 12375,12375,investment,upi,,
6776 rupay die college fees payment ke liye cash se,6776,education,cash,,
Mutual fund SIP INR 7821,7821,investment,upi,,
aaj pizza delivery se khana order kya 7360 rupye upi se diyee,7360,food,upi,,
Credit card EMI INR 29449,29449,emi,cash,,
,NULL,blabla,ccard,,
42233 rs. ka order diy amazon purchase pe card se,42233,shopping,card,,
33147 rupye ka medical test charges bill aaya upi se pay kya,33147,healthcare,upi,,
Concert ticket INR 40207,40207,entertainment,card,,
clothing store bill pe shopping kia 34927 rs. karcha cash se,34927,shopping,cash,,
Water bill INR 45105,45105,utilities,upi,,
Uber ride INR 19991,19991,travel,card,,
Stock purchase INR 44923,44923,investment,cash,,
2078 rs. lgaa hotel booking me upi se diy,2078,travel,upi,,
flipkart order pe shopping kiya 9896 rupaiye kharchaa cash se,9896,shopping,cash,,
17840 rupaiye ka gas bill payment bill pay kia card se,17840,utilities,card,,
Pharmacy medicine purchase INR 33675,33675,healthcare,upi,,
Concert ticket INR 9708,9708,entertainment,cash,,
Mobile recharge INR 28480,28480,utilities,cash,,
24857 rupaye kharcha kiya netflix subscription pe card se,24857,entertainment,card,,
library fee ka course 18516 rupye me lia card se pay kia,18516,education,card,,
Stock purchase INR 35196,35196,investment,upi,,
clothing store bill pe shopping kia 20837 rupaye karcha cash se,20837,shopping,cash,,
Movie ticket booking INR 39433,39433,entertainment,card,,
Online shopping payment INR 18091,18091,shopping,card,,
Medical test charges INR 39835,39835,healthcare,cash,,
Bike loan EMI INR 25196,25196,emi,upi,,
flight ticket booking ki ticket 41133 rs me book kya card se,41133,travel,card,,
doctor ke yahan 40666 rupye lgaa cash se diye,40666,healthcare,cash,,
mutual fund sip me 8431 rupay invest kya upi se,8431,investment,upi,,
Bike loan EMI INR 21518,21518,emi,upi,,
16950 rs. ka bike loan emi installment cash se diyee,16950,emi,cash,,
College fees payment INR 11059,11059,education,card,,
Mutual fund SIP INR 15514,15514,investment,card,,
Lunch at hotel INR 20935,20935,food,card,,
14678 rupaiye ka order diye flipkart order pe cash se,14678,shopping,cash,,
Exam fee INR 810,810,education,card,,
Medical test charges INR 19930,19930,healthcare,upi,,
credit card emi EMI 34866 rupaiye kat gaye cash se,34866,emi,cash,,
padhai ke liye college fees payment pe 17579 rs. kharchaa kiya card se,17579,education,card,,
Doctor consultation INR 45025,45025,healthcare,card,,
7829 rupaye die exam fee ke liye card se,7829,education,card,,
Home loan EMI INR 16286,16286,emi,card,,
Crypto investment INR 7509,7509,investment,card,,
aaj lunch at hotel se khana order kiyaa 13122 rupaye cash se diye,13122,food,cash,,
netflix subscription ka subscription 22985 rs. card se renew kiya,22985,entertainment,card,,
Movie ticket booking INR 8003,8003,entertainment,cash,,
25434 rupaye diy online course subscription ke liye upi se,25434,education,upi,,
game purchase ka subscription 25906 rupaiye upi se renew kia,25906,entertainment,upi,,
"pizza delivery pe 31890 ka bill tha, card se pay kia",31890,food,card,,
hospital bill me 15758 rs. kharchaa hua card se diyee,15758,healthcare,card,,
mutual fund sip ka SIP 9312 rs card se bharra,9312,investment,card,,
padhai ke liye online course subscription pe 27698 rs khrcha kiyaa upi se,27698,education,upi,,
31371 rupaiye crypto investment me daale card se,31371,investment,card,,
uber ride ka kiraya 32464 rupye diye cash se,32464,travel,cash,,
Electronics shopping INR 9477,9477,shopping,upi,,
Bus ticket INR 133,133,travel,upi,,
medical test charges pe 9829 rupaiye kharcha hui davai pe cash se,9829,healthcare,cash,,
"swiggy order pe 41918 ka bill tha, upi se pay kia",41918,food,upi,,
concert ticket dekha 2475 rs. lgaa upi se die,2475,entertainment,upi,,
Exam fee INR 8451,8451,education,cash,,
49388 rs. ka medical test charges bill aaya upi se pay kiyaa,49388,healthcare,upi,,
Internet recharge INR 39180,39180,utilities,cash,,
Game purchase INR 38053,38053,entertainment,card,,
Clothing store bill INR 18436,18436,shopping,cash,,
doctor ke yahan 34123 rs. lga upi se diy,34123,healthcare,upi,,
Fixed deposit investment INR 11632,11632,investment,cash,,
medical test charges me 27689 rs. khrcha hua card se diye,27689,healthcare,card,,
Medical test charges INR 44305,44305,healthcare,card,,
College fees payment INR 2441,2441,education,cash,,
aaj electricity bill payment ka 11938 rupaye ka bill upi se bharaa,11938,utilities,upi,,
netflix subscription dekha 10430 rs lagaa upi se die,10430,entertainment,upi,,
36232 rs. ppf contribution me daale card se,36232,investment,card,,
Electronics shopping INR 29625,29625,shopping,card,,
Water bill INR 9067,9067,utilities,cash,,
online shopping payment se 37211 rs. ka shopping kiya card se,37211,shopping,card,,
movie ticket booking ka ticket 19303 rupaiye me lya card se,19303,entertainment,card,,
Online course subscription INR 7142,7142,education,upi,,
movie ticket booking ka subscription 32137 rs. card se renew kiyaa,32137,entertainment,card,,
Flight ticket booking INR 9397,9397,travel,card,,
Library fee INR 11605,11605,education,cash,,
electronics shopping pe shopping kya 7768 rs. karcha card se,7768,shopping,card,,
5226 rs. ka water bill bill pay kiyaa cash se,5226,utilities,cash,,
game purchase dekha 31459 rs laga upi se die,31459,entertainment,upi,,
aaj mutual fund sip me 9401 rs lagaye upi se,9401,investment,upi,,
doctor ke yahan 7815 rs lagaa cash se diye,7815,healthcare,cash,,
Movie ticket booking INR 46815,46815,entertainment,upi,,
aaj mutual fund sip me 25957 rupay lagaye upi se,25957,investment,upi,,
27117 rupaiye karcha kiyaa game purchase pe cash se,27117,entertainment,cash,,
18474 rupye kharchaa kiyaa lunch at hotel pe cash se,18474,food,cash,,
30832 rupay kharchaa kya pizza delivery pe upi se,30832,food,upi,,
electronics shopping pe shopping kiyaa 22776 rupay kharcha card se,22776,shopping,card,,
48052 rupay diyee online course subscription ke liye cash se,48052,education,cash,,
flight ticket booking ka kiraya 21242 rupaiye diy upi se,21242,travel,upi,,
college fees payment ka course 1029 rupaye me lya cash se pay kiya,1029,education,cash,,
aaj internet recharge ka 26659 rupaye ka bill upi se bharra,26659,utilities,upi,,
9708 rs. karcha kiya concert ticket pe cash se,9708,entertainment,cash,,
Pharmacy medicine purchase INR 11716,11716,healthcare,cash,,
Home loan EMI INR 35901,35901,emi,card,,
online amazon purchase se 49638 ka saman liya cash se pay kiya,49638,shopping,cash,,
Movie ticket booking INR 19303,19303,entertainment,card,,
"swiggy order pe 3029 ka bill tha, cash se pay kiya",3029,food,cash,,
Crypto investment INR 4046,4046,investment,cash,,
pharmacy medicine purchase me 8538 rupay kharcha hua card se diyee,8538,healthcare,card,,
internet recharge ka bill 19488 rupay card se bhra,19488,utilities,card,,
Bike loan EMI INR 9249,9249,emi,cash,,
aaj ppf contribution me 27743 rupay lagaye upi se,27743,investment,upi,,
doctor ke yahan 9347 rs. lagaa upi se diy,9347,healthcare,upi,,
Doctor consultation INR 42096,42096,healthcare,upi,,
Game purchase INR 22229,22229,entertainment,cash,,
17690 rupaiye karcha kiyaa zomato dinner pe card se,17690,food,card,,
crypto investment me 41159 rs invest kiyaa cash se,41159,investment,cash,,
game purchase ka subscription 44268 rupay upi se renew kiyaa,44268,entertainment,upi,,
Concert ticket INR 3558,3558,entertainment,cash,,
library fee ki fees 36913 rupye card se bhra,36913,education,card,,
Pharmacy medicine purchase INR 21958,21958,healthcare,cash,,
4598 rupay ka credit card emi installment card se die,4598,emi,card,,
ola cab ki ticket 25492 rs. me book kiya upi se,25492,travel,upi,,
Game purchase INR 36229,36229,entertainment,cash,,
21855 rs. die library fee ke liye upi se,21855,education,upi,,
online amazon purchase se 36612 ka saman lya card se pay kiya,36612,shopping,card,,
Hotel booking INR 44508,44508,travel,upi,,
Gas bill payment INR 8207,8207,utilities,upi,,
23876 rupaye khrcha kya concert ticket pe card se,23876,entertainment,card,,
Stock purchase INR 23337,23337,investment,cash,,
Bike loan EMI INR 11969,11969,emi,cash,,
Exam fee INR 10277,10277,education,cash,,
Mutual fund SIP INR 22421,22421,investment,cash,,
library fee ki fees 3231 rs card se bharra,3231,education,card,,
Lunch at hotel INR 665,665,food,upi,,
aaj stock purchase me 20300 rupaiye lagaye upi se,20300,investment,upi,,
Pharmacy medicine purchase INR 2939,2939,healthcare,cash,,
college fees payment ka course 17156 rs. me lya card se pay kiya,17156,education,card,,
electricity bill payment ka bill 36402 rupaiye card se bhra,36402,utilities,card,,
28720 rs kharcha kia movie ticket booking pe cash se,28720,entertainment,cash,,
Bike loan EMI INR 31978,31978,emi,upi,,
online course subscription ka course 42488 rs me lya upi se pay kiya,42488,education,upi,,
hospital bill me 6723 rupye karcha hua cash se diyee,6723,healthcare,cash,,
bike loan emi EMI 4518 rs. kat gaye card se,4518,emi,card,,
aaj gas bill payment ka 10572 rs. ka bill upi se bharaa,10572,utilities,upi,,
flipkart order pe shopping kiyaa 17857 rupaye kharcha card se,17857,shopping,card,,
online amazon purchase se 657 ka saman lia upi se pay kiya,657,shopping,upi,,
Messy outlier tx UPIID123,five hundred,blabla,UPIID123,,
crypto investment me 12798 rs invest kiyaa upi se,12798,investment,upi,,
Medical test charges INR 341,341,healthcare,card,,
Food court payment INR 10105,10105,food,upi,,
Internet recharge INR 37709,37709,utilities,cash,,
pharmacy medicine purchase me 36308 rupye karcha hua upi se die,36308,healthcare,upi,,
Exam fee INR 12107,12107,education,cash,,
doctor ke yahan 37362 rs. laga cash se diye,37362,healthcare,cash,,
flight ticket booking ki ticket 46352 rupaye me book kia upi se,46352,travel,upi,,
Exam fee INR 27495,27495,education,card,,
home loan emi ki EMI 34357 rupye card se bhra,34357,emi,card,,
credit card emi EMI 34815 rupye kat gaye cash se,34815,emi,cash,,
27129 rupaye lagaa bus ticket me card se die,27129,travel,card,,
Pizza delivery INR 32289,32289,food,cash,,
Bike loan EMI INR 37949,37949,emi,cash,,
concert ticket dekha 40226 rs lagaa cash se die,40226,entertainment,cash,,
pharmacy medicine purchase me 30130 rupaiye karcha hua cash se diy,30130,healthcare,cash,,
PPF contribution INR 48357,48357,investment,upi,,
game purchase dekha 7467 rupye lgaa cash se diye,7467,entertainment,cash,,
car loan emi ki EMI 26970 rs card se bhara,26970,emi,card,,
movie ticket booking ka ticket 4350 rupaiye me lia cash se,4350,entertainment,cash,,
netflix subscription dekha 44429 rupye lga upi se diy,44429,entertainment,upi,,
Fixed deposit investment INR 23444,23444,investment,upi,,
Movie ticket booking INR 48704,48704,entertainment,cash,,
padhai ke liye college fees payment pe 37224 rupaiye kharchaa kya card se,37224,education,card,,
43647 rupye ppf contribution me daale card se,43647,investment,card,,
14129 rupaiye ka medical test charges bill aaya upi se pay kya,14129,healthcare,upi,,
Exam fee INR 22168,22168,education,cash,,
padhai ke liye library fee pe 31239 rs kharchaa kia card se,31239,education,card,,
game purchase ka ticket 27729 rupaye me lya upi se,27729,entertainment,upi,,
14079 rupaiye lgaa hotel booking me card se diye,14079,travel,card,,
Pharmacy medicine purchase INR 13162,13162,healthcare,card,,
clothing store bill se 16138 rupay ka shopping kiya cash se,16138,shopping,cash,,
24912 rupye ka internet recharge bill pay kiyaa cash se,24912,utilities,cash,,
Electricity bill payment INR 27726,27726,utilities,card,,
Amazon purchase INR 34227,34227,shopping,upi,,
Movie ticket booking INR 5692,5692,entertainment,card,,
pharmacy medicine purchase pe 23132 rs. kharchaa hui davai pe card se,23132,healthcare,card,,
Bus ticket INR 5083,5083,travel,card,,
Food court payment INR 15492,15492,food,upi,,
Mutual fund SIP INR 40608,40608,investment,upi,,
movie ticket booking dekha 32022 rs lagaa cash se die,32022,entertainment,cash,,
Lunch at hotel INR 21704,21704,food,cash,,
medical test charges pe 35145 rupaiye kharchaa hui davai pe cash se,35145,healthcare,cash,,
online online shopping payment se 40918 ka saman liya card se pay kiya,40918,shopping,card,,
Train ticket IRCTC INR 11010,11010,travel,card,,
Online course subscription INR 13517,13517,education,card,,
"zomato dinner pe 20957 ka bill tha, upi se pay kia",20957,food,upi,,
12798 rupay crypto investment me daale upi se,12798,investment,upi,,
Library fee INR 5239,5239,education,card,,
College fees payment INR 47394,47394,education,upi,,
Home loan EMI INR 47080,47080,emi,upi,,
padhai ke liye library fee pe 37727 rs. karcha kiya cash se,37727,education,cash,,
42542 rupaye ka medical test charges bill aaya card se pay kiya,42542,healthcare,card,,
Mutual fund SIP INR 15241,15241,investment,card,,
Pharmacy medicine purchase INR 47628,47628,healthcare,card,,
Cafe coffee INR 44420,44420,food,upi,,
doctor ke yahan 1935 rupye lgaa card se die,1935,healthcare,card,,
medical test charges pe 11044 rupye kharch hui davai pe card se,11044,healthcare,card,,
Pizza delivery INR 320,320,food,cash,,
9586 rupay ka credit card emi installment upi se diyee,9586,emi,upi,,
doctor consultation pe 27525 rupaye kharcha hui davai pe upi se,27525,healthcare,upi,,
34910 rupye karcha kia game purchase pe card se,34910,entertainment,card,,
3386 rs. kharch kya concert ticket pe card se,3386,entertainment,card,,
3588 rs. kharch kiyaa netflix subscription pe cash se,3588,entertainment,cash,,
car loan emi EMI 10851 rupaye kat gaye cash se,10851,emi,cash,,
online amazon purchase se 5975 ka saman liyaa cash se pay kia,5975,shopping,cash,,
Ola cab INR 9265,9265,travel,upi,,
water bill recharge kiya 30036 rupaye upi se,30036,utilities,upi,,
flipkart order pe shopping kia 38344 rupaiye kharchaa cash se,38344,shopping,cash,,
33841 rupaiye lgaa train ticket irctc me cash se die,33841,travel,cash,,
aaj swiggy order se khana order kiya 26610 rs. upi se diye,26610,food,upi,,
Online course subscription INR 34930,34930,education,card,,
Cafe coffee INR 40519,40519,food,card,,
stock purchase ka SIP 48524 rupaye cash se bhra,48524,investment,cash,,
Library fee INR 26177,26177,education,upi,,
43970 rupaiye ka water bill bill pay kiyaa cash se,43970,utilities,cash,,
aaj uber ride liya 26436 rupay upi se pay kiyaa,26436,travel,upi,,
Online shopping payment INR 19704,19704,shopping,cash,,
netflix subscription dekha 25226 rupaiye laga upi se die,25226,entertainment,upi,,
4399 rupye ka order diy online shopping payment pe cash se,4399,shopping,cash,,
18492 rs ka bike loan emi installment cash se die,18492,emi,cash,,
Movie ticket booking INR 1269,1269,entertainment,cash,,
!@#$%^&*(),NULL,shopping_err,paypal,,
Ola cab INR 17382,17382,travel,card,,
Fixed deposit investment INR 22439,22439,investment,upi,,
Lunch at hotel INR 7235,7235,food,cash,,
doctor ke yahan 45123 rs. lgaa card se diyee,45123,healthcare,card,,
Ola cab INR 14060,14060,travel,card,,
doctor ke yahan 10626 rupay lagaa cash se die,10626,healthcare,cash,,
13181 rupye ka water bill bill pay kiya cash se,13181,utilities,cash,,
loan ka credit card emi 36474 rupay card se pay kiya,36474,emi,card,,
Car loan EMI INR 12715,12715,emi,card,,
aaj pizza delivery se khana order kiyaa 44466 rupye card se die,44466,food,card,,
Amazon purchase INR 35268,35268,shopping,card,,
library fee ki fees 2408 rupay upi se bhra,2408,education,upi,,
ppf contribution ka SIP 19450 rs cash se bhra,19450,investment,cash,,
Train ticket IRCTC INR 42668,42668,travel,cash,,
credit card emi EMI 19345 rupye kat gaye cash se,19345,emi,cash,,
amazon purchase pe shopping kiyaa 5912 rupaiye kharcha upi se,5912,shopping,upi,,
doctor ke yahan 36823 rupay lga cash se diye,36823,healthcare,cash,,
gas bill payment recharge kiyaa 42032 rupaye upi se,42032,utilities,upi,,
padhai ke liye online course subscription pe 47751 rupaye kharcha kiyaa upi se,47751,education,upi,,
Lunch at hotel INR 40481,40481,food,upi,,
Stock purchase INR 26684,26684,investment,upi,,
Movie ticket booking INR 5635,5635,entertainment,cash,,
aaj pizza delivery se khana order kiyaa 35055 rs. card se diye,35055,food,card,,
Credit card EMI INR 6190,6190,emi,cash,,
Movie ticket booking INR 31281,31281,entertainment,card,,
Internet recharge INR 47524,47524,utilities,upi,,
padhai ke liye college fees payment pe 18034 rs. karcha kia cash se,18034,education,cash,,
concert ticket dekha 46703 rs. lagaa cash se diye,46703,entertainment,cash,,
Lunch at hotel INR 30962,30962,food,upi,,
loan ka credit card emi 23065 rupaye card se pay kiyaa,23065,emi,card,,
Car loan EMI INR 13612,13612,emi,upi,,
Amazon purchase INR 5912,5912,shopping,upi,,
42014 rupaiye khrcha kiya cafe coffee pe card se,42014,food,card,,
9436 rs ka medical test charges bill aaya upi se pay kya,9436,healthcare,upi,,
aaj ppf contribution me 7571 rupaye lagaye upi se,7571,investment,upi,,
credit card emi ki EMI 23295 rs cash se bhara,23295,emi,cash,,
Mutual fund SIP INR 31859,31859,investment,card,,
doctor ke yahan 26284 rs lgaa upi se diye,26284,healthcare,upi,,
online flipkart order se 47565 ka saman lya cash se pay kiya,47565,shopping,cash,,
Flight ticket booking INR 28093,28093,travel,upi,,
Flight ticket booking INR 22510,22510,travel,card,,
Netflix subscription INR 46344,46344,entertainment,cash,,
Medical test charges INR 5549,5549,healthcare,cash,,
45152 rs. diyee online course subscription ke liye cash se,45152,education,cash,,
flight ticket booking ki ticket 39259 rupaye me book kia cash se,39259,travel,cash,,
21146 rupaiye diye exam fee ke liye cash se,21146,education,cash,,
zomato dinner me 1440 rs ka khana khaaya cash se,1440,food,cash,,
PPF contribution INR 41321,41321,investment,card,,
mobile recharge recharge kia 10433 rs. cash se,10433,utilities,cash,,
Zomato dinner INR 17690,17690,food,card,,
32509 rupye lagaa train ticket irctc me cash se diye,32509,travel,cash,,
electronics shopping pe shopping kiyaa 14073 rupye kharcha upi se,14073,shopping,upi,,
loan ka credit card emi 3826 rupaiye cash se pay kiyaa,3826,emi,cash,,
Train ticket IRCTC INR 30212,30212,travel,upi,,
credit card emi EMI 2476 rs. kat gaye card se,2476,emi,card,,
37151 rs kharch kya game purchase pe cash se,37151,entertainment,cash,,
Flight ticket booking INR 1994,1994,travel,upi,,
hospital bill pe 7815 rupay khrcha hui davai pe cash se,7815,healthcare,cash,,
Restaurant bill INR 4477,4477,food,upi,,
exam fee ki fees 45692 rupaye upi se bhara,45692,education,upi,,
Car loan EMI INR 14345,14345,emi,cash,,
36230 rs. ka bike loan emi installment cash se die,36230,emi,cash,,
mobile recharge ka bill 9771 rupaiye card se bharaa,9771,utilities,card,,
crypto investment ka SIP 9497 rupye card se bhra,9497,investment,card,,
aaj mutual fund sip me 1555 rupaye lagaye card se,1555,investment,card,,
Credit card EMI INR 48715,48715,emi,card,,
Library fee INR 34375,34375,education,cash,,
aaj zomato dinner se khana order kiya 46010 rupay cash se diy,46010,food,cash,,
47953 rs diy library fee ke liye upi se,47953,education,upi,,
loan ka credit card emi 27644 rs cash se pay kiya,27644,emi,cash,,
21325 rupye kharchaa kya cafe coffee pe cash se,21325,food,cash,,
aaj water bill ka 19393 rupay ka bill upi se bhara,19393,utilities,upi,,
game purchase ka subscription 28091 rupay cash se renew kiyaa,28091,entertainment,cash,,
12234 rupay ka internet recharge bill pay kiyaa cash se,12234,utilities,cash,,
Water bill INR 4810,4810,utilities,upi,,
40748 rupay kharchaa kya zomato dinner pe card se,40748,food,card,,
33556 rupaye ka order die online shopping payment pe cash se,33556,shopping,cash,,
47029 rupaye diye online course subscription ke liye card se,47029,education,card,,
Online course subscription INR 45602,45602,education,card,,
2994 rupaiye ka hospital bill bill aaya upi se pay kya,2994,healthcare,upi,,
Hospital bill INR 531,531,healthcare,upi,,
Electronics shopping INR 8199,8199,shopping,cash,,
18853 rs. khrcha kya restaurant bill pe cash se,18853,food,cash,,
pharmacy medicine purchase pe 16673 rs kharcha hui davai pe card se,16673,healthcare,card,,
Fixed deposit investment INR 34213,34213,investment,card,,
Restaurant bill INR 40075,40075,food,cash,,
Ola cab INR 44562,44562,travel,upi,,
doctor ke yahan 32536 rs. lga upi se diy,32536,healthcare,upi,,
Flight ticket booking INR 14393,14393,travel,upi,,
amazon purchase pe shopping kiyaa 42949 rs kharch cash se,42949,shopping,cash,,
Pizza delivery INR 29088,29088,food,card,,
online course subscription ka course 46075 rupye me liyaa upi se pay kia,46075,education,upi,,
56 rupay ka order die amazon purchase pe card se,56,shopping,card,,
aaj gas bill payment ka 8452 rupay ka bill upi se bharaa,8452,utilities,upi,,
hospital bill pe 41550 rupaiye kharcha hui davai pe upi se,41550,healthcare,upi,,
doctor consultation me 30002 rs. kharch hua upi se diy,30002,healthcare,upi,,
internet recharge ka bill 13075 rs card se bharaa,13075,utilities,card,,
39667 rupye ka mobile recharge bill pay kya upi se,39667,utilities,upi,,
aaj flight ticket booking liya 28002 rs. card se pay kia,28002,travel,card,,
29353 rupaiye die exam fee ke liye card se,29353,education,card,,
doctor ke yahan 20103 rupaiye lagaa cash se die,20103,healthcare,cash,,
aaj pizza delivery se khana order kya 16364 rupay upi se diye,16364,food,upi,,
11759 rupaiye ka order die amazon purchase pe cash se,11759,shopping,cash,,
concert ticket ka ticket 25012 rupye me lya cash se,25012,entertainment,cash,,
Water bill INR 10855,10855,utilities,card,,
stock purchase me 17684 rupaiye invest kiyaa upi se,17684,investment,upi,,
37791 rupay crypto investment me daale card se,37791,investment,card,,
Electronics shopping INR 26135,26135,shopping,cash,,
Water bill INR 5946,5946,utilities,card,,
doctor ke yahan 30519 rs. lagaa upi se die,30519,healthcare,upi,,
21902 rupaye karcha kya concert ticket pe card se,21902,entertainment,card,,
Home loan EMI INR 47884,47884,emi,cash,,
8188 rupaye ka order die electronics shopping pe card se,8188,shopping,card,,
Car loan EMI INR 45076,45076,emi,card,,
Doctor consultation INR 6575,6575,healthcare,cash,,
Mobile recharge INR 40280,40280,utilities,card,,
mutual fund sip me 2466 rs. invest kya card se,2466,investment,card,,
movie ticket booking ka subscription 4563 rupye upi se renew kiya,4563,entertainment,upi,,
exam fee ka course 648 rupaiye me liyaa upi se pay kiyaa,648,education,upi,,
online course subscription ka course 4104 rupay me lya card se pay kiyaa,4104,education,card,,
30791 rupay kharcha kiya netflix subscription pe card se,30791,entertainment,card,,
Netflix subscription INR 12228,12228,entertainment,card,,
bus ticket ka kiraya 19385 rupay diyee card se,19385,travel,card,,
Flipkart order INR 13235,13235,shopping,upi,,
Amazon purchase INR 39970,39970,shopping,card,,
Medical test charges INR 17864,17864,healthcare,upi,,
44412 rupaiye ka doctor consultation bill aaya cash se pay kia,44412,healthcare,cash,,
Game purchase INR 11762,11762,entertainment,card,,
Library fee INR 34395,34395,education,card,,
food court payment me 48460 rs ka khana khaya card se,48460,food,card,,
mutual fund sip me 47470 rupaiye invest kya upi se,47470,investment,upi,,
Amazon purchase INR 23583,23583,shopping,upi,,
hotel booking ki ticket 1732 rupaiye me book kia cash se,1732,travel,cash,,
Swiggy order INR 39963,39963,food,cash,,
fixed deposit investment me 15181 rupay invest kya card se,15181,investment,card,,
Credit card EMI INR 45405,45405,emi,upi,,
28817 rupaiye khrcha kia cafe coffee pe card se,28817,food,card,,
padhai ke liye exam fee pe 24713 rupaye kharcha kiyaa upi se,24713,education,upi,,
41383 rupaiye ka doctor consultation bill aaya card se pay kya,41383,healthcare,card,,
Mobile recharge INR 23961,23961,utilities,upi,,
electricity bill payment ka bill 12393 rupaye cash se bhara,12393,utilities,cash,,
movie ticket booking ka ticket 19981 rupay me lia upi se,19981,entertainment,upi,,
clothing store bill se 8992 rupay ka shopping kya upi se,8992,shopping,upi,,
concert ticket ka subscription 32412 rupaye cash se renew kiyaa,32412,entertainment,cash,,
41153 rs. die college fees payment ke liye card se,41153,education,card,,
fixed deposit investment ka SIP 11632 rupaiye cash se bharra,11632,investment,cash,,
Ola cab INR 23303,23303,travel,card,,
"restaurant bill pe 22371 ka bill tha, card se pay kiya",22371,food,card,,
aaj pizza delivery se khana order kia 7638 rupay card se diy,7638,food,card,,
College fees payment INR 20870,20870,education,upi,,
Flight ticket booking INR 37674,37674,travel,cash,,
padhai ke liye exam fee pe 17051 rupaiye karcha kiya card se,17051,education,card,,
5960 rupay ppf contribution me daale cash se,5960,investment,cash,,
aaj train ticket irctc lia 2815 rs cash se pay kya,2815,travel,cash,,
Cafe coffee INR 33998,33998,food,card,,
Amazon purchase INR 3064,3064,shopping,card,,
14536 rs. ka bike loan emi installment upi se diyee,14536,emi,upi,,
14422 rs. stock purchase me daale upi se,14422,investment,upi,,
Doctor consultation INR 10626,10626,healthcare,cash,,
fixed deposit investment me 23059 rupaiye invest kiyaa upi se,23059,investment,upi,,
game purchase ka subscription 17331 rs. upi se renew kiya,17331,entertainment,upi,,
Amazon purchase INR 15058,15058,shopping,card,,
fixed deposit investment ka SIP 44672 rupye upi se bhra,44672,investment,upi,,
Electronics shopping INR 6135,6135,shopping,upi,,
Fixed deposit investment INR 16723,16723,investment,cash,,
Movie ticket booking INR 32022,32022,entertainment,cash,,
Cafe coffee INR 1881,1881,food,cash,,
12414 rupay kharch kiyaa movie ticket booking pe cash se,12414,entertainment,cash,,
Gas bill payment INR 23242,23242,utilities,upi,,
Crypto investment INR 14288,14288,investment,cash,,
mobile recharge recharge kiya 43127 rupaiye upi se,43127,utilities,upi,,
home loan emi ki EMI 26822 rupye upi se bharaa,26822,emi,upi,,
Medical test charges INR 809,809,healthcare,card,,
mobile recharge recharge kiya 39704 rupay card se,39704,utilities,card,,
College fees payment INR 14185,14185,education,upi,,
Car loan EMI INR 13123,13123,emi,card,,
online course subscription ka course 292 rs me lya upi se pay kya,292,education,upi,,
Doctor consultation INR 20527,20527,healthcare,card,,
concert ticket ka subscription 27529 rupaye cash se renew kiya,27529,entertainment,cash,,
Hotel booking INR 19334,19334,travel,card,,
Bus ticket INR 35240,35240,travel,cash,,
Lunch at hotel INR 47169,47169,food,cash,,
22433 rupye mutual fund sip me daale cash se,22433,investment,cash,,
Mutual fund SIP INR 49196,49196,investment,card,,
17517 rupaye stock purchase me daale cash se,17517,investment,cash,,
credit card emi ki EMI 45973 rs cash se bhra,45973,emi,cash,,
Concert ticket INR 41070,41070,entertainment,card,,
pizza delivery ka khana 9758 rupaiye me aaya upi se diy,9758,food,upi,,
Cafe coffee INR 9574,9574,food,upi,,
doctor consultation pe 38832 rs kharch hui davai pe cash se,38832,healthcare,cash,,
26659 rupye ka internet recharge bill pay kya upi se,26659,utilities,upi,,
Hospital bill INR 47206,47206,healthcare,card,,
food court payment ka khana 9157 rs. me aaya cash se diyee,9157,food,cash,,
pharmacy medicine purchase pe 32848 rupaiye kharchaa hui davai pe upi se,32848,healthcare,upi,,
bike loan emi EMI 6795 rs kat gaye card se,6795,emi,card,,
PPF contribution INR 38059,38059,investment,cash,,
Online shopping payment INR 7855,7855,shopping,card,,
stock purchase me 6612 rupaye invest kiyaa cash se,6612,investment,cash,,
car loan emi EMI 12427 rupaye kat gaye upi se,12427,emi,upi,,
Messy outlier tx unknown,"1,000",,paypal,,
padhai ke liye exam fee pe 45514 rs khrcha kiya cash se,45514,education,cash,,
Hospital bill INR 38882,38882,healthcare,card,,
Mobile recharge INR 38956,38956,utilities,upi,,
doctor ke yahan 47062 rupaye lgaa cash se die,47062,healthcare,cash,,
Stock purchase INR 18830,18830,investment,cash,,
Bike loan EMI INR 37318,37318,emi,cash,,
fixed deposit investment me 22197 rupye invest kia cash se,22197,investment,cash,,
Amazon purchase INR 2165,2165,shopping,upi,,
"zomato dinner pe 48582 ka bill tha, card se pay kiya",48582,food,card,,
concert ticket dekha 25502 rupaye laga cash se die,25502,entertainment,cash,,
aaj hotel booking liya 26251 rupye cash se pay kya,26251,travel,cash,,
Pharmacy medicine purchase INR 25881,25881,healthcare,upi,,
Home loan EMI INR 27547,27547,emi,upi,,
online course subscription ki fees 41556 rupaye card se bhara,41556,education,card,,
padhai ke liye exam fee pe 4038 rupaiye kharch kya upi se,4038,education,upi,,
pizza delivery ka khana 34934 rupye me aaya upi se diy,34934,food,upi,,
online course subscription ka course 6406 rs. me liya upi se pay kiyaa,6406,education,upi,,
Credit card EMI INR 20803,20803,emi,upi,,
23827 rupay ka electricity bill payment bill pay kya upi se,23827,utilities,upi,,
Ola cab INR 21245,21245,travel,card,,
aaj train ticket irctc lya 47562 rupaiye card se pay kya,47562,travel,card,,
fixed deposit investment ka SIP 22628 rs cash se bharaa,22628,investment,cash,,
Movie ticket booking INR 19748,19748,entertainment,card,,
Messy outlier tx ccard,99999999,1234,,,
16673 rupaye khrcha kya swiggy order pe cash se,16673,food,cash,,
Zomato dinner INR 34038,34038,food,cash,,
Uber ride INR 27001,27001,travel,cash,,
aaj ppf contribution me 25551 rs lagaye upi se,25551,investment,upi,,
Ola cab INR 40597,40597,travel,card,,
490 rs. ka doctor consultation bill aaya upi se pay kya,490,healthcare,upi,,
Medical test charges INR 5504,5504,healthcare,cash,,
College fees payment INR 6893,6893,education,upi,,
aaj mobile recharge ka 45540 rs ka bill card se bharaa,45540,utilities,card,,
uber ride ki ticket 36808 rupay me book kiya upi se,36808,travel,upi,,
aaj internet recharge ka 19406 rupaye ka bill upi se bharaa,19406,utilities,upi,,
13123 rupaye ka car loan emi installment card se diy,13123,emi,card,,
Clothing store bill INR 29712,29712,shopping,upi,,
gas bill payment ka bill 44568 rupaiye cash se bharra,44568,utilities,cash,,
concert ticket ka subscription 12623 rupay cash se renew kya,12623,entertainment,cash,,
Messy outlier tx csh,-100,,UPIID123,,
31170 rs kharch kia game purchase pe card se,31170,entertainment,card,,
aaj bus ticket liyaa 30094 rupaiye cash se pay kiya,30094,travel,cash,,
medical test charges me 2791 rupay kharch hua cash se diye,2791,healthcare,cash,,
aaj uber ride lya 6512 rs cash se pay kia,6512,travel,cash,,
college fees payment ka course 24508 rupaiye me lya card se pay kiyaa,24508,education,card,,
stock purchase ka SIP 3711 rs upi se bharaa,3711,investment,upi,,
Fixed deposit investment INR 30286,30286,investment,upi,,
16315 rs. ka order die amazon purchase pe cash se,16315,shopping,cash,,
aaj hotel booking liyaa 4503 rupye upi se pay kiya,4503,travel,upi,,
15431 rupaiye khrcha kiya food court payment pe cash se,15431,food,cash,,
doctor ke yahan 36085 rs lga card se diye,36085,healthcare,card,,
Train ticket IRCTC INR 47562,47562,travel,card,,
Hotel booking INR 38983,38983,travel,cash,,
bus ticket ka kiraya 8946 rupaye die cash se,8946,travel,cash,,
24670 rupye ka hospital bill bill aaya cash se pay kiyaa,24670,healthcare,cash,,
Zomato dinner INR 1174,1174,food,upi,,
Hospital bill INR 17171,17171,healthcare,cash,,
aaj internet recharge ka 31819 rs. ka bill card se bharaa,31819,utilities,card,,
19406 rupye ka internet recharge bill pay kiyaa upi se,19406,utilities,upi,,
48231 rs. laga hotel booking me card se diye,48231,travel,card,,
Pharmacy medicine purchase INR 33087,33087,healthcare,cash,,
28900 rs. ka pharmacy medicine purchase bill aaya upi se pay kiyaa,28900,healthcare,upi,,
crypto investment me 23581 rupay invest kiya upi se,23581,investment,upi,,
16345 rupaye ka personal loan installment installment card se diye,16345,emi,card,,
clothing store bill se 8037 rupaye ka shopping kya card se,8037,shopping,card,,
exam fee ki fees 29353 rs card se bharra,29353,education,card,,
Netflix subscription INR 47708,47708,entertainment,cash,,
Movie ticket booking INR 42493,42493,entertainment,cash,,
Doctor consultation INR 24999,24999,healthcare,card,,
Amazon purchase INR 36612,36612,shopping,card,,
Movie ticket booking INR 22657,22657,entertainment,cash,,
car loan emi EMI 22602 rupaiye kat gaye cash se,22602,emi,cash,,
41265 rs ka hospital bill bill aaya upi se pay kiya,41265,healthcare,upi,,
Fixed deposit investment INR 16435,16435,investment,cash,,
41075 rs. ka order diy amazon purchase pe card se,41075,shopping,card,,
Doctor consultation INR 41822,41822,healthcare,card,,
20563 rupaye khrcha kiyaa game purchase pe card se,20563,entertainment,card,,
online flipkart order se 17650 ka saman lya cash se pay kya,17650,shopping,cash,,
aaj crypto investment me 26870 rupay lagaye cash se,26870,investment,cash,,
aaj stock purchase me 16414 rupye lagaye card se,16414,investment,card,,
Swiggy order INR 42215,42215,food,card,,
ppf contribution me 31847 rs invest kya card se,31847,investment,card,,
flight ticket booking ka kiraya 37373 rupye diye cash se,37373,travel,cash,,
netflix subscription dekha 39854 rs lga upi se diy,39854,entertainment,upi,,
movie ticket booking ka subscription 32046 rupay upi se renew kiyaa,32046,entertainment,upi,,
aaj ola cab lia 3722 rs. card se pay kiya,3722,travel,card,,
Internet recharge INR 7317,7317,utilities,cash,,
aaj swiggy order se khana order kia 2383 rupay upi se diye,2383,food,upi,,
Doctor consultation INR 35305,35305,healthcare,upi,,
"pizza delivery pe 32289 ka bill tha, cash se pay kia",32289,food,cash,,
36085 rupay ka medical test charges bill aaya card se pay kia,36085,healthcare,card,,
doctor ke yahan 23864 rupay lagaa upi se diye,23864,healthcare,upi,,
Online course subscription INR 47029,47029,education,card,,
30249 rs. diyee online course subscription ke liye upi se,30249,education,upi,,
Netflix subscription INR 10584,10584,entertainment,cash,,
mobile recharge ka bill 36585 rupaiye cash se bharaa,36585,utilities,cash,,
food court payment me 42246 rupaiye ka khana khaaya cash se,42246,food,cash,,
ola cab ki ticket 20016 rs me book kiya card se,20016,travel,card,,
19435 rupaiye ka home loan emi installment upi se diye,19435,emi,upi,,
40549 rupay lagaa flight ticket booking me card se diy,40549,travel,card,,
Hospital bill INR 25266,25266,healthcare,card,,
10833 rupaiye kharchaa kiya movie ticket booking pe upi se,10833,entertainment,upi,,
1592 rupaiye ka gas bill payment bill pay kya upi se,1592,utilities,upi,,
5495 rs khrcha kiyaa concert ticket pe upi se,5495,entertainment,upi,,
Medical test charges INR 28137,28137,healthcare,card,,
30393 rupaye khrcha kiyaa restaurant bill pe upi se,30393,food,upi,,
aaj train ticket irctc lia 39236 rs. card se pay kiya,39236,travel,card,,
3614 rs ka bike loan emi installment upi se die,3614,emi,upi,,
Train ticket IRCTC INR 39236,39236,travel,card,,
Clothing store bill INR 31942,31942,shopping,upi,,
!@#$%^&*(),"1,000",misc,,NULL,
36899 rupaye lagaa flight ticket booking me upi se diy,36899,travel,upi,,
Amazon purchase INR 19536,19536,shopping,card,,
aaj swiggy order se khana order kia 37748 rupaye cash se diy,37748,food,cash,,
water bill recharge kia 46770 rs cash se,46770,utilities,cash,,
uber ride ka kiraya 30084 rupaiye diy upi se,30084,travel,upi,,
Home loan EMI INR 26332,26332,emi,card,,
College fees payment INR 5304,5304,education,card,,
car loan emi ki EMI 42031 rs. card se bharra,42031,emi,card,,
aaj flight ticket booking liyaa 28093 rupay upi se pay kiya,28093,travel,upi,,
game purchase ka subscription 17930 rupaye upi se renew kiyaa,17930,entertainment,upi,,
Online course subscription INR 24644,24644,education,card,,
College fees payment INR 21790,21790,education,upi,,
Exam fee INR 36392,36392,education,upi,,
36229 rupye ka medical test charges bill aaya card se pay kya,36229,healthcare,card,,
personal loan installment EMI 21333 rs. kat gaye card se,21333,emi,card,,
Online course subscription INR 45388,45388,education,cash,,
Flight ticket booking INR 36310,36310,travel,upi,,
Clothing store bill INR 27495,27495,shopping,card,,
college fees payment ka course 5598 rs me lia upi se pay kiyaa,5598,education,upi,,
Bike loan EMI INR 34807,34807,emi,card,,
fixed deposit investment me 10951 rupaye invest kya cash se,10951,investment,cash,,
netflix subscription dekha 34348 rs lga upi se diyee,34348,entertainment,upi,,
home loan emi ki EMI 39993 rupaiye card se bharra,39993,emi,card,,
31838 rs ka home loan emi installment upi se diyee,31838,emi,upi,,
Exam fee INR 35222,35222,education,card,,
gas bill payment recharge kya 29721 rupaiye card se,29721,utilities,card,,
35016 rupye diye college fees payment ke liye cash se,35016,education,cash,,
Exam fee INR 42598,42598,education,cash,,
Flight ticket booking INR 8151,8151,travel,cash,,
<script>alert('xss')</script>,"1,000",misc,unknown,123,
Bus ticket INR 31284,31284,travel,upi,,
Concert ticket INR 40182,40182,entertainment,cash,,
concert ticket ka subscription 18555 rs. upi se renew kia,18555,entertainment,upi,,
Food court payment INR 24526,24526,food,card,,
16723 rupaiye fixed deposit investment me daale cash se,16723,investment,cash,,
Electronics shopping INR 3904,3904,shopping,cash,,
ola cab ka kiraya 15297 rupaiye diyee card se,15297,travel,card,,
college fees payment ki fees 37010 rs card se bhara,37010,education,card,,
Movie ticket booking INR 26761,26761,entertainment,upi,,
aaj flight ticket booking liya 48051 rupay cash se pay kia,48051,travel,cash,,
loan ka bike loan emi 3432 rupay card se pay kia,3432,emi,card,,
"cafe coffee pe 6901 ka bill tha, upi se pay kia",6901,food,upi,,
restaurant bill me 35113 rs ka khana khaaya upi se,35113,food,upi,,
aaj cafe coffee se khana order kiyaa 3363 rupay cash se diy,3363,food,cash,,
38840 rupay ka hospital bill bill aaya upi se pay kia,38840,healthcare,upi,,
fixed deposit investment me 48800 rupaye invest kiyaa upi se,48800,investment,upi,,
online electronics shopping se 37790 ka saman liya cash se pay kia,37790,shopping,cash,,
Exam fee INR 30358,30358,education,upi,,
personal loan installment EMI 21065 rupaye kat gaye card se,21065,emi,card,,
Gas bill payment INR 29173,29173,utilities,upi,,
Online course subscription INR 24156,24156,education,upi,,
36845 rupaye kharcha kiyaa concert ticket pe cash se,36845,entertainment,cash,,
aaj crypto investment me 47518 rupye lagaye upi se,47518,investment,upi,,
18298 rs lgaa bus ticket me cash se diyee,18298,travel,cash,,
restaurant bill ka khana 8995 rs. me aaya upi se diye,8995,food,upi,,
aaj swiggy order se khana order kiya 19996 rupye cash se diye,19996,food,cash,,
Flipkart order INR 35282,35282,shopping,cash,,
Fixed deposit investment INR 41013,41013,investment,card,,
Hotel booking INR 26251,26251,travel,cash,,
aaj fixed deposit investment me 48989 rs lagaye card se,48989,investment,card,,
Personal loan installment INR 13640,13640,emi,upi,,
hotel booking ka kiraya 6088 rs diye upi se,6088,travel,upi,,
college fees payment ki fees 46746 rs upi se bhara,46746,education,upi,,
Game purchase INR 26863,26863,entertainment,card,,
Swiggy order INR 35335,35335,food,cash,,
Bike loan EMI INR 46244,46244,emi,upi,,
netflix subscription ka ticket 2120 rupaiye me liya upi se,2120,entertainment,upi,,
14330 rupye kharchaa kiya pizza delivery pe upi se,14330,food,upi,,
32848 rs. ka pharmacy medicine purchase bill aaya upi se pay kiyaa,32848,healthcare,upi,,
Library fee INR 1181,1181,education,cash,,
47400 rs. khrcha kya game purchase pe cash se,47400,entertainment,cash,,
doctor ke yahan 11970 rupay laga cash se diy,11970,healthcare,cash,,
hotel booking ki ticket 26129 rupaiye me book kya cash se,26129,travel,cash,,
personal loan installment ki EMI 32859 rs. upi se bharra,32859,emi,upi,,
Ola cab INR 45095,45095,travel,upi,,
aaj water bill ka 18748 rs ka bill card se bharaa,18748,utilities,card,,
Pharmacy medicine purchase INR 37571,37571,healthcare,card,,
Cafe coffee INR 6536,6536,food,upi,,
Flipkart order INR 47565,47565,shopping,cash,,
27734 rupye ka pharmacy medicine purchase bill aaya card se pay kiya,27734,healthcare,card,,
personal loan installment ki EMI 17985 rs cash se bhra,17985,emi,cash,,
home loan emi EMI 40156 rs. kat gaye cash se,40156,emi,cash,,
Credit card EMI INR 41944,41944,emi,cash,,
bike loan emi ki EMI 7023 rupye card se bhara,7023,emi,card,,
loan ka bike loan emi 32305 rupay card se pay kiyaa,32305,emi,card,,
Water bill INR 1341,1341,utilities,card,,
college fees payment ki fees 23364 rs. card se bharra,23364,education,card,,
Movie ticket booking INR 24850,24850,entertainment,cash,,
Library fee INR 1080,1080,education,cash,,
<script>alert('xss')</script>,0,1234,paypal,NULL,
14092 rupye ka medical test charges bill aaya card se pay kiya,14092,healthcare,card,,
19838 rupye ka order diyee clothing store bill pe cash se,19838,shopping,cash,,
fixed deposit investment me 31918 rupaye invest kia card se,31918,investment,card,,
6374 rupaiye kharcha kia lunch at hotel pe cash se,6374,food,cash,,
uber ride ki ticket 27895 rupaye me book kiya cash se,27895,travel,cash,,
Electronics shopping INR 42995,42995,shopping,cash,,
pharmacy medicine purchase pe 18082 rs. kharcha hui davai pe card se,18082,healthcare,card,,
library fee ki fees 2836 rs. cash se bharra,2836,education,cash,,
Online shopping payment INR 6755,6755,shopping,upi,,
PPF contribution INR 37391,37391,investment,upi,,
electronics shopping se 18744 rupay ka shopping kya upi se,18744,shopping,upi,,
Library fee INR 34441,34441,education,upi,,
online flipkart order se 153 ka saman lya cash se pay kiyaa,153,shopping,cash,,
aaj water bill ka 20587 rs ka bill upi se bhara,20587,utilities,upi,,
exam fee ka course 24276 rupye me liya upi se pay kiya,24276,education,upi,,
6247 rupye lgaa hotel booking me card se die,6247,travel,card,,
padhai ke liye library fee pe 26177 rupaiye kharch kia upi se,26177,education,upi,,
pizza delivery me 2321 rupaiye ka khana khaaya card se,2321,food,card,,
Hotel booking INR 12738,12738,travel,cash,,
movie ticket booking ka subscription 37582 rupye cash se renew kiyaa,37582,entertainment,cash,,
hotel booking ka kiraya 14079 rupaiye diye card se,14079,travel,card,,
Medical test charges INR 9760,9760,healthcare,upi,,
Swiggy order INR 33829,33829,food,card,,
Bus ticket INR 42641,42641,travel,cash,,
restaurant bill me 12642 rupye ka khana khaya upi se,12642,food,upi,,
Online course subscription INR 37189,37189,education,upi,,
college fees payment ki fees 34110 rupye cash se bhara,34110,education,cash,,
amazon purchase pe shopping kya 47700 rupaiye kharcha card se,47700,shopping,card,,
fixed deposit investment me 41013 rs invest kia card se,41013,investment,card,,
hospital bill me 19353 rs. kharcha hua cash se die,19353,healthcare,cash,,
Swiggy order INR 34868,34868,food,cash,,
PPF contribution INR 37239,37239,investment,upi,,
Mobile recharge INR 8638,8638,utilities,card,,
lunch at hotel ka khana 731 rupaye me aaya upi se diye,731,food,upi,,
8151 rs lga flight ticket booking me cash se die,8151,travel,cash,,
bus ticket ka kiraya 42227 rupay die card se,42227,travel,card,,
swiggy order me 5550 rupye ka khana khayaa upi se,5550,food,upi,,
3910 rupay ka doctor consultation bill aaya upi se pay kiya,3910,healthcare,upi,,
game purchase ka ticket 36190 rs. me lia cash se,36190,entertainment,cash,,
Train ticket IRCTC INR 14613,14613,travel,cash,,
8989 rupaiye kharcha kia game purchase pe cash se,8989,entertainment,cash,,
Gas bill payment INR 27142,27142,utilities,upi,,
"pizza delivery pe 37591 ka bill tha, card se pay kiyaa",37591,food,card,,
college fees payment ka course 39451 rupaiye me lya upi se pay kiya,39451,education,upi,,
Hospital bill INR 38840,38840,healthcare,upi,,
online electronics shopping se 9760 ka saman lya upi se pay kiyaa,9760,shopping,upi,,
Concert ticket INR 34216,34216,entertainment,card,,
1181 rupye die library fee ke liye cash se,1181,education,cash,,
1830 rupaye ka water bill bill pay kiyaa upi se,1830,utilities,upi,,
Online course subscription INR 13560,13560,education,card,,
bike loan emi EMI 19041 rupay kat gaye upi se,19041,emi,upi,,
Bus ticket INR 15189,15189,travel,card,,
pharmacy medicine purchase pe 17139 rupaiye karcha hui davai pe upi se,17139,healthcare,upi,,
bike loan emi ki EMI 16102 rupaye upi se bhra,16102,emi,upi,,
Personal loan installment INR 44553,44553,emi,upi,,
food court payment ka khana 35302 rupye me aaya card se diye,35302,food,card,,
40591 rupay ka hospital bill bill aaya cash se pay kiyaa,40591,healthcare,cash,,
Gas bill payment INR 41025,41025,utilities,card,,
doctor ke yahan 34388 rupye lagaa upi se die,34388,healthcare,upi,,
swiggy order ka khana 26068 rupaiye me aaya upi se diy,26068,food,upi,,
Water bill INR 38750,38750,utilities,cash,,
Concert ticket INR 25205,25205,entertainment,upi,,
Home loan EMI INR 14104,14104,emi,card,,
8513 rs ka home loan emi installment upi se diy,8513,emi,upi,,
Fixed deposit investment INR 14958,14958,investment,upi,,
internet recharge ka bill 4728 rs. cash se bharaa,4728,utilities,cash,,
17739 rs. ka doctor consultation bill aaya card se pay kiyaa,17739,healthcare,card,,
Doctor consultation INR 7314,7314,healthcare,cash,,
Flipkart order INR 9631,9631,shopping,card,,
Ola cab INR 33948,33948,travel,cash,,
Ola cab INR 24808,24808,travel,card,,
doctor ke yahan 9903 rupye laga cash se diy,9903,healthcare,cash,,
38765 rs lgaa train ticket irctc me card se die,38765,travel,card,,
amazon purchase pe shopping kiya 20376 rupay khrcha cash se,20376,shopping,cash,,
water bill recharge kia 25661 rs cash se,25661,utilities,cash,,
Concert ticket INR 2475,2475,entertainment,upi,,
Pharmacy medicine purchase INR 3749,3749,healthcare,cash,,
game purchase dekha 37665 rupay lga card se diye,37665,entertainment,card,,
Online shopping payment INR 37726,37726,shopping,cash,,
Crypto investment INR 27821,27821,investment,cash,,
2553 rupye kharchaa kiyaa netflix subscription pe cash se,2553,entertainment,cash,,
electricity bill payment ka bill 35153 rupaiye cash se bharaa,35153,utilities,cash,,
9831 rupay ka pharmacy medicine purchase bill aaya upi se pay kiyaa,9831,healthcare,upi,,
Medical test charges INR 46909,46909,healthcare,card,,
College fees payment INR 12663,12663,education,cash,,
Mobile recharge INR 45540,45540,utilities,card,,
amazon purchase se 46209 rupaiye ka shopping kiyaa upi se,46209,shopping,upi,,
Electronics shopping INR 20461,20461,shopping,card,,
Doctor consultation INR 26468,26468,healthcare,card,,
47455 rupaiye kharchaa kiyaa movie ticket booking pe cash se,47455,entertainment,cash,,
Electronics shopping INR 26936,26936,shopping,upi,,
Medical test charges INR 21734,21734,healthcare,cash,,
Concert ticket INR 21902,21902,entertainment,card,,
Mobile recharge INR 31109,31109,utilities,upi,,
Fixed deposit investment INR 27591,27591,investment,upi,,
35154 rs ka mobile recharge bill pay kia cash se,35154,utilities,cash,,
Home loan EMI INR 33876,33876,emi,upi,,
Pharmacy medicine purchase INR 9530,9530,healthcare,card,,
Electricity bill payment INR 24131,24131,utilities,cash,,
mobile recharge ka bill 34190 rs upi se bharra,34190,utilities,upi,,
Mutual fund SIP INR 44781,44781,investment,cash,,
Flipkart order INR 19032,19032,shopping,cash,,
ppf contribution ka SIP 32069 rupaiye cash se bhara,32069,investment,cash,,
online electronics shopping se 49527 ka saman lya upi se pay kiyaa,49527,shopping,upi,,
Concert ticket INR 8460,8460,entertainment,card,,
aaj uber ride liyaa 9064 rupay upi se pay kiyaa,9064,travel,upi,,
game purchase dekha 33337 rs. lga upi se diye,33337,entertainment,upi,,
food court payment me 2044 rs ka khana khaaya upi se,2044,food,upi,,
Concert ticket INR 3026,3026,entertainment,upi,,
Internet recharge INR 44519,44519,utilities,upi,,
Train ticket IRCTC INR 502,502,travel,cash,,
"zomato dinner pe 9827 ka bill tha, card se pay kia",9827,food,card,,
32585 rupaiye kharcha kya concert ticket pe cash se,32585,entertainment,cash,,
library fee ki fees 1457 rupay card se bhara,1457,education,card,,
Flight ticket booking INR 39259,39259,travel,cash,,
Zomato dinner INR 34306,34306,food,cash,,
aaj mutual fund sip me 29091 rupaye lagaye cash se,29091,investment,cash,,
credit card emi EMI 6190 rupaye kat gaye cash se,6190,emi,cash,,
Game purchase INR 32168,32168,entertainment,upi,,
16473 rupaiye ka order diy amazon purchase pe upi se,16473,shopping,upi,,
Swiggy order INR 26068,26068,food,upi,,
Library fee INR 36738,36738,education,upi,,
Internet recharge INR 46052,46052,utilities,upi,,
hospital bill me 20418 rupaiye kharch hua card se die,20418,healthcare,card,,
Medical test charges INR 23773,23773,healthcare,upi,,
Water bill INR 1942,1942,utilities,upi,,
Home loan EMI INR 35972,35972,emi,cash,,
27132 rupye kharcha kiya game purchase pe upi se,27132,entertainment,upi,,
aaj ola cab lia 2014 rupye upi se pay kiyaa,2014,travel,upi,,
"zomato dinner pe 38521 ka bill tha, cash se pay kiyaa",38521,food,cash,,
aaj crypto investment me 1449 rupaye lagaye upi se,1449,investment,upi,,
flight ticket booking ka kiraya 14765 rupye die cash se,14765,travel,cash,,
22185 rs. ka gas bill payment bill pay kya upi se,22185,utilities,upi,,
Medical test charges INR 15644,15644,healthcare,cash,,
35322 rs ka medical test charges bill aaya cash se pay kiya,35322,healthcare,cash,,
34331 rupaye ka personal loan installment installment cash se die,34331,emi,cash,,
Netflix subscription INR 2918,2918,entertainment,cash,,
hospital bill me 29857 rupay kharcha hua card se diy,29857,healthcare,card,,
aaj restaurant bill se khana order kiyaa 7262 rs card se diy,7262,food,card,,
aaj ppf contribution me 15679 rupaye lagaye card se,15679,investment,card,,
loan ka bike loan emi 39704 rupaye card se pay kia,39704,emi,card,,
Electricity bill payment INR 3362,3362,utilities,cash,,
Lunch at hotel INR 48079,48079,food,upi,,
8583 rs ka car loan emi installment upi se diyee,8583,emi,upi,,
Hospital bill INR 47506,47506,healthcare,upi,,
fixed deposit investment me 12113 rupye invest kya cash se,12113,investment,cash,,
aaj restaurant bill se khana order kiyaa 23947 rupaye upi se die,23947,food,upi,,
Library fee INR 13420,13420,education,card,,
Mobile recharge INR 373,373,utilities,card,,
Medical test charges INR 16013,16013,healthcare,card,,
college fees payment ki fees 21888 rupye cash se bhra,21888,education,cash,,
College fees payment INR 21240,21240,education,cash,,
doctor consultation me 39735 rs karcha hua upi se die,39735,healthcare,upi,,
Credit card EMI INR 40124,40124,emi,upi,,
aaj pizza delivery se khana order kya 12385 rupaiye cash se diye,12385,food,cash,,
fixed deposit investment me 24427 rupye invest kya cash se,24427,investment,cash,,
clothing store bill se 11027 rupaiye ka shopping kia upi se,11027,shopping,upi,,
32378 rupye fixed deposit investment me daale card se,32378,investment,card,,
netflix subscription dekha 8296 rupay laga upi se diy,8296,entertainment,upi,,
Water bill INR 19085,19085,utilities,card,,
train ticket irctc ka kiraya 28930 rupaiye diyee upi se,28930,travel,upi,,
Flipkart order INR 33517,33517,shopping,card,,
stock purchase ka SIP 5176 rs. card se bharra,5176,investment,card,,
Messy outlier tx csh,NULL,unknown,paypal,,
game purchase ka ticket 12111 rs. me lya upi se,12111,entertainment,upi,,
game purchase dekha 14802 rupye lagaa cash se diy,14802,entertainment,cash,,
college fees payment ka course 18293 rs. me liyaa upi se pay kiyaa,18293,education,upi,,
Restaurant bill INR 12642,12642,food,upi,,
Bus ticket INR 46686,46686,travel,cash,,
Food court payment INR 21484,21484,food,cash,,
47414 rs. mutual fund sip me daale upi se,47414,investment,upi,,
movie ticket booking ka subscription 21125 rs. card se renew kiyaa,21125,entertainment,card,,
flipkart order pe shopping kiya 34462 rupay kharcha card se,34462,shopping,card,,
Movie ticket booking INR 6257,6257,entertainment,card,,
16475 rupaye crypto investment me daale upi se,16475,investment,upi,,
Amazon purchase INR 31085,31085,shopping,card,,
Movie ticket booking INR 43948,43948,entertainment,cash,,
concert ticket dekha 49889 rs lagaa cash se die,49889,entertainment,cash,,
10971 rupaye ka electricity bill payment bill pay kiya upi se,10971,utilities,upi,,
Mutual fund SIP INR 9312,9312,investment,card,,
Library fee INR 44237,44237,education,card,,
Internet recharge INR 46285,46285,utilities,upi,,
exam fee ka course 2661 rupye me lia card se pay kiyaa,2661,education,card,,
credit card emi ki EMI 12312 rupye card se bhra,12312,emi,card,,
Mutual fund SIP INR 17643,17643,investment,upi,,
Mobile recharge INR 24584,24584,utilities,card,,
Bus ticket INR 34213,34213,travel,cash,,
45012 rs. ka credit card emi installment card se diy,45012,emi,card,,
42394 rs. laga hotel booking me upi se diy,42394,travel,upi,,
online course subscription ka course 9216 rupaye me liyaa cash se pay kya,9216,education,cash,,
medical test charges pe 24364 rupaiye kharchaa hui davai pe cash se,24364,healthcare,cash,,
28791 rs. kharchaa kia zomato dinner pe cash se,28791,food,cash,,
gas bill payment ka bill 43967 rs. card se bharaa,43967,utilities,card,,
Lunch at hotel INR 29509,29509,food,card,,
pizza delivery me 16368 rupaye ka khana khya upi se,16368,food,upi,,
"zomato dinner pe 27436 ka bill tha, card se pay kiya",27436,food,card,,
swiggy order me 2600 rs ka khana khayaa cash se,2600,food,cash,,
Hotel booking INR 47891,47891,travel,card,,
credit card emi EMI 45623 rs kat gaye cash se,45623,emi,cash,,
4209 rupay ka mobile recharge bill pay kya upi se,4209,utilities,upi,,
Messy outlier tx csh,99999999,unknown,csh,,
Clothing store bill INR 24204,24204,shopping,upi,,
Netflix subscription INR 433,433,entertainment,upi,,
swiggy order ka khana 48947 rupye me aaya cash se diye,48947,food,cash,,
pharmacy medicine purchase pe 3619 rs kharcha hui davai pe cash se,3619,healthcare,cash,,
40557 rupaye ka home loan emi installment cash se diy,40557,emi,cash,,
Stock purchase INR 43998,43998,investment,cash,,
Restaurant bill INR 28939,28939,food,cash,,
44114 rs. ka order die clothing store bill pe card se,44114,shopping,card,,
Mobile recharge INR 25910,25910,utilities,card,,
pharmacy medicine purchase pe 5417 rs. karcha hui davai pe card se,5417,healthcare,card,,
medical test charges pe 49649 rupye khrcha hui davai pe cash se,49649,healthcare,cash,,
aaj fixed deposit investment me 13375 rs. lagaye upi se,13375,investment,upi,,
28066 rupye khrcha kya restaurant bill pe upi se,28066,food,upi,,
College fees payment INR 14761,14761,education,card,,
"zomato dinner pe 21532 ka bill tha, upi se pay kiyaa",21532,food,upi,,
Mobile recharge INR 12822,12822,utilities,upi,,
swiggy order me 31440 rupye ka khana khaya cash se,31440,food,cash,,
17579 rs die college fees payment ke liye card se,17579,education,card,,
padhai ke liye library fee pe 37277 rupaye kharchaa kiyaa upi se,37277,education,upi,,
Personal loan installment INR 38044,38044,emi,card,,
Online shopping payment INR 802,802,shopping,cash,,
online course subscription ka course 5603 rs me liya cash se pay kiya,5603,education,cash,,
Electronics shopping INR 15287,15287,shopping,cash,,
Bike loan EMI INR 27690,27690,emi,card,,
online shopping payment pe shopping kiyaa 30238 rs kharchaa card se,30238,shopping,card,,
24022 rs kharcha kiya movie ticket booking pe card se,24022,entertainment,card,,
Stock purchase INR 33039,33039,investment,card,,
Exam fee INR 28032,28032,education,cash,,
online amazon purchase se 35268 ka saman lia card se pay kya,35268,shopping,card,,
Exam fee INR 49707,49707,education,card,,
14216 rs. ka doctor consultation bill aaya card se pay kiyaa,14216,healthcare,card,,
41127 rs. ka mobile recharge bill pay kya upi se,41127,utilities,upi,,
home loan emi EMI 15607 rupye kat gaye card se,15607,emi,card,,
Bike loan EMI INR 43129,43129,emi,cash,,
hotel booking ka kiraya 47374 rupaye diyee upi se,47374,travel,upi,,
Gas bill payment INR 34487,34487,utilities,upi,,
aaj restaurant bill se khana order kiyaa 19109 rupaiye card se diye,19109,food,card,,
doctor ke yahan 33325 rs laga cash se diy,33325,healthcare,cash,,
online course subscription ka course 29793 rs. me lya cash se pay kya,29793,education,cash,,
Credit card EMI INR 6773,6773,emi,card,,
stock purchase ka SIP 16414 rupaye card se bhara,16414,investment,card,,
Mobile recharge INR 11935,11935,utilities,cash,,
online electronics shopping se 7526 ka saman liyaa upi se pay kiyaa,7526,shopping,upi,,
ppf contribution ka SIP 37391 rs upi se bharaa,37391,investment,upi,,
Gas bill payment INR 22185,22185,utilities,upi,,
electricity bill payment recharge kiya 30172 rupaiye upi se,30172,utilities,upi,,
aaj train ticket irctc lya 6217 rupye card se pay kia,6217,travel,card,,
Online course subscription INR 21063,21063,education,upi,,
Uber ride INR 25799,25799,travel,upi,,
NaN,,misc,paypal,,
Bike loan EMI INR 3311,3311,emi,upi,,
4922 rs. ka order diyee amazon purchase pe upi se,4922,shopping,upi,,
17051 rupay die exam fee ke liye card se,17051,education,card,,
Medical test charges INR 27689,27689,healthcare,card,,
doctor consultation pe 6575 rs kharchaa hui davai pe cash se,6575,healthcare,cash,,
loan ka car loan emi 42024 rupye upi se pay kya,42024,emi,upi,,
Personal loan installment INR 20381,20381,emi,cash,,
library fee ki fees 41229 rupaiye card se bhara,41229,education,card,,
personal loan installment ki EMI 8065 rupay upi se bhara,8065,emi,upi,,
Bike loan EMI INR 5700,5700,emi,card,,
Medical test charges INR 17702,17702,healthcare,cash,,
Bus ticket INR 47664,47664,travel,cash,,
18726 rs fixed deposit investment me daale cash se,18726,investment,cash,,
382 rs ka bike loan emi installment cash se die,382,emi,cash,,
17920 rs ka personal loan installment installment cash se diy,17920,emi,cash,,
Medical test charges INR 1407,1407,healthcare,cash,,
Gas bill payment INR 27255,27255,utilities,upi,,
doctor consultation pe 28207 rupaye kharchaa hui davai pe upi se,28207,healthcare,upi,,
Credit card EMI INR 9929,9929,emi,upi,,
library fee ka course 11688 rupay me liyaa upi se pay kiyaa,11688,education,upi,,
16440 rupay ka doctor consultation bill aaya upi se pay kya,16440,healthcare,upi,,
20640 rs. ppf contribution me daale cash se,20640,investment,cash,,
bus ticket ka kiraya 7272 rs diyee upi se,7272,travel,upi,,
train ticket irctc ka kiraya 29993 rupye die upi se,29993,travel,upi,,
Doctor consultation INR 7624,7624,healthcare,card,,
14090 rupaiye ka order diye electronics shopping pe card se,14090,shopping,card,,
flight ticket booking ka kiraya 26691 rs die card se,26691,travel,card,,
Bike loan EMI INR 7023,7023,emi,card,,
ppf contribution me 15367 rupye invest kiyaa upi se,15367,investment,upi,,
hospital bill pe 28638 rs khrcha hui davai pe upi se,28638,healthcare,upi,,
movie ticket booking dekha 46815 rs. laga upi se diyee,46815,entertainment,upi,,
